customer_id,offer_id,zone_id,rfm_segment,cost,expected_value,value_30d,later_value,value_sd,incremental_trips,trips_peak,trips_offpeak,trips_weekend,points,relief_value
00048e5e44eee1c4,free_trip,5,Occasional,0.5975,10.354,8.2851,1.8448,2.0727,1.1322,0.4482,0.4802,0.2038,0,0.2241
003463ae3b6b838b,free_trip,0,Dormant,0.5156,10.2608,8.2139,1.813,1.5728,1.5155,0.4678,0.6783,0.3694,0,0.2339
003b2264f8557623,free_trip,4,Dormant,1.1129,13.3537,10.5548,2.4232,1.7398,2.0257,0.7513,0.8999,0.3744,0,0.3757
003bfba33b8ab6e2,free_trip,1,At risk,0.9478,10.663,8.4561,1.9531,2.3792,0.9604,0.5076,0.2491,0.2038,0,0.2538
0070bb44b1e51aee,spend_10,5,Occasional,0.3653,0.5229,0.3533,0.1492,0.5812,0.1876,0.0407,0.0,0.1469,0,0.0204
007d90f76559770a,free_trip,1,Dormant,0.542,10.5199,8.3896,1.8549,1.6969,1.5506,0.5507,0.6276,0.3723,0,0.2753
008bb35426524862,free_trip,4,Dormant,0.5292,10.4502,8.3428,1.8426,1.4802,1.5403,0.5297,0.6835,0.3272,0,0.2648
009074d52481f46e,free_trip,1,Dormant,0.5422,10.6242,8.4897,1.8758,1.0655,1.568,0.5173,0.6535,0.3973,0,0.2586
00aa9c75fc697bdc,free_trip,5,Dormant,0.5697,11.1015,8.8571,1.9578,1.0859,1.6366,0.5732,0.7247,0.3386,0,0.2866
00ad22acc3c598c6,free_trip,2,Dormant,0.5481,10.6651,8.5099,1.8812,1.0944,1.5726,0.548,0.6585,0.366,0,0.274
00b35695b92aaf92,free_trip,5,Dormant,0.5508,10.8369,8.6625,1.9135,1.9317,1.5995,0.5219,0.7032,0.3745,0,0.2609
00b53ec4a0fa492a,spend_10,0,Champions,2.5666,7.7612,5.9024,1.7589,6.207,1.2411,0.2,0.0,1.0412,0,0.1
00c09ad37c6f94bf,spend_10,2,Champions,0.9027,3.5434,2.526,0.7121,6.6877,0.6122,0.6106,0.0,0.0016,0,0.3053
00c98477c78843ce,free_trip,1,Occasional,0.9857,16.823,13.5755,3.0241,3.0689,1.3037,0.4467,0.5557,0.3013,0,0.2234
00d5be7fbacc1390,free_trip,2,Dormant,0.5277,10.4114,8.3052,1.8344,1.6239,1.5335,0.5434,0.6196,0.3704,0,0.2717
00d914d27f7ae066,free_trip,5,Dormant,0.5611,10.8938,8.7036,1.9241,1.6092,1.6085,0.5323,0.6292,0.447,0,0.2661
00e071d8bfcc83e7,free_trip,4,Dormant,0.6811,12.314,9.8365,2.1843,1.7895,1.826,0.5863,0.8535,0.3862,0,0.2932
00f151f8718d6012,free_trip,5,Dormant,0.5938,11.3955,9.0813,2.0093,1.4022,1.6797,0.6097,0.7156,0.3544,0,0.3049
01001414b78770aa,free_trip,4,Dormant,0.5906,10.8176,8.6374,1.9165,2.2395,1.6021,0.5274,0.7052,0.3695,0,0.2637
010c0788ddfb3ad9,free_trip,4,Dormant,0.5357,10.503,8.3832,1.8523,1.0024,1.5484,0.5349,0.5935,0.4201,0,0.2674
012386e7683b312b,spend_10,4,Champions,1.6797,1.2699,0.722,0.4988,4.2209,0.2785,0.0983,0.0,0.1803,0,0.0491
012d807857fb6ed3,free_trip,5,Dormant,0.5504,10.8615,8.6739,1.9157,1.6488,1.6014,0.5437,0.7012,0.3565,0,0.2719
0148d25f38242a1d,free_trip,5,Dormant,0.5619,10.2435,8.1725,1.814,1.252,1.5164,0.5141,0.6387,0.3636,0,0.257
014d5e41b27de6f6,free_trip,1,Dormant,0.4971,9.923,7.9281,1.7498,1.7379,1.4627,0.4901,0.5916,0.381,0,0.2451
0153867005f1da0b,spend_10,4,Loyal,2.3483,1.5196,0.8136,0.6567,2.4903,0.3872,0.0986,0.0,0.2886,0,0.0493
0164ee66b514d660,spend_10,4,Champions,2.4128,1.7732,1.0279,0.7146,2.0002,0.6147,0.0615,0.0,0.5531,0,0.0308
0180f7aec601f0ed,spend_10,1,Loyal,2.4832,2.0284,1.2167,0.7684,2.3154,0.8114,0.0866,0.0,0.7248,0,0.0433
01940a7a07356a75,free_trip,4,Dormant,0.6147,11.6239,9.2985,2.0588,1.9416,1.721,0.5333,0.8353,0.3525,0,0.2666
01a24cd282f411e9,free_trip,1,Occasional,1.1245,13.3452,10.6495,2.4453,1.1522,1.6052,0.501,0.7694,0.3348,0,0.2505
01a3b21c0944ee7b,free_trip,1,Dormant,0.4957,9.923,7.8992,1.7435,2.7033,1.4575,0.5605,0.5285,0.3684,0,0.2803
01bf463520dde50a,spend_10,0,Champions,1.6304,4.7635,3.5854,1.0832,3.0742,0.9615,0.1896,0.0,0.7719,0,0.0948
01ca434a84154a38,free_trip,2,Occasional,0.7718,12.1919,9.7742,2.1902,3.2714,0.986,0.4549,0.3895,0.1417,0,0.2274
01d52f2fbe0ad833,free_trip,3,At risk,1.0111,11.1062,8.8155,2.0408,0.9184,1.5009,0.4997,0.6594,0.3418,0,0.2498
01fc01b163797e73,spend_10,5,Champions,1.2259,1.0373,0.5721,0.3734,6.4244,0.1937,0.1836,0.0,0.0101,0,0.0918
02128e6fbd835f0a,spend_10,5,Champions,2.5662,6.2666,4.6993,1.5089,3.454,0.8828,0.1168,0.0,0.766,0,0.0584
0221d2d0687cb42f,spend_10,1,Champions,1.529,2.0079,1.331,0.594,4.4457,0.3813,0.1658,0.0,0.2156,0,0.0829
02273b22c1ccbff1,spend_10,5,Champions,1.5373,1.5527,0.9654,0.5198,3.4068,0.3637,0.1352,0.0,0.2286,0,0.0676
022b574d0d9dd344,free_trip,4,Dormant,0.5279,10.3657,8.292,1.8318,2.0073,1.5312,0.4838,0.6882,0.3592,0,0.2419
023d868745f6ec04,free_trip,4,Dormant,1.1767,12.0407,9.4801,2.2132,1.4915,1.8501,0.6946,0.754,0.4015,0,0.3473
02531ae50a3dd935,free_trip,3,At risk,0.8916,12.9694,10.3239,2.3293,2.416,1.9388,0.6324,0.9046,0.4019,0,0.3162
025ae3e3999f9af2,free_trip,2,Dormant,0.5496,10.5785,8.4439,1.8678,1.552,1.5614,0.5335,0.6748,0.3531,0,0.2667
0268e93f01e136ed,spend_10,2,Occasional,0.4739,0.4995,0.3067,0.1621,0.7765,0.1164,0.0613,0.0,0.0551,0,0.0306
02b4b1281ea581c8,free_trip,4,Dormant,0.5779,11.0784,8.836,1.9551,2.332,1.6344,0.5745,0.6937,0.3661,0,0.2872
02c4613e3d2f528f,free_trip,4,Dormant,0.6571,10.2742,8.192,1.8378,1.7858,1.5363,0.4888,0.6611,0.3863,0,0.2444
02d1a270620ed26c,free_trip,4,Dormant,0.505,10.1043,8.0785,1.7826,1.2903,1.4902,0.4865,0.6698,0.3339,0,0.2432
030794653fc5af4b,free_trip,2,Dormant,0.818,13.4854,10.7053,2.3932,2.0737,2.0006,0.7737,0.8078,0.419,0,0.3869
0308a6e5d1002f29,free_trip,2,Dormant,0.5199,10.2429,8.1703,1.8048,1.5351,1.5087,0.5355,0.5965,0.3767,0,0.2677
03185b9c65e01bdb,spend_10,3,Champions,1.9301,3.21,2.2783,0.874,6.676,0.3819,0.1153,0.0,0.2666,0,0.0577
031b5792b39b72b5,free_trip,1,Dormant,0.5952,11.4485,9.1417,2.0222,1.9956,1.6904,0.5694,0.7506,0.3705,0,0.2847
0336a26c2e37b0ae,free_trip,4,Dormant,0.651,12.0843,9.6278,2.1347,1.5539,1.7845,0.6435,0.7583,0.3827,0,0.3217
03460d24c88fbd66,spend_10,4,Champions,2.1795,4.8253,3.5759,1.1953,4.4543,0.8559,0.1081,0.0,0.7477,0,0.0541
03519f0862a7045d,free_trip,2,Dormant,0.5609,10.8902,8.6916,1.9216,1.5413,1.6063,0.554,0.7064,0.346,0,0.277
03558b6006015f77,free_trip,2,Dormant,0.5697,10.892,8.6836,1.9218,2.9079,1.6065,0.5733,0.6709,0.3622,0,0.2867
036bcb62c8987990,rush_hour_25,1,Occasional,2.2466,1.1642,0.3468,0.5386,1.4138,0.3782,0.5577,-0.1668,-0.0127,0,0.2788
0373e59364c5e64c,free_trip,2,Dormant,0.4918,9.9508,7.9388,1.7509,2.1523,1.4636,0.5222,0.4883,0.4531,0,0.2611
0380070bce0b499d,free_trip,2,Dormant,0.6095,11.585,9.2673,2.0512,1.5716,1.7147,0.5331,0.7555,0.4261,0,0.2666
038066c5d17165c0,weekend_20,4,Champions,11.6819,5.5136,2.5272,2.951,4.3632,2.2367,0.0707,-0.3101,2.4761,0,0.0353
0385c2859c8909cb,free_trip,0,Dormant,0.5335,10.4603,8.372,1.8495,1.3396,1.5461,0.4776,0.7092,0.3592,0,0.2388
03971cc84d4d0b75,free_trip,4,Dormant,0.7004,11.0666,8.8406,1.9815,0.9052,1.6564,0.4889,0.8068,0.3607,0,0.2445
03afaaa7a8a4dba0,spend_10,1,Champions,0.8975,1.3503,0.8568,0.3643,3.8502,0.1042,0.2583,0.0,-0.1542,0,0.1292
03c2e0fbdec5f86b,free_trip,0,Dormant,0.5048,10.0721,8.0636,1.7795,1.0754,1.4876,0.4579,0.6423,0.3873,0,0.229
03c32488352d4160,spend_10,4,Champions,1.3931,5.4894,4.2507,1.1721,9.2763,0.4703,0.1332,0.0,0.3371,0,0.0666
03ceb26dc3cd4135,free_trip,1,Dormant,0.5043,10.0983,8.0267,1.7718,1.8372,1.4811,0.5997,0.4872,0.3942,0,0.2998
03d99936680d3bbe,offpeak_15,0,Loyal,4.9305,2.7088,1.4132,1.3175,3.4745,0.7541,-0.0437,0.8248,-0.0269,0,-0.0218
0412b9ad3a3b863b,free_trip,4,Dormant,0.577,11.2203,8.9514,1.9789,1.3555,1.6542,0.58,0.7159,0.3583,0,0.29
042867f9c3a96b7d,free_trip,2,At risk,0.64,13.1181,10.5634,2.3268,2.6011,1.4396,0.4559,0.6435,0.3401,0,0.2279
044d642875f3a35b,spend_10,5,Champions,1.5668,0.8326,0.2768,0.3829,2.7953,0.4587,0.3458,0.0,0.1129,0,0.1729
0452bcee39e0e51d,spend_10,4,Champions,1.0122,29.4586,24.0842,5.2121,16.4835,2.1162,0.3246,0.0,1.7916,0,0.1623
0455ba2fcbc12f37,spend_10,4,Champions,2.802,2.5476,1.5951,0.9132,3.1142,0.6519,0.0788,0.0,0.5731,0,0.0394
046c078c51e66261,free_trip,1,Dormant,0.6269,11.7376,9.3888,2.0801,1.7582,1.7388,0.5373,0.8263,0.3752,0,0.2687
046d335d66baddee,free_trip,4,Dormant,1.3281,12.39,9.7931,2.3097,2.7719,1.9308,0.5743,0.9134,0.4431,0,0.2872
046dbe7d7a82d1c7,offpeak_15,0,Champions,23.335,14.4552,8.0134,6.5106,8.5855,4.5052,-0.1374,4.7537,-0.111,0,-0.0687
049524e73a2d523c,offpeak_15,4,Champions,21.6297,16.4246,9.8528,6.5384,26.4469,5.1991,0.0667,5.6612,-0.5289,0,0.0334
04a0536d66e097ec,weekend_20,0,At risk,1.3556,0.9094,0.5389,0.3935,1.5842,0.1393,-0.046,-0.0504,0.2357,0,-0.023
04a0f74e4652f4d2,free_trip,4,At risk,0.7198,10.5583,8.3575,1.8852,2.5732,1.11,0.6311,0.3216,0.1573,0,0.3155
04b144c6499619b5,spend_10,0,Champions,0.6632,1.5825,1.0535,0.3565,5.184,0.481,0.345,0.0,0.136,0,0.1725
04c9c28c1b34dff7,free_trip,0,Dormant,0.5699,10.8274,8.6365,1.912,1.8426,1.5983,0.5578,0.6858,0.3547,0,0.2789
04d34c0fc9d684ea,free_trip,1,Dormant,0.4971,9.9215,7.9246,1.7491,1.24,1.4621,0.4955,0.63,0.3365,0,0.2478
04e593704d394dbd,free_trip,3,Dormant,0.5317,10.4506,8.3643,1.8475,1.2603,1.5444,0.4776,0.7092,0.3576,0,0.2388
04eff22317902752,spend_10,1,Champions,2.0315,1.0236,0.453,0.516,2.2859,0.2249,0.1092,0.0,0.1157,0,0.0546
04f534ce357120e9,free_trip,4,Dormant,0.5314,10.5304,8.4226,1.8596,1.3978,1.5545,0.4965,0.6988,0.3592,0,0.2482
04f6adbc0a91cbab,free_trip,2,Dormant,0.5573,10.6458,8.4999,1.881,2.0117,1.5724,0.5299,0.6594,0.3832,0,0.2649
052a96070bb8bc86,free_trip,4,Dormant,0.5574,10.9179,8.7078,1.9242,1.3051,1.6085,0.5719,0.67,0.3666,0,0.286
053d4c67b1ccad5e,free_trip,3,Dormant,0.57,10.6593,8.5118,1.8861,1.543,1.5767,0.5228,0.6969,0.3571,0,0.2614
055cf8a18a685b27,free_trip,1,Dormant,0.4914,9.9696,7.9119,1.7452,2.045,1.4589,0.6251,0.4405,0.3933,0,0.3125
0564eefa3e843526,spend_10,5,Champions,1.76,7.9449,6.2345,1.6603,4.0352,1.014,0.1001,0.0,0.9139,0,0.0501
05674b4029faa688,free_trip,2,At risk,0.5938,15.9462,12.9455,2.8119,5.3026,1.3965,0.3776,0.6547,0.3642,0,0.1888
05982c851f638693,offpeak_15,1,Champions,23.8071,12.2288,6.0791,6.2069,13.5263,4.987,-0.1143,5.8927,-0.7914,0,-0.0572
05984a1414ae1c2e,free_trip,2,Dormant,0.6435,11.8283,9.4469,2.0956,1.2212,1.7518,0.5717,0.7661,0.4139,0,0.2859
05a31df96f71d217,free_trip,2,At risk,0.7402,11.4629,9.1171,2.0472,2.4878,1.2749,0.5971,0.4264,0.2513,0,0.2986
05a4c61feaa4df66,free_trip,1,Dormant,0.4998,10.0337,8.0093,1.7672,1.3567,1.4773,0.5144,0.6036,0.3592,0,0.2572
05a7e9fe8ba09788,free_trip,5,At risk,0.7212,13.39,10.8025,2.3933,2.5274,1.2917,0.3883,0.5477,0.3557,0,0.1941
05baa4dbe705d565,spend_10,5,Loyal,2.8563,1.7147,0.8776,0.7755,1.6895,0.6021,0.1233,0.0,0.4788,0,0.0617
05c20ca9c24c72db,free_trip,1,Dormant,0.5965,11.3305,9.0588,2.0052,2.7318,1.6763,0.5328,0.797,0.3465,0,0.2664
05cbb177046ad4b5,spend_10,3,Champions,1.4295,4.2301,3.1611,0.9534,2.2527,1.0627,0.231,0.0,0.8316,0,0.1155
05d01fa36ca9fb97,free_trip,4,Dormant,0.5827,11.2473,8.9936,1.9888,1.6781,1.6626,0.5295,0.7618,0.3712,0,0.2648
05edd05535eb6fcc,free_trip,2,Dormant,0.5011,10.0785,8.0029,1.7661,2.6239,1.4764,0.6188,0.4939,0.3637,0,0.3094
05fb6e6a249ae545,free_trip,4,Occasional,0.6155,10.2276,8.224,1.8358,2.37,0.8728,0.3354,0.3753,0.1621,0,0.1677
0626f2c59e7ce6e7,spend_10,1,Loyal,2.3401,1.6666,0.9391,0.681,2.0085,0.7627,0.0929,0.0,0.6698,0,0.0465
062fb2c6cf82aad0,spend_10,0,Champions,1.9784,2.6463,1.8158,0.788,1.4626,0.7306,0.085,0.0,0.6457,0,0.0425
0630c27c8c03ecfe,spend_10,5,Loyal,2.7761,3.9005,2.7137,1.1402,2.6242,0.6598,0.0932,0.0,0.5667,0,0.0466
0632fd9c6fac3cc0,free_trip,2,Dormant,0.5026,10.1064,8.0842,1.7834,1.5427,1.4908,0.4776,0.6646,0.3486,0,0.2388
06345cc41a0a7755,weekend_20,4,Champions,15.0205,8.5409,4.2887,4.0102,9.2427,3.4383,0.484,-0.6204,3.5747,0,0.242
064bd59d3e55f093,free_trip,3,Dormant,0.5516,10.6423,8.4858,1.8769,0.769,1.569,0.5592,0.645,0.3649,0,0.2796
064bd9d60f76bb8e,free_trip,4,Dormant,0.4932,9.9161,7.9354,1.7505,1.307,1.4633,0.4606,0.6417,0.3611,0,0.2303
065f87539aaa6b80,free_trip,0,Occasional,0.7843,15.9696,12.8955,2.8411,2.776,1.2661,0.466,0.5254,0.2746,0,0.233
065fc4fc89325236,free_trip,3,Dormant,0.6816,12.2769,9.8,2.1768,1.8724,1.8197,0.6002,0.8286,0.3909,0,0.3001
0660922adcd0b514,free_trip,0,Dormant,0.5262,10.3215,8.2583,1.8244,1.94,1.5251,0.4776,0.6882,0.3592,0,0.2388
066d8dc73d06dda1,free_trip,3,Dormant,0.7387,12.8304,10.2502,2.2822,1.6225,1.9078,0.596,0.9025,0.4094,0,0.298
067618bc9830af2c,free_trip,4,Dormant,0.5482,10.786,8.6123,1.9025,0.9836,1.5904,0.5425,0.6595,0.3884,0,0.2712
0678edd8ad48fa89,free_trip,5,Dormant,0.5164,10.2068,8.1572,1.8014,2.0036,1.5058,0.4965,0.6833,0.3261,0,0.2482
067df32087a4b269,free_trip,3,Dormant,0.5317,10.4974,8.4051,1.856,2.2673,1.5515,0.4724,0.661,0.4181,0,0.2362
067eeaef2d89d1c8,free_trip,4,Dormant,0.5285,10.548,8.4019,1.8547,0.6885,1.5504,0.5828,0.614,0.3536,0,0.2914
069019953606f733,free_trip,3,Dormant,0.5341,10.4215,8.3192,1.8387,1.3123,1.537,0.5274,0.6565,0.3531,0,0.2637
0691dbc2f677ee79,spend_10,0,Champions,2.323,3.8812,2.7781,1.0594,3.197,0.9264,0.0874,0.0,0.839,0,0.0437
069aaa43812174f4,free_trip,0,Dormant,0.5068,10.0831,8.0564,1.7785,1.5832,1.4867,0.4965,0.6631,0.3272,0,0.2482
06ae3e62d28be3f4,spend_10,5,Champions,1.7462,2.6379,1.8632,0.7496,2.5385,0.6319,0.0502,0.0,0.5817,0,0.0251
06bcae338f3374f2,free_trip,0,Dormant,0.5221,10.3997,8.3085,1.834,1.3146,1.5331,0.5144,0.6595,0.3592,0,0.2572
06bfbfd9abaa0621,free_trip,3,At risk,0.9953,14.4207,11.5153,2.5982,2.1863,1.4864,0.6142,0.5633,0.3088,0,0.3071
06c39784017b9534,free_trip,1,Dormant,0.55,10.62,8.4672,1.8727,1.3315,1.5655,0.5602,0.6392,0.366,0,0.2801
06c706c9430ae879,free_trip,2,Dormant,0.5149,10.2881,8.1661,1.8029,1.878,1.5071,0.6381,0.467,0.402,0,0.319
06c7248f100f0d8e,free_trip,2,Dormant,0.5409,10.6947,8.5419,1.8864,1.2744,1.5769,0.5328,0.6365,0.4077,0,0.2664
06de063fd4b23716,spend_10,0,Champions,1.508,0.847,0.3701,0.3901,2.4385,0.3589,0.1737,0.0,0.1851,0,0.0869
06e45c43bca6dc86,spend_10,3,Loyal,3.9469,2.4902,1.348,1.0997,2.7187,0.5911,0.0852,0.0,0.5059,0,0.0426
06f54febebd8eb16,free_trip,1,Dormant,0.501,9.9949,7.9844,1.7623,1.4565,1.4732,0.4965,0.6495,0.3272,0,0.2482
07168cbcb7762997,spend_10,5,Champions,2.1476,2.3157,1.5262,0.763,1.6831,0.6616,0.053,0.0,0.6086,0,0.0265
0716cfd635a1898e,free_trip,1,Dormant,0.5033,10.0913,8.063,1.7791,1.296,1.4872,0.4983,0.6563,0.3326,0,0.2492
071ada7d6ae28398,weekend_20,5,Dormant,0.6958,0.5946,0.3759,0.2226,0.4039,0.1861,-0.0076,-0.0102,0.2039,0,-0.0038
07218d67d331e941,free_trip,1,Dormant,0.5618,10.9208,8.7112,1.9259,0.9179,1.6099,0.5675,0.6748,0.3675,0,0.2838
07222fa9ce404620,free_trip,4,Dormant,0.5532,10.7941,8.6134,1.9038,1.6092,1.5914,0.5538,0.6844,0.3531,0,0.2769
072fc615bec582ed,free_trip,2,At risk,0.7253,10.8401,8.6078,1.9383,2.7197,1.2836,0.5878,0.4455,0.2503,0,0.2939
07368938e00149c5,free_trip,2,Dormant,0.5483,10.7477,8.5785,1.8955,0.9963,1.5845,0.5474,0.6201,0.4169,0,0.2737
073ca9373ec2bcc0,free_trip,4,Dormant,1.1805,10.1351,7.9753,1.9015,2.0481,1.5895,0.5166,0.7126,0.3603,0,0.2583
073d692b6b83a4ce,free_trip,5,Dormant,0.6164,11.7163,9.3365,2.0671,1.3194,1.7279,0.6254,0.7207,0.3818,0,0.3127
0751898641ea78c6,weekend_20,5,Occasional,1.9588,1.2966,0.7603,0.5647,1.1509,0.1364,-0.0569,-0.1061,0.2993,0,-0.0284
075682b48c00fb1b,spend_10,1,Champions,2.4637,2.0144,1.1902,0.7589,2.0151,0.6771,0.1307,0.0,0.5464,0,0.0653
07643cd46e1969e9,free_trip,1,At risk,0.8489,17.1379,13.8338,3.0494,3.2605,1.5082,0.5094,0.6313,0.3675,0,0.2547
077ac2f76bfeea65,free_trip,3,Occasional,0.7295,12.1922,9.7643,2.1794,1.7683,1.2284,0.4971,0.5205,0.2109,0,0.2486
07a3c9b61cbceec5,free_trip,2,Dormant,0.5061,10.1582,8.105,1.7884,1.0048,1.495,0.5297,0.6497,0.3156,0,0.2648
07a8ca6748701e99,free_trip,4,Dormant,0.5403,10.7177,8.5462,1.8871,2.1539,1.5775,0.5686,0.6235,0.3853,0,0.2843
07c79e6693eee4b9,weekend_20,3,Loyal,2.0695,1.2876,0.7425,0.584,1.5149,0.3281,-0.0779,-0.0302,0.4361,0,-0.0389
07ddb21ea62ecc34,free_trip,0,At risk,0.8088,18.9421,15.3694,3.36,4.6802,1.242,0.4255,0.5644,0.252,0,0.2127
07e8c2ccf772a629,spend_10,5,Champions,1.3542,8.3547,6.5983,1.6516,4.5707,1.3429,0.2096,0.0,1.1334,0,0.1048
07e94e483c39e5c8,free_trip,0,Dormant,0.696,12.4086,9.9073,2.2021,2.1458,1.8408,0.5984,0.8581,0.3844,0,0.2992
07ea675a1a192839,weekend_20,0,At risk,0.939,0.6526,0.3952,0.2771,0.9601,0.1686,-0.0392,-0.0427,0.2506,0,-0.0196
07eec2232ccb1ec2,free_trip,0,Occasional,1.3811,11.2148,8.8168,2.1179,3.1931,1.1006,0.56,0.3422,0.1983,0,0.28
08182f4f24ea1ca6,offpeak_15,5,Champions,15.0268,6.5405,2.9893,3.7417,6.7807,2.1233,-0.3811,2.6323,-0.1279,0,-0.1905
081ae846b3cc33b2,offpeak_15,1,Champions,11.6134,8.2956,4.9032,3.4302,7.2777,1.7957,-0.0758,1.9429,-0.0714,0,-0.0379
0844ef68d060bd30,free_trip,5,Occasional,0.7671,12.52,10.0495,2.2464,4.3442,1.0045,0.448,0.4185,0.138,0,0.224
08460475d3fcb191,free_trip,4,Dormant,0.6212,11.5818,9.2823,2.0568,1.4007,1.7194,0.4854,0.8381,0.3959,0,0.2427
084f9caabed0cec8,free_trip,4,At risk,0.5279,10.2648,8.2803,1.8293,2.3947,1.1542,0.3105,0.4996,0.3441,0,0.1552
086fad5e891a5088,weekend_20,4,Loyal,3.7652,1.664,0.7389,0.9354,1.7699,0.5111,-0.0206,-0.0726,0.6044,0,-0.0103
0877e2429e3f16f4,free_trip,0,Dormant,0.5145,10.0618,8.034,1.7754,1.8708,1.4841,0.5049,0.5789,0.4003,0,0.2524
087d265665a090a1,spend_10,4,Champions,1.3153,9.127,7.221,1.7729,4.3778,1.2755,0.2663,0.0,1.0091,0,0.1332
08a9a980a51a8e43,spend_10,0,Champions,1.9209,2.5759,1.6285,0.7372,2.3815,0.4857,0.4206,0.0,0.0651,0,0.2103
08b16f8758876a59,spend_10,2,Occasional,1.3477,1.4907,0.9961,0.4868,1.2709,0.2591,0.0156,0.0,0.2435,0,0.0078
08d27096148c3962,free_trip,3,Dormant,0.4984,10.0026,7.9894,1.7628,1.0835,1.4736,0.5009,0.6571,0.3156,0,0.2504
08da3c2ba97cf538,offpeak_15,4,Loyal,2.9693,1.5882,0.8233,0.7877,2.3943,0.606,-0.0457,0.7152,-0.0635,0,-0.0229
08daff86ff4c9f89,free_trip,3,Dormant,0.6354,11.7112,9.3286,2.0694,1.7915,1.7299,0.6263,0.7229,0.3807,0,0.3132
08dd36815bb993ad,free_trip,5,Dormant,0.4992,9.8718,7.8828,1.7408,2.1471,1.4552,0.4965,0.6303,0.3284,0,0.2482
08e76a51684323eb,free_trip,0,Dormant,0.5417,10.5187,8.4017,1.8574,1.0507,1.5527,0.5192,0.6743,0.3592,0,0.2596
08efe1951ca335f9,free_trip,1,Dormant,0.5398,10.6154,8.4716,1.8715,0.8798,1.5645,0.5447,0.6606,0.3592,0,0.2723
09091e38225a34c6,free_trip,5,At risk,0.8448,10.6819,8.5239,1.9457,1.8573,1.2979,0.4247,0.5719,0.3013,0,0.2124
0911993150829895,spend_10,0,Champions,1.3493,2.6517,1.8952,0.6738,4.8131,0.3897,0.1654,0.0,0.2243,0,0.0827
0911a2fa3b4a85b7,free_trip,5,Dormant,0.5546,10.8276,8.6442,1.9104,0.682,1.597,0.5461,0.6984,0.3525,0,0.273
0918eab69663eea4,spend_10,0,Champions,0.9592,1.2351,0.801,0.3656,3.144,0.3869,0.1371,0.0,0.2498,0,0.0685
09194f641b740a6b,free_trip,5,Dormant,0.5808,11.1624,8.9345,1.9762,1.7401,1.652,0.5036,0.7864,0.362,0,0.2518
09266216a3e0b8e2,free_trip,3,Dormant,0.5073,10.0896,8.0562,1.7785,1.541,1.4867,0.5099,0.6497,0.3272,0,0.2549
0947f6579ca1a146,free_trip,2,Dormant,0.5877,11.2787,8.9759,1.9862,1.2958,1.6603,0.6333,0.6362,0.3909,0,0.3166
0948451b5c5343be,free_trip,0,Dormant,0.5042,9.9917,7.9812,1.7623,1.536,1.4732,0.4965,0.6495,0.3272,0,0.2482
09571b7dd854dcdf,free_trip,2,Dormant,0.566,11.0368,8.8172,1.9488,2.3908,1.629,0.5415,0.7318,0.3558,0,0.2707
097c7e74ba8c9b1a,spend_10,5,Champions,1.9071,5.4383,4.1261,1.253,2.8982,0.8058,0.1185,0.0,0.6873,0,0.0592
097eca4b90e7f296,spend_10,0,Champions,1.7596,3.8841,2.8524,0.9578,2.2234,0.9611,0.1478,0.0,0.8133,0,0.0739
098691c758101e39,spend_10,2,Champions,0.8668,5.6583,4.335,1.0803,7.7924,0.7166,0.4859,0.0,0.2308,0,0.2429
09913198adf01a52,free_trip,0,Dormant,0.5602,10.9132,8.725,1.9284,2.2637,1.612,0.5196,0.7351,0.3573,0,0.2598
099410e82a8a5831,spend_10,0,Champions,2.2957,2.6905,1.6801,0.8257,4.775,0.4103,0.3694,0.0,0.0409,0,0.1847
09a9f56211dcd0a2,spend_10,2,Loyal,2.9753,2.8843,1.8133,0.9945,1.5384,0.7535,0.153,0.0,0.6006,0,0.0765
09cbd22d26e3e410,free_trip,4,At risk,1.5018,18.2061,14.545,3.3327,4.1604,1.9031,0.657,0.8335,0.4126,0,0.3285
09da74a489b0a63e,free_trip,5,Dormant,0.5196,10.2534,8.1741,1.8055,0.9839,1.5093,0.5475,0.5912,0.3706,0,0.2738
09f3e915d8d05c1d,spend_10,3,Champions,1.7522,1.0507,0.5283,0.4736,4.88,0.2208,0.0976,0.0,0.1232,0,0.0488
0a1216da62adcb14,spend_10,2,Loyal,2.4374,1.1605,0.5035,0.6108,2.0897,0.6025,0.0925,0.0,0.5099,0,0.0463
0a1e43d5ad553d93,free_trip,4,Dormant,0.5175,10.2925,8.2304,1.8168,1.4071,1.5187,0.4906,0.6689,0.3592,0,0.2453
0a229ab46b569b68,free_trip,3,At risk,0.9693,14.5969,11.7126,2.6338,1.698,1.5278,0.5011,0.7181,0.3086,0,0.2505
0a2e2a66deddced9,rush_hour_25,2,Occasional,3.3725,2.2875,1.061,0.9208,2.4896,0.4896,0.6114,-0.1023,-0.0194,0,0.3057
0a4579f828eee519,free_trip,0,Dormant,0.5841,11.3536,9.0349,1.9977,1.6631,1.67,0.6419,0.6588,0.3692,0,0.321
0a4b4b28b0d5d200,free_trip,4,Dormant,0.5587,10.0836,8.0247,1.7826,1.449,1.4902,0.5525,0.6054,0.3323,0,0.2762
0a4b985014caa0ad,free_trip,5,Dormant,0.4927,9.8856,7.9162,1.7464,1.2702,1.4599,0.4459,0.6324,0.3815,0,0.223
0a802d937d8929f6,free_trip,3,At risk,0.619,13.5045,10.8539,2.3827,2.4462,1.387,0.5357,0.5551,0.2962,0,0.2679
0a85f405e878800a,free_trip,5,At risk,0.8241,15.1487,12.1965,2.7042,2.0602,1.4381,0.496,0.6615,0.2806,0,0.248
0a928f8961d4cb9c,free_trip,3,At risk,1.473,16.1016,12.8138,2.9671,4.5797,1.8376,0.6412,0.8029,0.3936,0,0.3206
0aade6ea3af044b2,free_trip,5,At risk,0.9538,11.7836,9.3721,2.1445,1.9749,1.3803,0.5339,0.5169,0.3295,0,0.2669
0ab85143970f5ab2,offpeak_15,3,Champions,17.119,7.4471,3.2218,4.2245,5.1834,3.9671,0.0016,3.9331,0.0324,0,0.0008
0ac0ce2084e8ae52,free_trip,4,At risk,0.9008,11.4769,9.0932,2.0756,2.3794,1.7889,0.6161,0.8128,0.36,0,0.3081
0ad8cde72c8c2b52,spend_10,3,Champions,0.8502,2.3194,1.6543,0.5201,5.2308,0.3001,0.29,0.0,0.0101,0,0.145
0ae53b01589b947c,spend_10,1,Loyal,2.3788,2.1296,1.3468,0.7737,1.8167,0.4601,0.018,0.0,0.4421,0,0.009
0b28482974bb5266,spend_10,1,Champions,1.8668,1.5886,0.8906,0.5727,2.4608,0.5009,0.2507,0.0,0.2502,0,0.1254
0b29c0a1175e8330,spend_10,5,Loyal,2.4821,1.6547,0.8675,0.6957,1.5996,0.5723,0.1831,0.0,0.3892,0,0.0916
0b448bfdfe2a68c8,free_trip,1,At risk,0.4714,10.4001,8.2847,1.8185,2.18,1.3373,0.5936,0.4118,0.3318,0,0.2968
0b72360105a383f0,free_trip,0,Dormant,0.5819,10.8483,8.6489,1.9171,1.0766,1.6026,0.5648,0.6827,0.3551,0,0.2824
0b7f76359791e7bb,free_trip,1,Dormant,0.5163,10.2201,8.1495,1.7997,1.2106,1.5045,0.5417,0.5864,0.3764,0,0.2709
0b8764d595b948d7,free_trip,4,Dormant,0.5684,10.99,8.7667,1.9387,1.9077,1.6207,0.5692,0.7092,0.3422,0,0.2846
0b8e368029573599,spend_10,0,Champions,2.3295,1.1278,0.4731,0.582,4.2736,0.4343,0.1454,0.0,0.2889,0,0.0727
0b9da2bb68b5423a,offpeak_15,2,Champions,22.1405,17.4544,10.5854,6.7967,16.8824,6.8424,0.1447,6.5166,0.1812,0,0.0723
0bb9a393295cbbe2,free_trip,4,Dormant,0.6599,11.766,9.3672,2.0825,1.4926,1.7408,0.6325,0.7379,0.3704,0,0.3163
0bc7f2d3b1c03970,free_trip,3,At risk,0.424,13.5267,10.9525,2.3627,3.6165,1.0315,0.4231,0.3401,0.2684,0,0.2115
0c00d223aff56dd4,spend_10,1,Champions,2.1377,3.9585,2.796,1.0246,4.4039,0.8659,0.2759,0.0,0.59,0,0.138
0c04d39570d59896,free_trip,5,Dormant,0.5033,10.0263,8.0094,1.7679,2.7464,1.4779,0.498,0.5889,0.3911,0,0.249
0c06430e873304a2,free_trip,1,Dormant,0.5387,10.6206,8.4807,1.8732,0.9526,1.5659,0.5332,0.5949,0.4377,0,0.2666
0c0ccf050632f6fd,free_trip,5,Dormant,0.6215,11.7666,9.4007,2.0815,1.2033,1.74,0.5689,0.7981,0.373,0,0.2844
0c0f635f05f2dd24,free_trip,1,Dormant,0.663,12.1492,9.6926,2.1507,1.3352,1.7978,0.6118,0.7974,0.3886,0,0.3059
0c1674d4a06820be,spend_10,4,Champions,2.29,1.9679,1.1712,0.7188,1.9686,0.6752,0.1557,0.0,0.5195,0,0.0779
0c1e5f82f9ad3cd7,free_trip,3,At risk,0.8221,10.2666,8.1719,1.8679,1.5168,1.5307,0.4535,0.7418,0.3354,0,0.2267
0c1ee2d5e7a6f195,free_trip,2,Dormant,0.7582,9.9613,7.9164,1.8016,1.1672,1.506,0.4866,0.6525,0.3669,0,0.2433
0c28b91848bc320a,free_trip,1,Dormant,0.5005,10.107,8.0445,1.7747,2.9749,1.4835,0.5757,0.5159,0.392,0,0.2878
0c3b2c88f12cb6a6,offpeak_15,5,Champions,28.3002,17.1208,9.3649,7.8224,5.4075,5.4057,-0.1331,5.4699,0.0689,0,-0.0666
0c449efb880f49eb,free_trip,5,At risk,1.376,13.6451,10.8674,2.5428,2.8282,1.5901,0.4699,0.7824,0.3378,0,0.2349
0c5bac78202eb26f,spend_10,2,Champions,2.0051,1.9124,1.1833,0.6622,1.381,0.672,0.134,0.0,0.538,0,0.067
0c6a1b1f88851d9a,spend_10,4,Champions,1.2581,2.2759,1.6054,0.5947,4.0956,0.4265,0.1517,0.0,0.2748,0,0.0758
0c6f35c8481e2804,offpeak_pass,4,Loyal,0.9002,0.6402,0.4099,0.2721,1.3052,0.2301,-0.0835,0.3189,-0.0052,0,-0.0418
0c7176a90c596cae,free_trip,4,Dormant,0.5072,10.1372,8.082,1.7838,1.15,1.4912,0.5427,0.5893,0.3592,0,0.2714
0c7ccc3f39bfe11d,weekend_20,5,Dormant,0.6741,0.5291,0.325,0.2075,0.3205,0.1734,-0.0068,-0.0094,0.1896,0,-0.0034
0cad62231d7415c1,free_trip,5,Occasional,0.8227,11.5097,9.1893,2.0793,3.394,0.9866,0.4822,0.3712,0.1331,0,0.2411
0cba39e24f958f32,free_trip,3,Dormant,0.5056,10.1252,8.084,1.7839,1.3206,1.4913,0.5144,0.6497,0.3272,0,0.2572
0cc20ad2c572fb6c,free_trip,4,Dormant,0.5227,10.3127,8.2201,1.8158,0.9307,1.5179,0.5537,0.6041,0.3601,0,0.2768
0ce2200c25735f1b,free_trip,4,Dormant,0.5367,10.6458,8.4855,1.8738,0.9792,1.5663,0.5731,0.6519,0.3414,0,0.2865
0cec9c0a6b128ace,free_trip,3,Dormant,0.5273,10.314,8.2244,1.8176,1.5391,1.5194,0.544,0.5939,0.3815,0,0.272
0cfd7c9550f32108,weekend_20,0,Occasional,1.2187,1.5333,1.0478,0.4707,1.515,0.6386,0.0297,0.107,0.502,0,0.0148
0d0abaffaef378d2,free_trip,4,Dormant,0.7727,12.0416,9.5997,2.1542,1.3918,1.8008,0.5755,0.8538,0.3715,0,0.2878
0d0c9166d138f5b0,free_trip,3,Dormant,0.5264,10.4741,8.3415,1.8417,1.1087,1.5396,0.5817,0.6097,0.3481,0,0.2909
0d119418deecf727,free_trip,1,Dormant,0.5177,10.1434,8.1123,1.7923,1.9309,1.4983,0.4776,0.6935,0.3272,0,0.2388
0d1ed8ad50e3af20,spend_10,5,Loyal,2.6094,1.9692,1.1256,0.7757,3.9417,0.3909,0.1357,0.0,0.2552,0,0.0679
0d3c2a0a1892c711,free_trip,3,Occasional,0.9854,16.5993,13.3714,2.9817,2.5356,1.7034,0.4923,0.848,0.363,0,0.2462
0d41393ec6d4b615,spend_10,2,Champions,1.2329,1.717,1.1373,0.4922,6.6512,0.2942,0.175,0.0,0.1193,0,0.0875
0d62013a520cb83d,free_trip,4,Occasional,0.7889,10.045,7.9511,1.8152,2.2786,1.1477,0.5575,0.4154,0.1747,0,0.2788
0d624d2fe56e5841,free_trip,1,At risk,0.8116,10.5444,8.3455,1.9018,3.0281,1.0992,0.5943,0.3127,0.1922,0,0.2971
0d7173b516fa9d1d,free_trip,2,Dormant,0.5811,11.1756,8.8395,1.9565,2.6155,1.6355,0.7591,0.478,0.3984,0,0.3796
0d73e66671ed79fc,free_trip,4,Dormant,0.6966,11.2719,8.9603,2.0056,1.8202,1.6765,0.6122,0.6525,0.4118,0,0.3061
0d904be224bfc54c,spend_10,5,Champions,1.8348,2.3457,1.5591,0.7049,8.3906,0.4474,0.1636,0.0,0.2838,0,0.0818
0da08010396a9afd,weekend_20,2,At risk,0.9945,0.7013,0.4315,0.2962,1.0072,0.2593,-0.0528,-0.02,0.3321,0,-0.0264
0db0ce3a34981a55,offpeak_15,5,Champions,8.1732,4.7478,2.5749,2.2322,4.1134,1.876,-0.1185,2.0695,-0.075,0,-0.0592
0dc891a700979b66,weekend_20,5,Occasional,1.9981,1.173,0.6384,0.5476,1.4554,0.4962,-0.0261,0.0186,0.5037,0,-0.013
0dd755e8aeeb0766,free_trip,0,At risk,0.7665,15.3597,12.38,2.7303,3.0647,1.3838,0.4987,0.5673,0.3179,0,0.2493
0de6d26f811a0b65,free_trip,1,At risk,0.4374,10.3586,8.3355,1.822,2.2836,1.1872,0.4022,0.4484,0.3367,0,0.2011
0df12b42075fe4df,spend_10,1,Champions,2.5332,2.1559,1.306,0.7973,2.3958,0.7268,0.1049,0.0,0.6218,0,0.0525
0df72cc3c3be85f4,spend_10,2,Champions,2.2404,1.7128,0.9988,0.6727,3.3017,0.5656,0.0826,0.0,0.483,0,0.0413
0e039dfcde599de9,free_trip,3,Dormant,0.5027,9.9839,7.9743,1.7605,1.9413,1.4717,0.498,0.6465,0.3272,0,0.249
0e2518ad74a78713,free_trip,5,Dormant,0.7377,11.5288,9.2173,2.0675,0.9463,1.7283,0.488,0.8642,0.3761,0,0.244
0e2726b4146de876,free_trip,1,Dormant,0.5595,10.7114,8.5521,1.8923,1.8234,1.5819,0.5341,0.6946,0.3531,0,0.267
0e3bdb93caa9ce0e,spend_10,2,Loyal,2.8925,1.7497,0.9233,0.7925,2.4315,0.6276,0.0679,0.0,0.5597,0,0.0339
0e3c042c3bbc2a3c,free_trip,1,Occasional,2.0222,13.8826,10.9234,2.6886,3.3046,1.0771,0.5411,0.3581,0.1778,0,0.2706
0e4e8c9f3923b52c,free_trip,4,Occasional,0.7315,12.027,9.5984,2.1454,2.2403,1.5047,0.5665,0.6861,0.2522,0,0.2832
0e6b4365d15b43f2,free_trip,4,Dormant,0.554,10.4863,8.3769,1.8548,1.1515,1.5505,0.509,0.6762,0.3653,0,0.2545
0e6f529b8cd04262,free_trip,0,Dormant,0.749,11.8188,9.4209,2.1121,1.6964,1.7656,0.5715,0.8205,0.3736,0,0.2858
0ead2969712b8cb0,spend_10,1,Champions,1.2496,1.4114,0.8813,0.4425,6.1625,0.307,0.175,0.0,0.1319,0,0.0875
0eadfb0b51a55065,free_trip,2,Occasional,1.2157,14.1371,11.2597,2.591,1.3202,1.5345,0.5728,0.6317,0.33,0,0.2864
0ec23c047543fc79,free_trip,1,Dormant,0.5955,11.2749,8.9995,1.9927,1.5371,1.6658,0.5653,0.6956,0.4049,0,0.2827
0ec835283b75a790,free_trip,2,Dormant,0.5265,10.4211,8.3275,1.8388,1.3587,1.5372,0.5095,0.6839,0.3438,0,0.2547
0ed2c9826ea78ccd,weekend_20,0,Occasional,0.9781,0.7106,0.451,0.2968,1.0658,0.3844,-0.0744,-0.0391,0.4979,0,-0.0372
0ed2e64f80641d15,free_trip,2,Dormant,0.4963,9.9455,7.9444,1.753,1.7631,1.4654,0.4964,0.588,0.381,0,0.2482
0edae4df48423da2,spend_10,2,Champions,2.1121,3.4164,2.4306,0.9435,2.403,0.6813,0.0845,0.0,0.5968,0,0.0423
0ede39ed43bec9b6,free_trip,4,Dormant,0.5416,10.5923,8.4549,1.8684,1.0498,1.5619,0.538,0.6516,0.3723,0,0.269
0edf83c766ecaeda,free_trip,0,Dormant,0.4912,9.9099,7.9076,1.7443,0.8167,1.4581,0.516,0.5975,0.3447,0,0.258
0ef32f953b06cc48,free_trip,1,Dormant,0.5975,11.0641,8.8228,1.9564,1.2283,1.6355,0.5697,0.7161,0.3497,0,0.2848
0f0223dabe29614c,free_trip,4,Dormant,0.6959,10.2698,8.1972,1.847,1.4142,1.5439,0.4513,0.7436,0.349,0,0.2256
0f156fb49b552f1a,free_trip,2,At risk,0.6821,10.1093,8.041,1.8116,1.0929,1.525,0.5133,0.6731,0.3386,0,0.2567
0f1bcd2bed013e0a,free_trip,4,At risk,0.7602,17.0313,13.74,3.0115,4.7372,1.5057,0.5598,0.6955,0.2504,0,0.2799
0f2588981b3ebca6,spend_10,1,Champions,2.0566,2.0255,1.2703,0.691,2.5648,0.752,0.1284,0.0,0.6236,0,0.0642
0f2c37b2d6d82a54,spend_10,5,Champions,1.9874,5.6179,4.0891,1.262,3.0834,0.6294,0.5337,0.0,0.0957,0,0.2668
0f454b87e9f60f3e,spend_10,2,Champions,0.9266,6.4867,5.0049,1.2319,4.9124,0.6115,0.4998,0.0,0.1116,0,0.2499
0f479eb8c0194339,weekend_20,3,Occasional,1.4073,0.8159,0.4718,0.3903,1.4101,0.3705,-0.0924,-0.016,0.4789,0,-0.0462
0f625e1841a7fd45,free_trip,2,Dormant,0.5601,10.8432,8.6561,1.914,2.475,1.6,0.5462,0.659,0.3948,0,0.2731
0f780a742bfe2323,spend_10,3,Champions,2.1224,3.3845,2.4085,0.941,2.5889,0.8205,0.0699,0.0,0.7506,0,0.035
0f7fa7245583bb4c,free_trip,4,Dormant,0.5182,10.2926,8.202,1.811,0.6332,1.5139,0.5591,0.5882,0.3666,0,0.2796
0f8bb826e03c24bd,free_trip,5,Occasional,0.9671,13.7522,11.0745,2.5009,4.79,0.8888,0.3536,0.3993,0.136,0,0.1768
0f97971a12cf0a2a,free_trip,1,At risk,0.7231,15.3289,12.3571,2.7166,2.0935,1.3129,0.5105,0.5093,0.2931,0,0.2553
0f99bb5f218d45f6,free_trip,5,At risk,0.4295,11.4504,9.2486,2.01,2.4829,1.1241,0.3836,0.4974,0.243,0,0.1918
0fa97bc76b6a2f48,spend_10,5,Champions,1.5731,3.0786,2.1999,0.7836,5.6031,0.4823,0.1902,0.0,0.292,0,0.0951
0fad4ff1d03bbad3,free_trip,2,Dormant,0.505,10.0073,7.9933,1.765,2.3326,1.4754,0.498,0.6502,0.3272,0,0.249
0fae572a29cc08e1,free_trip,0,Dormant,0.5282,10.302,8.2164,1.8161,1.8529,1.5182,0.539,0.5788,0.4003,0,0.2695
0fbc94519a12bf06,free_trip,0,Dormant,0.5568,10.705,8.5435,1.89,2.639,1.5799,0.5429,0.6238,0.4132,0,0.2715
0fca19188b974bf2,free_trip,4,Dormant,0.496,9.9088,7.9144,1.7467,1.5416,1.4601,0.4954,0.6154,0.3493,0,0.2477
0fcbf8d1761526ee,free_trip,0,Dormant,0.5273,10.3784,8.3052,1.8344,1.5965,1.5334,0.4776,0.7092,0.3466,0,0.2388
0fd838faf8ca02bc,spend_10,0,Champions,0.7728,5.995,4.7229,1.1414,6.3448,0.7001,0.2613,0.0,0.4388,0,0.1306
100ffc6ea7c539fa,spend_10,3,Champions,1.0527,13.0136,10.4167,2.382,4.4597,2.5758,0.4297,0.0,2.1461,0,0.2148
10307d10e14c1c5c,spend_10,2,Champions,2.6289,2.2502,1.3666,0.8298,2.1693,0.7493,0.1076,0.0,0.6417,0,0.0538
104b0591d154f510,spend_10,5,Champions,2.4788,2.8664,1.9055,0.9105,1.4567,0.7119,0.1008,0.0,0.6111,0,0.0504
1055fa2fdc191b20,free_trip,3,Dormant,0.69,12.4952,9.9374,2.2071,1.2945,1.845,0.7013,0.7714,0.3724,0,0.3506
105b6d4cf415738e,free_trip,1,Occasional,1.1901,16.4677,13.2205,2.9928,2.9855,1.5313,0.5088,0.681,0.3414,0,0.2544
105e83a2ee470244,spend_10,0,Champions,1.2877,1.4268,0.8997,0.4543,4.2585,0.3721,0.1456,0.0,0.2265,0,0.0728
10684eb8b2cb5f6a,free_trip,2,Dormant,0.5354,10.5044,8.4056,1.8569,1.4669,1.5522,0.4838,0.7092,0.3592,0,0.2419
1073424b4d74bd37,free_trip,2,Dormant,0.514,10.1235,8.0753,1.7839,1.3209,1.4912,0.5287,0.5902,0.3723,0,0.2643
10761f3e15b009f1,free_trip,5,Dormant,0.5525,10.769,8.5947,1.8997,1.1129,1.588,0.5491,0.6382,0.4008,0,0.2745
107842bd4f0d388a,spend_10,0,Champions,1.0253,6.1093,4.7811,1.2059,3.9876,1.0952,0.2445,0.0,0.8507,0,0.1222
1080dad0f5f4fbd9,free_trip,4,Dormant,0.5623,10.9058,8.7043,1.9245,1.5491,1.6088,0.554,0.6956,0.3592,0,0.277
10953eb603b0efcf,free_trip,5,Dormant,0.6005,11.5113,9.1891,2.0332,1.3349,1.6996,0.5781,0.7413,0.3802,0,0.289
109bc7b2e37674e5,spend_10,1,Loyal,3.0769,2.9452,1.8693,1.0273,2.6503,0.5781,0.0972,0.0,0.4808,0,0.0486
10a80a649093baf4,spend_10,2,Champions,1.761,3.8895,2.8672,0.9612,2.679,0.9959,0.1222,0.0,0.8737,0,0.0611
10c5108d54b83621,free_trip,2,Dormant,0.5322,10.3969,8.3066,1.8357,1.6695,1.5345,0.5094,0.6844,0.3407,0,0.2547
1108ce093a7459db,free_trip,1,Dormant,0.6135,11.5276,9.2326,2.0449,1.9439,1.7094,0.5003,0.8164,0.3927,0,0.2501
111889ad10bc4655,free_trip,3,Dormant,0.528,10.4903,8.4106,1.8564,1.69,1.5518,0.4467,0.7268,0.3784,0,0.2233
1149fa9ddf8b577c,free_trip,1,Dormant,1.2945,12.4867,9.8316,2.3107,2.919,1.9316,0.6888,0.7987,0.4441,0,0.3444
114f639395820dbb,free_trip,1,Dormant,0.6095,10.3681,8.2847,1.8472,1.5603,1.5441,0.4723,0.7184,0.3534,0,0.2362
11622afda9732391,spend_10,3,Champions,0.9124,11.6149,9.365,2.1344,6.8492,1.999,0.2309,0.0,1.7681,0,0.1154
117fbf8fe5f83fcd,free_trip,4,At risk,0.4268,11.1305,8.9716,1.9519,2.2885,1.1183,0.4139,0.38,0.3244,0,0.2069
118178ea4e215efd,free_trip,5,Dormant,0.5894,11.3221,9.0326,1.9983,1.1178,1.6705,0.5823,0.726,0.3622,0,0.2911
118d03a93b1a6e43,weekend_20,3,Loyal,2.7192,2.6677,1.7781,0.934,2.4462,0.4725,-0.0888,-0.0024,0.5637,0,-0.0444
11c6fda569899d69,spend_10,5,Champions,2.3041,8.3835,6.4534,1.8188,3.9821,0.9582,0.2226,0.0,0.7356,0,0.1113
11c9ab57be8e4559,free_trip,0,At risk,0.6635,22.5545,18.4162,3.9625,3.7331,1.2503,0.3515,0.5433,0.3556,0,0.1757
11cb5fbcea391d89,free_trip,0,Dormant,0.529,10.4803,8.3764,1.8495,1.286,1.5461,0.5087,0.6781,0.3592,0,0.2544
11d8e035814b867f,free_trip,1,Dormant,0.5199,10.3261,8.2493,1.8212,1.059,1.5224,0.5111,0.6842,0.3272,0,0.2556
11dfccff84087b7a,free_trip,3,Dormant,0.5302,10.4579,8.3477,1.8438,1.4407,1.5413,0.5329,0.6141,0.3943,0,0.2664
11e42d4679d60bfc,free_trip,0,Dormant,0.5621,10.7245,8.5526,1.893,1.8867,1.5824,0.5578,0.6585,0.366,0,0.2789
11f4f7de272655e2,free_trip,1,Occasional,0.7664,11.6566,9.2231,2.0747,1.8002,1.3055,0.7177,0.416,0.1718,0,0.3588
11fa4370db84e2d5,weekend_20,4,Loyal,2.266,1.3274,0.7709,0.6307,2.0228,0.2988,-0.1484,0.0031,0.4441,0,-0.0742
12026419f78fb396,free_trip,4,Dormant,0.5639,10.5485,8.4194,1.8657,1.8806,1.5596,0.5269,0.6683,0.3644,0,0.2634
1204cf97d3483ea6,weekend_20,5,Champions,19.1763,18.7555,12.1209,6.4999,7.5922,4.6652,0.2695,0.1481,4.2477,0,0.1347
12289664eeaff060,spend_10,5,Champions,2.4566,5.7906,4.2756,1.3982,3.4033,0.9082,0.2338,0.0,0.6744,0,0.1169
122f5cb2ff7a6571,pct_10,0,Champions,58.6547,110.4577,78.0022,28.3815,54.6285,20.5216,8.148,8.2192,4.1544,0,4.074
1231ccd5a52a6d12,spend_10,4,Champions,1.943,1.9245,1.1802,0.6486,4.595,0.2663,0.1914,0.0,0.0749,0,0.0957
124cf9a605dc9521,spend_10,1,Champions,0.7838,3.2216,2.4097,0.6633,4.2909,0.564,0.2971,0.0,0.2668,0,0.1486
1250af7d81233044,free_trip,2,Dormant,0.5392,10.5627,8.4272,1.8622,1.005,1.5567,0.5466,0.6585,0.3515,0,0.2733
126341f4153a995e,free_trip,3,Dormant,0.5362,10.4977,8.3753,1.8508,1.0429,1.5471,0.5432,0.5997,0.4042,0,0.2716
1276ad24ad942554,free_trip,5,Dormant,0.5545,10.8261,8.6447,1.9105,1.9603,1.5971,0.5419,0.7056,0.3495,0,0.271
1284b1e277d781f9,free_trip,5,Dormant,0.6257,11.6861,9.3666,2.0752,1.808,1.7348,0.4885,0.8484,0.3979,0,0.2442
129298f48f7c53e6,spend_10,0,Champions,1.3094,7.8334,6.1817,1.5558,3.8464,1.1692,0.1919,0.0,0.9773,0,0.0959
12ac54f283a0d27b,weekend_20,0,Occasional,3.4121,2.8281,1.8148,1.0855,2.5745,0.1831,-0.1444,-0.069,0.3966,0,-0.0722
12c3c885f4286f33,free_trip,2,Dormant,1.4524,10.8971,8.5459,2.0765,1.101,1.7358,0.5494,0.7753,0.411,0,0.2747
12d4bed348eeba23,weekend_20,5,Occasional,2.054,1.4057,0.8236,0.5976,2.5929,0.2406,-0.0312,-0.0771,0.3488,0,-0.0156
12dcce746fe4f30e,free_trip,2,At risk,0.6157,10.6158,8.45,1.8828,1.8844,1.2461,0.5661,0.4311,0.249,0,0.283
12e80e64a3d5474e,spend_10,1,Champions,2.2737,1.9915,1.2029,0.722,3.0367,0.8714,0.1331,0.0,0.7384,0,0.0665
12f04a670aecd2ef,free_trip,1,Dormant,0.5314,10.4649,8.3487,1.8443,1.2784,1.5417,0.5438,0.606,0.3919,0,0.2719
12f1f502c2a8a080,offpeak_15,1,Champions,12.1858,9.4911,5.779,3.731,6.4271,3.5368,-0.0379,3.6245,-0.0498,0,-0.019
12f3bffc0d20872c,free_trip,1,Dormant,0.7628,12.928,10.3046,2.2985,1.8186,1.9214,0.6499,0.8564,0.4151,0,0.325
12f606f6a80ad501,spend_10,2,Champions,1.1342,1.8125,1.2364,0.4923,3.2169,0.356,0.1676,0.0,0.1884,0,0.0838
1312e69ee715e733,free_trip,1,Dormant,0.5371,10.4441,8.3318,1.8419,0.9382,1.5397,0.5407,0.5971,0.4019,0,0.2703
131a8e444477114e,spend_10,3,Champions,1.1461,23.5102,18.8784,4.1588,15.3598,2.7728,0.9462,0.0,1.8266,0,0.4731
132964669380b213,free_trip,4,Dormant,0.5177,10.2214,8.1605,1.8023,1.1802,1.5066,0.5173,0.6365,0.3529,0,0.2587
1357984946a1b21c,free_trip,1,Dormant,0.5022,9.9937,7.9832,1.7623,1.4303,1.4732,0.4965,0.6495,0.3272,0,0.2482
135810d52ec1174e,spend_10,5,Champions,1.3182,1.4389,0.9051,0.4618,2.5957,0.3868,0.144,0.0,0.2427,0,0.072
135ba72e86a1d411,free_trip,1,Dormant,0.5276,10.4815,8.3753,1.849,1.4161,1.5456,0.5144,0.672,0.3592,0,0.2572
136039da3958e2fc,spend_10,4,Champions,0.7728,1.874,1.291,0.4286,2.5505,0.345,0.3088,0.0,0.0362,0,0.1544
137df8ca25936ccd,spend_10,2,Occasional,0.5838,0.4939,0.3006,0.1837,0.7886,0.2024,0.0194,0.0,0.1831,0,0.0097
1384ab34512b00d6,free_trip,3,Dormant,0.5553,10.8685,8.6622,1.9143,1.4685,1.6003,0.5838,0.6415,0.3749,0,0.2919
138f2598826fa7e9,free_trip,0,Dormant,0.5377,10.411,8.2999,1.8354,2.1422,1.5343,0.5513,0.6213,0.3616,0,0.2757
13a049df24396fd2,free_trip,4,Dormant,0.5286,10.2759,8.2169,1.8163,1.936,1.5183,0.4853,0.6902,0.3427,0,0.2427
13a47e31bf0d0443,spend_10,4,Champions,0.8072,6.4934,5.1107,1.2291,9.1702,0.634,0.3073,0.0,0.3267,0,0.1536
13a9157b3b4663cb,free_trip,3,Occasional,0.7806,10.3156,8.2327,1.8719,1.7348,1.15,0.422,0.5259,0.2021,0,0.211
13b5263a067f593c,free_trip,4,Occasional,1.0796,11.8861,9.3909,2.1746,1.8274,1.9212,0.6412,0.9103,0.3697,0,0.3206
13d0dbc74ea55fe2,free_trip,5,Dormant,0.5641,10.467,8.3518,1.8517,2.7629,1.5479,0.5271,0.6723,0.3486,0,0.2635
13e04ae3e97f0783,weekend_20,4,Champions,10.3437,9.123,5.7166,3.3355,4.921,2.3324,0.1417,0.0425,2.1483,0,0.0708
13e3d63c73e5b02b,spend_10,3,Champions,1.507,6.506,5.0666,1.3652,1.745,1.1359,0.1484,0.0,0.9876,0,0.0742
13ea72f1bced0332,spend_10,3,Loyal,2.7152,2.7437,1.7807,0.9337,2.5056,0.7118,0.0585,0.0,0.6533,0,0.0293
13eb6da35fd804e4,offpeak_15,5,Occasional,3.3719,1.7504,0.8995,0.8871,1.7277,0.3898,-0.0724,0.4776,-0.0154,0,-0.0362
13fee182a12c0474,free_trip,1,Dormant,0.5153,10.0587,8.0154,1.7717,1.501,1.481,0.5432,0.5662,0.3716,0,0.2716
14056c778a55018e,spend_10,0,Champions,2.318,8.7299,6.7951,1.8927,7.7328,0.8284,0.0843,0.0,0.7442,0,0.0421
14072ea026644647,spend_10,2,Loyal,3.8768,2.1032,0.9916,1.0111,2.3524,0.5824,0.2011,0.0,0.3813,0,0.1006
14276db7c8c10f99,free_trip,3,Dormant,0.5641,10.9864,8.7835,1.9413,1.41,1.6228,0.523,0.7421,0.3577,0,0.2615
143e239110b6e722,weekend_20,1,Champions,4.824,3.1886,1.8565,1.3874,3.7813,1.19,-0.1106,-0.0858,1.3863,0,-0.0553
144c5477d5e2a337,spend_10,3,Champions,2.2959,6.67,4.9536,1.5056,3.8386,1.0588,0.4216,0.0,0.6372,0,0.2108
1451f11b92a9e58a,weekend_20,0,Champions,9.0947,4.6485,2.4432,2.3962,4.745,2.2029,-0.3817,-0.1523,2.7369,0,-0.1909
14529411e086adcf,spend_10,3,Champions,1.3556,7.6908,6.0717,1.5425,3.6933,1.3513,0.1531,0.0,1.1982,0,0.0765
145cfb127c6826f2,free_trip,2,Dormant,0.4969,9.9225,7.9172,1.7475,1.5897,1.4608,0.5157,0.6068,0.3384,0,0.2578
145f8efd149ade10,free_trip,2,Dormant,0.5336,10.4027,8.3083,1.8363,1.3252,1.5351,0.5163,0.6739,0.3448,0,0.2582
14755f19960fba3f,weekend_20,1,Dormant,0.6393,0.5075,0.3131,0.1978,0.3173,0.1653,-0.0067,0.0013,0.1708,0,-0.0034
147d460d3929a67e,free_trip,5,Dormant,0.6242,11.7293,9.3769,2.0771,1.7898,1.7363,0.5506,0.8316,0.3541,0,0.2753
147ec106a6e4d9b0,spend_10,2,Champions,1.1512,0.9923,0.5634,0.3561,2.4864,0.3662,0.1455,0.0,0.2206,0,0.0728
14834d1230da5b16,weekend_20,5,Loyal,2.9263,2.2849,1.4289,0.9045,1.4807,0.4307,-0.0968,0.0315,0.4961,0,-0.0484
1486fcf09bcc6928,spend_10,0,Champions,2.885,2.294,1.3558,0.8807,2.2,0.7875,0.115,0.0,0.6725,0,0.0575
14a2ff4ab484bdec,spend_10,3,Champions,1.2595,7.4512,5.8818,1.4831,3.4748,1.2912,0.1725,0.0,1.1187,0,0.0862
14bbf962e46a18e5,free_trip,1,Dormant,0.5164,10.2356,8.1592,1.8018,1.0549,1.5062,0.5493,0.5985,0.3584,0,0.2746
14c0c63ee8dc0bf7,free_trip,5,Dormant,0.6333,10.6947,8.5377,1.9047,1.5806,1.5922,0.5048,0.7326,0.3548,0,0.2524
14c4d628c51298df,free_trip,1,Occasional,0.9443,11.2797,8.9676,2.0585,2.726,1.3289,0.507,0.543,0.2789,0,0.2535
14e56a9d4ba80d67,free_trip,2,Dormant,0.4968,9.9537,7.9662,1.7576,1.3055,1.4693,0.4598,0.6326,0.3769,0,0.2299
14e908cd0b76cc97,offpeak_15,0,Occasional,1.1301,0.9973,0.6362,0.3668,1.0585,0.2058,-0.0113,0.2192,-0.0021,0,-0.0056
14f3f445a2747ba7,free_trip,5,Dormant,0.6693,12.2296,9.7557,2.1651,2.0456,1.8099,0.6176,0.7803,0.412,0,0.3088
150e89923e0a10a6,free_trip,5,At risk,1.5835,17.8073,14.2694,3.2924,2.8193,1.6664,0.4911,0.8261,0.3492,0,0.2455
1512e58766d25501,offpeak_15,0,Champions,11.0014,5.2234,2.4714,2.7981,6.5692,2.3895,-0.0922,2.4844,-0.0026,0,-0.0461
151a132121378953,weekend_20,1,Champions,8.6148,5.1085,2.6797,2.3457,6.6455,2.1519,0.1662,-0.159,2.1448,0,0.0831
151b84778083fc75,spend_10,1,Champions,1.7539,1.2349,0.6655,0.5025,2.9906,0.4175,0.1337,0.0,0.2838,0,0.0669
152135a459488fa9,free_trip,2,Dormant,0.6459,12.0895,9.6438,2.137,1.333,1.7864,0.6175,0.7696,0.3992,0,0.3088
1530c52e12c9b0ea,free_trip,3,Dormant,0.4993,10.1537,8.0696,1.7796,2.1141,1.4876,0.609,0.4727,0.406,0,0.3045
153ba35a099f96d1,spend_10,1,Champions,1.4391,2.6195,1.8435,0.6817,1.9878,0.8464,0.1887,0.0,0.6577,0,0.0944
1546e972cc8a5761,free_trip,0,At risk,0.7047,12.7291,10.251,2.2753,3.0248,1.0368,0.4055,0.3448,0.2865,0,0.2028
155c5668d9fa497c,spend_10,3,Loyal,2.8873,3.0437,2.0023,1.0155,2.4576,0.7856,0.0518,0.0,0.7338,0,0.0259
156256b2668648da,spend_10,2,Champions,2.1386,1.7757,1.0708,0.6665,1.9154,0.5165,0.0767,0.0,0.4398,0,0.0384
1573652565be3b54,free_trip,5,Dormant,1.1438,11.9227,9.4356,2.1972,1.7233,1.8367,0.5797,0.8116,0.4454,0,0.2899
158d41d5f65c1380,free_trip,2,Dormant,0.5335,10.5417,8.4074,1.8569,0.99,1.5522,0.5548,0.6252,0.3723,0,0.2774
15948d15cc2d3e21,spend_10,0,Champions,2.8915,2.5957,1.6224,0.9375,2.2876,0.6583,0.0716,0.0,0.5868,0,0.0358
15b69e26c615c0ee,free_trip,4,Dormant,0.5472,10.6225,8.4818,1.8752,2.1891,1.5675,0.5311,0.6756,0.3608,0,0.2656
15b70b9cd1d77284,free_trip,3,Dormant,0.6095,11.4685,9.124,2.0215,1.1764,1.6898,0.646,0.6919,0.3519,0,0.323
15c4d2e48a238df6,free_trip,2,Dormant,0.5258,10.4532,8.3496,1.8433,0.9471,1.5409,0.5206,0.6636,0.3567,0,0.2603
15d8c111278dede4,free_trip,2,Dormant,1.0074,11.6073,9.2097,2.1219,1.101,1.7738,0.5514,0.838,0.3844,0,0.2757
15db1090addb2ba5,free_trip,0,Dormant,0.5515,10.7604,8.5948,1.8995,1.1511,1.5879,0.5321,0.7092,0.3466,0,0.2661
16061a6990f3335c,free_trip,2,Dormant,0.5319,10.4355,8.3491,1.8445,1.8558,1.5419,0.4838,0.6988,0.3592,0,0.2419
1607a1f5b6afd3c2,free_trip,4,Dormant,0.5346,10.5169,8.3887,1.8532,0.7862,1.5492,0.5499,0.627,0.3723,0,0.2749
160e437e16864b83,free_trip,0,Dormant,0.557,10.6611,8.5051,1.8821,2.0668,1.5733,0.5478,0.6594,0.366,0,0.2739
160f8c2518a8950a,free_trip,0,Dormant,0.6231,11.793,9.415,2.0848,1.4349,1.7427,0.5865,0.7709,0.3854,0,0.2932
1623044ffebbf5f1,free_trip,5,At risk,1.1052,14.3855,11.5146,2.6209,2.0171,1.3398,0.4998,0.5662,0.2738,0,0.2499
1639a3b7ed5747d9,free_trip,0,Dormant,0.5787,11.0814,8.8261,1.9532,1.988,1.6328,0.6042,0.6456,0.383,0,0.3021
1644a64c6f5f5de3,free_trip,5,At risk,0.7184,10.936,8.7142,1.959,1.8244,1.3075,0.5256,0.5146,0.2673,0,0.2628
16467ec74d5204bc,weekend_20,2,Occasional,1.8225,1.1732,0.6687,0.5174,0.999,0.1767,-0.0256,-0.059,0.2614,0,-0.0128
164e8667190f9504,spend_10,1,Champions,1.4849,1.4987,0.9388,0.5034,3.0585,0.2259,0.1131,0.0,0.1129,0,0.0565
164fcc0c6d838097,free_trip,5,At risk,0.6147,10.3146,8.2442,1.8398,1.8631,1.2285,0.4612,0.5364,0.231,0,0.2306
165c4739ad6174e4,free_trip,0,Dormant,0.5517,10.767,8.5912,1.8988,1.6275,1.5873,0.5538,0.6913,0.3422,0,0.2769
16629cb4f4f4217d,free_trip,1,Dormant,0.5285,10.4703,8.3962,1.8535,1.9604,1.5494,0.4413,0.7762,0.3319,0,0.2206
1666d60d7fd23cb5,free_trip,4,Dormant,0.5318,10.4289,8.3234,1.8391,1.0404,1.5374,0.5328,0.6323,0.3723,0,0.2664
1675a53b42722290,free_trip,2,Dormant,0.7047,12.529,9.9677,2.2165,1.1256,1.8528,0.6897,0.7711,0.3921,0,0.3449
167be51cb55990a9,free_trip,4,Dormant,0.6052,11.5196,9.2185,2.0402,1.3737,1.7055,0.5217,0.7856,0.3982,0,0.2609
168507d58d8e1d68,spend_10,4,Champions,0.851,4.4295,3.429,0.8889,4.2372,0.536,0.2232,0.0,0.3127,0,0.1116
1698fd981f5d164d,free_trip,1,At risk,0.8702,12.1917,9.6553,2.186,1.9629,1.879,0.7009,0.8271,0.3511,0,0.3505
16a7cdd0e9995cbb,free_trip,0,Dormant,0.535,10.4588,8.3704,1.8495,1.607,1.5461,0.4776,0.7092,0.3592,0,0.2388
16b814ac3cc107ae,free_trip,0,Dormant,0.6663,11.6127,9.2274,2.0548,1.7869,1.7177,0.6609,0.6966,0.3601,0,0.3305
16bbde75f1bd4139,free_trip,5,Dormant,0.5345,10.4086,8.3243,1.8398,1.8897,1.538,0.489,0.6909,0.358,0,0.2445
16c26a99855a7217,spend_10,2,Champions,2.0419,6.2286,4.7347,1.4074,4.8879,0.994,0.173,0.0,0.8211,0,0.0865
16c6c6aa057f7532,spend_10,0,Champions,0.7661,1.8158,1.311,0.4314,4.4662,0.4282,0.147,0.0,0.2812,0,0.0735
16f17837bf70faa8,free_trip,1,Dormant,0.5524,10.8446,8.6754,1.9165,1.1774,1.602,0.5054,0.7084,0.3882,0,0.2527
1708158d0c11da05,spend_10,3,Champions,1.3863,1.3099,0.8083,0.4558,4.4188,0.2307,0.0918,0.0,0.1389,0,0.0459
1735ef8697ca4aae,spend_10,5,Champions,0.8255,10.5767,8.5141,1.9397,21.016,1.3402,0.2459,0.0,1.0943,0,0.1229
175a0298c7986dc9,offpeak_pass,0,Loyal,0.373,0.5016,0.3737,0.1551,1.0234,0.1721,-0.0544,0.2407,-0.0142,0,-0.0272
175a20d80a6e963a,spend_10,3,Loyal,2.2171,1.4567,0.7911,0.6248,1.5241,0.6022,0.0816,0.0,0.5206,0,0.0408
175d2e060a020b57,free_trip,5,Dormant,0.4982,9.9685,7.9628,1.7572,1.3023,1.4689,0.4968,0.5966,0.3755,0,0.2484
178b85bd5cc37406,free_trip,5,Dormant,0.5313,10.4157,8.303,1.8347,1.4535,1.5337,0.556,0.591,0.3868,0,0.278
179063100cdaaf3b,spend_10,1,Champions,1.8026,4.9838,3.8208,1.1679,2.8176,1.2798,-0.0098,0.0,1.2896,0,-0.0049
179d9588c940058c,free_trip,2,Dormant,0.5228,10.1643,8.133,1.7977,0.9962,1.5027,0.4674,0.6946,0.3407,0,0.2337
179dd3ddacbfc6d5,free_trip,2,Dormant,0.5452,10.5554,8.4273,1.8635,1.077,1.5577,0.5293,0.6683,0.3601,0,0.2647
179e41956451c276,free_trip,3,At risk,0.6348,11.108,8.8449,1.9688,2.4429,1.7478,0.5886,0.8265,0.3328,0,0.2943
17b832c1c2a32617,spend_10,5,Champions,2.7826,3.9368,2.761,1.1513,4.7465,0.7125,0.049,0.0,0.6636,0,0.0245
17c4393a57536baf,free_trip,3,Dormant,0.6307,11.9067,9.5189,2.1079,1.4092,1.7621,0.56,0.7889,0.4132,0,0.28
17df7f0eb7e929d7,free_trip,3,At risk,0.6783,12.682,10.1873,2.2566,2.6874,1.1441,0.476,0.4237,0.2444,0,0.238
17e326cf1e6f769a,pct_10,2,Champions,13.3224,8.2472,3.8464,3.5657,8.9171,3.4551,1.6703,1.1614,0.6234,0,0.8352
17e378023c349721,free_trip,4,Dormant,0.5127,10.0688,8.0521,1.7788,1.5678,1.4869,0.4758,0.6697,0.3414,0,0.2379
17e72d5e18ef3cba,spend_10,5,Champions,2.2437,2.9013,1.9737,0.8759,2.1426,0.7503,0.1035,0.0,0.6468,0,0.0517
17edc1d465707256,free_trip,2,Dormant,0.5274,10.3787,8.292,1.8317,1.4225,1.5312,0.51,0.6295,0.3917,0,0.255
17efb0369c4cd2ec,free_trip,1,Dormant,0.5545,10.8027,8.6126,1.9039,0.776,1.5915,0.5724,0.659,0.3601,0,0.2862
17f06bd0f1f182f1,offpeak_15,5,Loyal,6.1519,3.0032,1.4999,1.5891,1.6103,0.5469,-0.1717,0.8295,-0.1109,0,-0.0858
17f7e4f9d6ba2d79,offpeak_15,0,Champions,13.8488,6.845,3.3079,3.5632,9.3664,2.342,-0.0521,2.1593,0.2349,0,-0.0261
17fab5f46248be52,free_trip,5,Dormant,0.5114,10.2256,8.1599,1.8009,1.4968,1.5054,0.5297,0.6497,0.3261,0,0.2648
1807fab038de1686,spend_10,1,Occasional,0.3701,0.5265,0.3427,0.148,0.7562,0.1662,0.0715,0.0,0.0946,0,0.0358
1811322ca3ae9ca6,offpeak_15,5,Loyal,3.6964,5.25,3.729,1.5421,1.976,0.8058,-0.0424,0.8529,-0.0047,0,-0.0212
1812353a9053f64f,free_trip,0,Dormant,0.5357,10.594,8.46,1.8683,0.9564,1.5618,0.5315,0.6653,0.365,0,0.2657
18249ee57bff149f,free_trip,4,Occasional,1.1692,17.4859,14.0975,3.1707,3.2507,1.4251,0.4354,0.7001,0.2896,0,0.2177
18253b9cb9e0dadf,weekend_20,5,Loyal,3.143,1.8452,1.0336,0.8674,2.043,0.4697,-0.1116,-0.0118,0.5931,0,-0.0558
18481fc13c0a70ae,free_trip,3,Dormant,0.5413,10.6473,8.5083,1.8795,0.9731,1.5711,0.5191,0.6871,0.365,0,0.2595
185342623af922df,spend_10,1,Champions,1.5675,1.8494,1.1596,0.5664,2.2388,0.3409,0.2467,0.0,0.0941,0,0.1234
18584af3ec6ac8cf,spend_10,5,Champions,2.1539,1.4674,0.7505,0.6032,4.0415,0.3788,0.2273,0.0935,0.0579,0,0.1137
18614c420e3143ef,spend_10,5,Champions,2.0442,1.6242,0.9526,0.6224,4.3085,0.3598,0.0985,0.0,0.2612,0,0.0493
18868939b1038a66,free_trip,4,Dormant,0.5415,10.6543,8.5215,1.8822,1.6261,1.5734,0.5013,0.7144,0.3578,0,0.2507
1889002f4de1f1a9,free_trip,5,Dormant,0.5502,10.7037,8.5227,1.8843,1.6823,1.5752,0.5933,0.5912,0.3906,0,0.2967
188dcc9f9658a4f2,spend_10,4,Loyal,3.5799,3.9829,2.6011,1.2837,1.769,0.7075,0.1962,0.0,0.5113,0,0.0981
188f0c6430ce846e,spend_10,1,Champions,1.1215,9.1791,7.3417,1.7577,4.9949,1.6487,0.1595,0.0,1.4892,0,0.0797
18914d3e4410d2da,spend_10,1,Champions,1.9348,2.9093,2.0309,0.8236,2.2666,0.7026,0.1095,0.0,0.5931,0,0.0548
1896dba95a778316,offpeak_15,3,Champions,19.6804,15.2053,9.2619,6.0108,5.1417,6.5491,-0.1349,6.8953,-0.2113,0,-0.0675
189e901509b47d75,weekend_20,3,At risk,0.7723,0.5841,0.3579,0.2347,1.1532,0.1286,-0.0172,0.0015,0.1443,0,-0.0086
18b8b3d21c4572b6,offpeak_15,4,Champions,17.7009,12.4575,7.6212,5.259,10.0454,4.4776,-0.8455,5.3147,0.0084,0,-0.4227
18ca7eeddd221d39,free_trip,2,Dormant,0.5706,11.0498,8.8144,1.9491,1.3486,1.6293,0.5726,0.7086,0.3481,0,0.2863
18e48b6d176f008a,offpeak_15,3,Champions,15.5225,8.7027,4.5513,4.169,5.2679,3.532,-0.0351,3.5529,0.0142,0,-0.0175
18f615977b6f6f11,free_trip,3,Dormant,0.5209,10.318,8.2318,1.8178,1.4218,1.5196,0.5367,0.5856,0.3973,0,0.2683
18f643670870bd15,free_trip,3,At risk,0.8328,11.0633,8.7978,2.0001,2.2188,1.1757,0.5307,0.4285,0.2165,0,0.2654
18fcf6468692065b,free_trip,3,At risk,1.2414,18.2292,14.686,3.3079,4.1038,1.7015,0.4706,0.8292,0.4017,0,0.2353
18fdf2a715c818ba,spend_10,0,Loyal,2.9802,2.6722,1.638,0.9591,2.8991,0.7082,0.1502,0.0,0.558,0,0.0751
1916658f2b445c22,weekend_20,0,Occasional,2.4626,1.7542,1.0741,0.7345,1.6251,0.1911,-0.1089,-0.1347,0.4347,0,-0.0545
1932dc9f6a198acf,spend_10,5,Champions,1.7926,3.8532,2.8134,0.9566,5.0481,0.3576,0.1664,0.0,0.1913,0,0.0832
194ca122d55e1e72,free_trip,5,Dormant,0.5212,10.2346,8.1579,1.8025,1.16,1.5068,0.5485,0.5997,0.3586,0,0.2742
1960df7a6a89c3ce,free_trip,2,Dormant,0.5188,10.3103,8.2371,1.8185,1.4041,1.5201,0.5095,0.6835,0.3272,0,0.2547
1971a81d3bfd4194,free_trip,2,At risk,0.492,10.0735,8.0011,1.7639,2.0065,1.4479,0.6169,0.4838,0.3473,0,0.3084
19bbefe8dd389a8e,offpeak_15,4,Champions,14.7454,10.23,5.9467,4.2974,3.5064,3.1788,-0.0282,3.4277,-0.2207,0,-0.0141
19c69faa067bb05d,free_trip,4,Dormant,0.5843,10.6639,8.5102,1.8888,2.2794,1.5789,0.5298,0.6723,0.3768,0,0.2649
19d21ac4589f0fe8,free_trip,3,Occasional,0.9065,11.0605,8.7778,2.0113,2.4628,1.3517,0.5427,0.5704,0.2386,0,0.2713
19d2801d4a4a6f2b,spend_10,0,Loyal,2.7012,3.9942,2.8098,1.1446,2.5926,0.7679,0.0798,0.0,0.6881,0,0.0399
19dd38ca40b8d0c7,free_trip,1,Dormant,0.5077,10.0346,8.0239,1.7719,1.4849,1.4812,0.4776,0.6935,0.3101,0,0.2388
19e4ccb50fa1b3a1,free_trip,5,Dormant,0.5633,10.779,8.6168,1.9066,1.8892,1.5938,0.5113,0.7287,0.3539,0,0.2556
19f83f16fcad00c3,free_trip,0,Dormant,0.5872,11.0397,8.7982,1.9492,1.1207,1.6294,0.5846,0.6841,0.3606,0,0.2923
1a0ede3eb120d156,free_trip,1,Occasional,0.9123,15.0599,12.1529,2.7134,3.7721,0.8931,0.3871,0.4455,0.0605,0,0.1936
1a11e13b63f98d5e,weekend_20,0,Occasional,2.0196,1.155,0.6338,0.5511,1.8732,0.2006,-0.0596,-0.1114,0.3716,0,-0.0298
1a2155ac300e6afa,weekend_20,0,Occasional,1.5193,1.0836,0.6297,0.4463,1.3272,0.2077,0.0153,-0.1835,0.3759,0,0.0076
1a400fa43a93afbb,pct_10,0,Champions,29.9951,19.6079,8.6983,8.036,29.3538,10.561,5.7471,3.5779,1.236,0,2.8735
1a4d1db87ac3ee22,spend_10,3,Champions,1.123,1.4512,0.9167,0.4236,4.9527,0.2539,0.2217,0.0,0.0321,0,0.1109
1a5341ece32d1c09,spend_10,0,Champions,3.0499,1.8609,0.9799,0.8369,2.1645,0.7734,0.0881,0.0,0.6852,0,0.0441
1a60ac238a30e5f8,free_trip,4,At risk,0.7113,16.3564,13.1645,2.8818,2.9878,1.2742,0.6202,0.4158,0.2381,0,0.3101
1a664a5d7037d51b,free_trip,5,At risk,0.8451,11.3088,9.0015,2.045,1.6219,1.6661,0.5247,0.7131,0.4283,0,0.2624
1a755ddec5e06359,free_trip,5,Dormant,0.528,10.4228,8.3541,1.8447,1.081,1.542,0.4481,0.7302,0.3638,0,0.224
1aac029848353beb,rush_hour_25,1,Champions,11.76,4.9772,1.1686,2.6851,3.4261,2.2822,2.2471,0.0803,-0.0451,0,1.1235
1ab1d132bcd8ca36,free_trip,1,Dormant,0.5277,10.3075,8.2213,1.817,1.3087,1.5189,0.5382,0.5788,0.4019,0,0.2691
1ac1274f38e41488,spend_10,5,Loyal,2.9501,2.1349,1.2272,0.8676,2.0742,0.503,0.0804,0.0,0.4226,0,0.0402
1ac5dfb761f3ed18,free_trip,4,Dormant,0.5123,10.1449,8.0897,1.7865,0.9088,1.4934,0.5373,0.5705,0.3856,0,0.2687
1ad2e3cbff5575a9,free_trip,0,Dormant,0.526,10.4534,8.346,1.8426,1.1962,1.5403,0.5297,0.6835,0.3272,0,0.2648
1ad525da8f79d1b2,spend_10,5,Champions,0.868,10.6316,8.3808,1.9208,21.1529,0.9871,0.66,0.0,0.3272,0,0.33
1aef17b2701f9fc2,free_trip,2,Dormant,0.5005,10.0807,8.0046,1.7664,1.976,1.4766,0.6196,0.49,0.3669,0,0.3098
1affe2cd22dd6208,spend_10,1,Champions,1.5026,1.7904,1.1751,0.5561,4.2431,0.2581,0.1185,0.0,0.1396,0,0.0592
1b0b584d755a4c39,spend_10,5,Loyal,2.2108,2.352,1.5361,0.7782,2.3175,0.5752,0.0754,0.0,0.4998,0,0.0377
1b3056bd9053c453,free_trip,0,Dormant,0.5173,10.1601,8.1255,1.795,1.9484,1.5005,0.4792,0.6942,0.3272,0,0.2396
1b3337e47a338cc5,offpeak_15,5,Champions,41.5943,41.727,27.372,14.3232,17.4663,9.6152,0.0635,10.2077,-0.656,0,0.0317
1b3c51ede470ae83,free_trip,5,Dormant,0.5345,10.5563,8.4292,1.8616,1.2545,1.5562,0.5309,0.6353,0.39,0,0.2655
1b535241e3acd5ed,weekend_20,0,Loyal,3.1077,3.5159,2.4186,1.1477,1.9015,0.6751,-0.1008,-0.008,0.7839,0,-0.0504
1b57e2b574ea1d4a,offpeak_15,2,Occasional,1.5361,1.2709,0.7919,0.4835,1.5127,0.284,-0.0089,0.3227,-0.0298,0,-0.0044
1b5c3c51a796d582,spend_10,1,Champions,1.1376,18.483,15.0239,3.3565,6.544,2.8255,0.2052,0.0,2.6203,0,0.1026
1b63885ad1df47e1,free_trip,2,Dormant,0.5226,10.3682,8.2917,1.8306,1.5924,1.5303,0.4918,0.6574,0.381,0,0.2459
1b67eb9213bec00d,free_trip,2,Dormant,0.5428,10.612,8.4825,1.8744,1.5618,1.5669,0.5103,0.6996,0.357,0,0.2552
1b76389bef447a9c,free_trip,1,Dormant,1.0025,11.449,9.0859,2.0952,1.037,1.7515,0.5359,0.8109,0.4048,0,0.2679
1b791e4ce6ff173f,weekend_20,1,Loyal,1.4653,1.1733,0.7131,0.4524,1.3184,0.5313,0.0157,0.1716,0.344,0,0.0078
1b829d866afe2b7a,free_trip,4,Dormant,0.5128,10.2252,8.1483,1.7988,1.2244,1.5037,0.5561,0.5884,0.3592,0,0.278
1b9ce0d56a2b8485,offpeak_15,4,Champions,14.9536,7.6813,3.8059,3.896,4.6992,3.3957,-0.0412,3.647,-0.2102,0,-0.0206
1b9e579b22e35907,free_trip,2,Dormant,0.5467,10.5305,8.41,1.8602,0.9053,1.555,0.5206,0.6512,0.3832,0,0.2603
1ba540cf3265f92f,spend_10,2,Champions,1.1457,2.9353,2.1514,0.6848,7.653,0.4671,0.1984,0.0,0.2687,0,0.0992
1bba5f127735a09b,free_trip,0,Dormant,0.5841,11.2652,9.0006,1.9906,1.364,1.664,0.5479,0.6248,0.4914,0,0.2739
1bcb72214b41248e,spend_10,5,Occasional,2.0322,2.8536,1.9877,0.8349,1.7784,0.2784,0.062,0.0,0.2164,0,0.031
1bcd96b31633a048,free_trip,2,At risk,0.669,13.5646,10.9297,2.4089,1.8124,1.3966,0.4519,0.6302,0.3145,0,0.226
1bd72c9a054b8434,free_trip,3,Dormant,0.588,11.096,8.8777,1.9659,1.5792,1.6434,0.5048,0.6871,0.4514,0,0.2524
1bd93972a2f3d8a5,spend_10,1,Champions,2.1312,2.4622,1.6389,0.783,2.1136,0.5802,0.0807,0.0,0.4995,0,0.0403
1be5a8e5313c0468,free_trip,1,Dormant,0.5648,10.7882,8.5709,1.8973,3.2521,1.5861,0.6398,0.5262,0.4201,0,0.3199
1c03a9417a24a330,free_trip,0,Occasional,1.092,17.3695,13.9863,3.1315,3.3285,1.634,0.5033,0.8376,0.2931,0,0.2517
1c2fb5160fd6a58f,spend_10,2,Champions,2.5037,1.767,0.9911,0.7258,2.1649,0.6495,0.1001,0.0,0.5494,0,0.0501
1c3a8a9082579d20,spend_10,4,Champions,2.0298,2.6354,1.7961,0.7946,2.4362,0.7023,0.0893,0.0,0.613,0,0.0447
1c41025fbe8ca9d7,spend_10,1,Champions,2.7263,2.4558,1.4953,0.8768,4.1715,0.5585,0.1675,0.0,0.391,0,0.0838
1c41beed66a3b97f,weekend_20,0,Loyal,2.6678,1.7131,1.0039,0.7625,1.5288,0.5885,-0.1066,-0.0624,0.7574,0,-0.0533
1c515581915dd290,offpeak_15,5,Loyal,6.6539,3.6425,1.9214,1.781,2.9214,0.8552,-0.1198,1.1192,-0.1442,0,-0.0599
1c65cd3f312dbb01,free_trip,2,Dormant,0.5296,10.5944,8.4604,1.8671,1.8024,1.5608,0.5339,0.6731,0.3538,0,0.2669
1c7184060f81856d,spend_10,3,Champions,1.2149,9.7664,7.7537,1.8626,3.1832,1.3404,0.3003,0.0,1.0401,0,0.1501
1c803f821a01817f,spend_10,5,Loyal,3.0034,1.7516,0.8991,0.8105,1.7934,0.6067,0.0841,0.0,0.5226,0,0.042
1c9de665c00110af,free_trip,1,Dormant,0.9096,10.2674,8.1314,1.8777,1.7668,1.5696,0.5166,0.6683,0.3847,0,0.2583
1cabf287286cb788,free_trip,3,Dormant,0.5297,10.3336,8.2645,1.8264,2.2338,1.5268,0.4853,0.675,0.3665,0,0.2427
1cb6e001ec0d5d70,spend_10,4,Champions,2.6591,3.6999,2.5686,1.0857,2.9624,0.7951,0.0911,0.0,0.704,0,0.0455
1cbaf867828e69f5,free_trip,1,Dormant,0.5874,10.8611,8.6615,1.9209,2.2134,1.6057,0.5574,0.6517,0.3965,0,0.2787
1cbe5d4ce2d6aded,spend_10,2,Champions,1.5591,2.5493,1.8066,0.699,4.9251,0.3454,0.0875,0.0,0.2579,0,0.0438
1cbe6c1e00370d87,spend_10,1,Champions,0.8263,2.176,1.5391,0.4913,2.6003,0.6079,0.2913,0.0,0.3166,0,0.1456
1cbf17ecc937a730,free_trip,0,Dormant,0.5606,10.9914,8.7973,1.9435,1.5414,1.6246,0.5013,0.7258,0.3976,0,0.2506
1cc6d4083e7d47d2,free_trip,1,Dormant,0.5343,10.4325,8.3652,1.8483,1.8511,1.5451,0.4379,0.7229,0.3843,0,0.219
1cc8266f1811757c,rush_hour_25,5,Occasional,2.1533,1.1206,0.1398,0.4762,1.2268,0.8799,1.0092,-0.0664,-0.0628,0,0.5046
1cd573f8dd512292,spend_10,0,Champions,0.9959,1.6351,1.1624,0.4482,2.2573,0.3966,0.049,0.0,0.3476,0,0.0245
1cd6d6652f4361a8,spend_10,5,Champions,2.0213,2.3534,1.4853,0.7283,4.032,0.3665,0.2796,0.0,0.0869,0,0.1398
1ce3b95129d0810e,spend_10,2,Champions,1.8322,1.571,0.9452,0.5768,3.2511,0.4438,0.0979,0.0,0.3459,0,0.049
1ced4ac800a3cd12,spend_10,2,Champions,1.5705,8.8297,6.9701,1.7737,4.2606,1.0948,0.1718,0.0,0.923,0,0.0859
1d1a8d94a815d3a6,spend_10,1,Champions,1.7371,2.9789,2.1144,0.7999,2.2002,0.8129,0.1292,0.0,0.6837,0,0.0646
1d2030e9c0e4416b,spend_10,1,Loyal,2.5856,1.6788,0.8499,0.7135,4.751,0.4133,0.2306,0.0,0.1826,0,0.1153
1d2ac4f17e6a7dab,spend_10,4,Champions,1.9865,4.1025,3.007,1.0371,2.4359,0.7604,0.117,0.0,0.6434,0,0.0585
1d33a55fbf60941a,weekend_20,0,Loyal,3.2301,1.7268,0.9343,0.8649,1.8347,0.5388,-0.1446,0.1253,0.558,0,-0.0723
1d3c119da32bb002,spend_10,0,Champions,3.1369,4.6528,3.2892,1.3346,2.7829,0.9377,0.0579,0.0,0.8798,0,0.0289
1d459d714efc02ad,free_trip,0,At risk,0.7038,10.7718,8.5136,1.9143,1.2407,1.698,0.6876,0.6467,0.3636,0,0.3438
1d5c268a564f66e7,spend_10,2,Champions,0.6923,3.3727,2.5584,0.6751,6.1552,0.4711,0.2783,0.0,0.1927,0,0.1392
1d624d3e44445f71,spend_10,1,Champions,1.373,21.1084,16.9384,3.803,12.3659,3.6032,0.7341,0.0,2.8692,0,0.367
1d7a176d962bec95,free_trip,3,Dormant,0.5274,10.4719,8.3691,1.8477,1.3058,1.5445,0.5103,0.675,0.3592,0,0.2552
1d85c201cfb1ad7b,spend_10,4,Loyal,3.1474,2.6846,1.591,0.9841,3.2951,0.3152,0.219,0.0,0.0962,0,0.1095
1d861356db69e772,free_trip,2,Dormant,0.5207,10.3735,8.3034,1.8326,1.4724,1.532,0.4749,0.7045,0.3526,0,0.2374
1d8c4a749a80beba,free_trip,4,Dormant,0.5013,10.0584,8.0577,1.7776,1.7274,1.4859,0.4463,0.6961,0.3435,0,0.2232
1d9a6446f9415ee2,free_trip,5,Dormant,0.5184,10.2402,8.1635,1.8031,1.0557,1.5073,0.5473,0.591,0.369,0,0.2736
1dab9646eed0c3e3,free_trip,3,At risk,0.8903,10.3783,8.2408,1.8964,2.1863,1.1059,0.4823,0.4243,0.1993,0,0.2411
1dc9c1be2986f5de,free_trip,2,At risk,0.6304,17.9398,14.5976,3.1626,4.2103,1.3833,0.3591,0.7123,0.3119,0,0.1796
1ddcf92de0ed6174,free_trip,3,Dormant,0.5213,10.3151,8.2245,1.8164,1.0317,1.5184,0.5485,0.6105,0.3594,0,0.2742
1de3cb097b8d60e4,spend_10,0,Champions,1.7039,6.549,5.0613,1.405,3.7748,1.129,0.1653,0.0,0.9637,0,0.0827
1de4a59e9bccff63,free_trip,4,Dormant,0.5401,10.6453,8.5338,1.8845,1.9931,1.5753,0.454,0.696,0.4254,0,0.227
1e0b2dfd3140cf8b,free_trip,1,Dormant,0.5093,10.2911,8.1784,1.8043,2.6972,1.5083,0.6169,0.4818,0.4095,0,0.3084
1e11a24bbc0a73b8,spend_10,1,Champions,2.2015,8.1286,6.0698,1.7178,5.9493,1.0641,0.682,0.0,0.3821,0,0.341
1e187dc5a1eb6fa0,free_trip,5,Dormant,0.6178,11.5788,9.265,2.0525,2.5395,1.7158,0.5224,0.8316,0.3617,0,0.2612
1e273ad86d68d479,spend_10,0,Champions,0.8345,1.5915,1.0851,0.3987,5.3542,0.4796,0.2155,0.0,0.2641,0,0.1077
1e3753ea50d7b845,free_trip,1,Dormant,0.5763,10.8994,8.6929,1.925,3.59,1.6092,0.5631,0.6993,0.3468,0,0.2815
1e4640eff04af360,weekend_20,4,Loyal,1.354,0.7703,0.4681,0.3784,1.0494,0.3988,-0.1523,0.0945,0.4565,0,-0.0761
1e4ca203ac612d8d,spend_10,3,Loyal,3.4265,2.0226,1.0071,0.9208,2.1555,0.6446,0.1893,0.0,0.4553,0,0.0947
1e4f20fa98ab5275,free_trip,2,Dormant,0.5006,9.9919,7.9912,1.7636,1.0521,1.4743,0.4742,0.6013,0.3988,0,0.2371
1e55cceeef3ab127,free_trip,4,Dormant,0.5077,10.1244,8.0924,1.7861,1.6433,1.4931,0.4918,0.6245,0.3768,0,0.2459
1e65113be7429d3c,free_trip,2,Dormant,0.5135,10.1971,8.1541,1.8001,1.4504,1.5048,0.4857,0.6935,0.3256,0,0.2428
1e67f121cd90e87e,free_trip,0,Dormant,0.6446,11.812,9.4535,2.0972,1.5,1.7531,0.5225,0.8581,0.3725,0,0.2613
1e71ed71600b5a6e,free_trip,4,Dormant,0.5295,10.3199,8.2523,1.8238,2.0114,1.5246,0.4875,0.7033,0.3338,0,0.2437
1e73575ce8b2db42,weekend_20,2,Occasional,1.5307,1.1207,0.6836,0.4599,1.349,0.2954,-0.0456,0.0305,0.3105,0,-0.0228
1e74fb18b96548fd,free_trip,0,Dormant,0.5829,10.987,8.7811,1.9448,2.7767,1.6257,0.5222,0.7388,0.3647,0,0.2611
1e756acbcede0308,free_trip,2,Dormant,0.5505,10.837,8.6317,1.907,1.9031,1.5941,0.5965,0.641,0.3567,0,0.2982
1e80ec6e543ba49e,free_trip,4,Dormant,0.5001,9.9736,7.9669,1.7585,1.7266,1.47,0.4963,0.6465,0.3272,0,0.2481
1e8a2f2b2d0f7e69,free_trip,1,At risk,1.1109,12.1338,9.6596,2.2369,1.9843,1.4915,0.4746,0.6319,0.3851,0,0.2373
1eb1b5526e14b6ed,free_trip,3,Dormant,0.5047,10.1267,8.1088,1.7889,1.8377,1.4954,0.4582,0.6923,0.3449,0,0.2291
1ebcbd7577fe5742,free_trip,5,Occasional,1.9005,14.4205,11.3451,2.7509,3.1728,1.1306,0.649,0.3172,0.1644,0,0.3245
1ec52b91b386baba,free_trip,5,Dormant,0.5203,10.336,8.2734,1.8263,1.487,1.5267,0.4724,0.6745,0.3797,0,0.2362
1ece74e0315f91cc,free_trip,3,Dormant,0.601,11.4097,9.1155,2.018,1.7022,1.6869,0.5524,0.7809,0.3536,0,0.2762
1ece98973eda25ec,free_trip,2,Occasional,1.2821,10.4984,8.21,1.9714,1.3185,1.8982,0.6341,0.8758,0.3883,0,0.3171
1ed409a7bba2f376,free_trip,2,Dormant,0.6397,11.9851,9.5471,2.1156,2.077,1.7685,0.6448,0.735,0.3887,0,0.3224
1ed460704553826f,free_trip,5,Dormant,0.5437,10.6158,8.4716,1.8723,2.376,1.5652,0.5437,0.6173,0.4041,0,0.2719
1edc5dae32746868,rush_hour_25,2,Occasional,3.1044,1.5181,0.522,0.7531,1.2454,0.4096,0.4861,-0.0561,-0.0203,0,0.243
1ee41dc9b018f13f,free_trip,2,At risk,0.9427,13.8841,11.1274,2.5068,3.2238,1.3063,0.5,0.5155,0.2908,0,0.25
1ef542ee1bc65452,free_trip,1,Dormant,0.5348,10.3464,8.2606,1.8267,1.3842,1.527,0.5183,0.6292,0.3795,0,0.2591
1f12da8c11e4b160,weekend_20,0,Loyal,3.348,1.8298,0.9692,0.8966,2.3208,0.3849,-0.0721,-0.0832,0.5401,0,-0.036
1f353308a6d2cf3a,weekend_20,4,Occasional,2.2383,3.3406,2.3981,0.9629,2.1167,0.3917,-0.0407,-0.1272,0.5596,0,-0.0204
1f3bc102f8df15c6,free_trip,4,Dormant,1.0496,11.4783,9.0851,2.1048,1.2665,1.7595,0.5767,0.806,0.3768,0,0.2883
1f420677d45f22d3,free_trip,1,Dormant,0.5359,10.3038,8.2314,1.8208,1.3207,1.5221,0.503,0.6659,0.3531,0,0.2515
1f43c988aecbc120,free_trip,2,Dormant,0.5288,10.4432,8.3478,1.8435,1.0976,1.5411,0.5036,0.6783,0.3592,0,0.2518
1f4bb503ca547756,free_trip,3,At risk,0.7057,11.7677,9.3693,2.0924,1.8228,1.5806,0.6118,0.6697,0.2991,0,0.3059
1f4ebe9ef25c8c12,free_trip,5,Dormant,0.5039,10.0586,8.039,1.7742,1.9016,1.4832,0.4906,0.6685,0.324,0,0.2453
1f5c13ec48947656,free_trip,5,Dormant,0.5733,11.0928,8.8503,1.9571,1.557,1.6361,0.5706,0.6667,0.3987,0,0.2853
1f9aeb4cc1f5d2f9,free_trip,3,Dormant,0.5831,11.1443,8.8996,1.9694,2.2135,1.6463,0.5506,0.7216,0.3741,0,0.2753
1fb44b748f3d6f30,free_trip,5,Dormant,0.5337,10.571,8.4358,1.8628,0.9153,1.5572,0.5446,0.652,0.3606,0,0.2723
1fb8068e701b5761,free_trip,1,Dormant,0.5372,10.6381,8.502,1.8773,2.0348,1.5693,0.5176,0.6853,0.3664,0,0.2588
1fc2f1070f64d5ba,free_trip,0,Dormant,0.5074,10.1126,8.0908,1.7857,1.3399,1.4928,0.472,0.6041,0.4166,0,0.236
1fc8cac4d361d575,rush_hour_25,3,Occasional,2.259,1.4079,0.5623,0.5859,0.9827,0.465,0.5192,-0.0177,-0.0365,0,0.2596
1febc339939c3a89,free_trip,4,Dormant,0.5499,10.5997,8.4672,1.8727,1.1663,1.5655,0.5196,0.6977,0.3481,0,0.2598
1ffc2339561c98c6,free_trip,5,Dormant,0.5351,10.3284,8.2485,1.8242,1.4296,1.5249,0.5115,0.6383,0.3751,0,0.2558
200d564adc6c726e,spend_10,3,Champions,1.4565,4.5206,3.3954,1.0077,2.8689,1.0252,0.235,0.0,0.7902,0,0.1175
2032bbc7ffe413ba,spend_10,0,Champions,1.724,2.3345,1.5946,0.6892,1.9214,0.7467,0.1013,0.0,0.6454,0,0.0506
203cf70cf2e9375c,offpeak_15,1,Occasional,0.8182,0.563,0.3268,0.2378,0.9085,0.1605,-0.0033,0.1909,-0.0271,0,-0.0016
204e974b746f6cf8,free_trip,5,At risk,1.0873,14.1556,11.3712,2.5874,2.1349,1.5612,0.3938,0.7685,0.3989,0,0.1969
2073d6fb128be459,spend_10,5,Occasional,2.3144,1.4613,0.7453,0.6354,1.5187,0.3036,0.1612,0.0176,0.1249,0,0.0806
209e5150c732d1b3,spend_10,3,Champions,1.9468,2.1967,1.4493,0.7053,3.4327,0.5651,0.0843,0.0,0.4809,0,0.0421
20b860aefa444225,spend_10,1,Champions,2.0511,1.3618,0.7398,0.5796,1.8933,0.611,0.0849,0.0,0.5261,0,0.0424
20bfb4ee324f52fc,spend_10,2,Loyal,2.3998,1.7598,1.0189,0.71,1.6201,0.5053,0.0619,0.0,0.4434,0,0.031
20ca128cef45bffa,free_trip,3,At risk,0.743,14.0986,11.3489,2.5113,2.2169,1.423,0.4766,0.6416,0.3047,0,0.2383
20d3ed54e860430b,offpeak_15,0,Champions,7.8405,4.8962,2.7315,2.1956,3.3481,1.8777,-0.0618,2.0093,-0.0698,0,-0.0309
20e5807e2cc4d963,offpeak_15,3,Champions,16.0349,6.9079,2.9613,3.9452,5.4244,3.816,0.0028,3.8689,-0.0557,0,0.0014
20ef2229498c3aef,spend_10,0,Loyal,2.9916,3.1836,2.0748,1.0522,2.3648,0.6033,0.113,0.0,0.4903,0,0.0565
20f97d7b6753dad1,free_trip,3,Dormant,0.5549,10.7863,8.6079,1.903,1.2901,1.5908,0.5508,0.6808,0.3592,0,0.2754
210d01b4637531d0,free_trip,1,Dormant,0.6034,11.5124,9.2142,2.0389,1.5073,1.7044,0.5187,0.7265,0.4592,0,0.2593
212918161d4f9af7,free_trip,2,Dormant,0.549,10.546,8.4197,1.8626,1.3426,1.5571,0.5274,0.6765,0.3531,0,0.2637
2130ef272301b8b6,free_trip,1,Dormant,0.5315,10.4388,8.3294,1.8403,1.3748,1.5384,0.5382,0.6136,0.3866,0,0.2691
2131ceb9f4e944dd,free_trip,4,Dormant,0.5462,10.5535,8.4244,1.8631,1.5972,1.5574,0.5321,0.6661,0.3592,0,0.266
213eb93cabaa096c,free_trip,5,At risk,0.4799,15.1754,12.3236,2.6591,3.73,1.1804,0.3856,0.4897,0.3051,0,0.1928
2163e4b581dc5de9,spend_10,4,Champions,1.131,1.0714,0.6107,0.3617,7.9046,0.1871,0.1978,0.0,-0.0106,0,0.0989
216d8e2e7179fbef,free_trip,1,Occasional,1.4147,16.0451,12.7655,2.945,2.2917,1.8906,0.669,0.8571,0.3645,0,0.3345
216dceb9acdfaacb,weekend_20,1,Occasional,1.9983,1.0008,0.5231,0.5237,1.1981,0.1907,-0.0919,-0.0484,0.3311,0,-0.046
218485152d1be3c5,offpeak_15,3,Champions,15.9668,9.7348,5.3524,4.4277,5.7079,3.4263,-0.0906,3.5797,-0.0629,0,-0.0453
2191f508593fbefb,free_trip,5,Dormant,0.5113,10.3198,8.1684,1.8026,1.8935,1.5069,0.6976,0.4652,0.3441,0,0.3488
21947cc6642df86a,free_trip,1,Dormant,0.548,10.6189,8.4839,1.8758,1.5752,1.568,0.5184,0.6972,0.3524,0,0.2592
21a7a600ee49673a,free_trip,1,Occasional,1.276,13.0052,10.2998,2.4041,4.1087,1.1306,0.6025,0.3144,0.2137,0,0.3012
21d387526ba92619,free_trip,5,Occasional,1.3131,22.8033,18.4232,4.0989,5.1667,1.7676,0.5622,0.8738,0.3316,0,0.2811
21d3df69b075dd71,free_trip,0,Dormant,0.5655,10.6194,8.4706,1.8767,2.0985,1.5688,0.5442,0.6585,0.366,0,0.2721
21e4ab3bc7c9b6b0,free_trip,0,Dormant,0.5287,10.4507,8.3433,1.8426,1.2361,1.5403,0.5297,0.6835,0.3272,0,0.2648
21e50cb41ca9efc6,free_trip,4,At risk,0.456,14.7215,11.8647,2.5588,3.3798,1.1245,0.596,0.3496,0.1789,0,0.298
21f104f00741b229,free_trip,3,At risk,1.6196,12.4094,9.7754,2.3666,2.3128,1.1686,0.5349,0.4205,0.2132,0,0.2675
21f46ce0e305803e,free_trip,3,Dormant,0.5496,10.7555,8.5704,1.8941,1.7175,1.5833,0.5819,0.6298,0.3716,0,0.291
22022b11a07c23cd,free_trip,2,Dormant,0.5482,10.756,8.5852,1.8969,1.1234,1.5857,0.5479,0.6208,0.4169,0,0.274
220f7d906d187e36,weekend_20,1,Occasional,1.2921,1.4781,1.0019,0.4764,1.228,0.569,-0.0006,-0.05,0.6196,0,-0.0003
2223057f4bee6c4f,spend_10,2,Champions,1.6765,3.1391,2.289,0.8236,2.6292,0.6755,0.053,0.0,0.6225,0,0.0265
2230c3441b2df39d,free_trip,0,Dormant,0.5593,10.9395,8.7304,1.9293,1.5543,1.6128,0.5595,0.6929,0.3604,0,0.2797
2230d568708b49e5,spend_10,1,Champions,1.0544,2.0287,1.4258,0.5151,5.5122,0.2933,0.1754,0.0,0.1179,0,0.0877
22397a73a1594f08,free_trip,5,Dormant,0.5333,10.381,8.2699,1.8283,0.7814,1.5283,0.5656,0.5932,0.3696,0,0.2828
2241c4e9ce33083a,free_trip,2,Dormant,0.533,10.4192,8.3116,1.8369,2.1069,1.5355,0.5416,0.5975,0.3965,0,0.2708
2245126041a226b7,free_trip,2,Dormant,0.6708,12.1151,9.6536,2.1442,1.1906,1.7924,0.6347,0.7441,0.4136,0,0.3174
2245424d63186144,free_trip,0,Dormant,0.502,9.9157,7.9232,1.7498,1.9572,1.4627,0.4853,0.6502,0.3272,0,0.2427
2250df004931c3f0,free_trip,5,Dormant,0.6042,11.2767,8.9859,1.9917,1.363,1.665,0.598,0.7205,0.3465,0,0.299
2256be176ee6c05b,free_trip,4,At risk,0.6283,14.4417,11.6826,2.5568,2.9847,1.3765,0.4046,0.6609,0.3109,0,0.2023
22789c56b435e72a,free_trip,2,Dormant,0.6244,11.612,9.2774,2.0564,2.1266,1.7191,0.5564,0.8199,0.3427,0,0.2782
22b0b3deecd72717,free_trip,2,Dormant,0.5993,11.112,8.8484,1.9621,2.0129,1.6402,0.6028,0.6691,0.3683,0,0.3014
22b636a1cc9e1eb3,free_trip,2,Dormant,0.5425,10.6627,8.5484,1.888,1.4713,1.5783,0.4525,0.7841,0.3416,0,0.2263
22c2d30d5fb4fee0,free_trip,5,Dormant,0.5769,10.8695,8.6702,1.9205,2.9784,1.6054,0.5578,0.6813,0.3664,0,0.2789
22ce9f2bcc33e514,spend_10,1,Occasional,0.4511,0.4564,0.2961,0.1552,0.6097,0.1118,0.0101,0.0,0.1017,0,0.0051
22e210702924ff1b,spend_10,3,Loyal,2.4462,3.0821,2.0826,0.9406,1.7703,0.6004,0.1178,0.0,0.4826,0,0.0589
22e3a0ea3660664b,free_trip,3,Dormant,0.6323,11.8178,9.4491,2.0938,1.3022,1.7502,0.5498,0.7835,0.4169,0,0.2749
22e3d0132147545b,spend_10,3,Champions,2.1045,3.0836,2.136,0.8807,3.7761,0.9048,0.1338,0.0,0.771,0,0.0669
22e454f95dcb4947,free_trip,5,Dormant,0.5618,10.8725,8.6815,1.9197,1.9112,1.6047,0.5425,0.6995,0.3627,0,0.2713
232d6c6b705d47ca,spend_10,5,Champions,1.5115,1.345,0.7909,0.4782,3.0006,0.2994,0.1519,0.0,0.1476,0,0.0759
233cb42dd4af1ba8,offpeak_15,5,Occasional,4.8866,2.2208,1.0243,1.2276,3.0024,0.5009,-0.0623,0.582,-0.0189,0,-0.0311
23494e94d5302655,weekend_20,1,At risk,0.9545,0.8013,0.5038,0.3029,1.4621,0.3711,-0.0109,-0.0079,0.39,0,-0.0054
2363bbc535e707c2,spend_10,0,Champions,1.8802,1.5316,0.8997,0.5773,1.2087,0.7032,0.1091,0.0,0.5941,0,0.0546
23832e03a13391d7,free_trip,4,Dormant,0.5417,10.5002,8.3844,1.8538,1.2065,1.5497,0.5241,0.6834,0.3422,0,0.262
2389b2e330ac3470,offpeak_15,1,Champions,13.621,7.1063,3.7145,3.6003,5.343,3.1808,-0.4171,3.7136,-0.1158,0,-0.2085
238ca3587558fad0,free_trip,3,At risk,0.4169,18.3558,14.9419,3.1898,4.4403,0.8461,0.4482,0.2923,0.1056,0,0.2241
239139f50078e9d9,spend_10,3,Loyal,2.2707,2.2199,1.3507,0.7521,6.5277,0.2835,0.234,0.0,0.0494,0,0.117
2392df2574df2003,free_trip,5,Dormant,0.5205,10.328,8.2514,1.8218,2.0496,1.5229,0.5096,0.6399,0.3733,0,0.2548
239be57045a4be76,free_trip,2,Dormant,0.5442,10.7169,8.4996,1.8783,2.3289,1.5701,0.678,0.4676,0.4246,0,0.339
23a888fd4e4a1e44,spend_10,0,Champions,1.7487,3.2724,2.2834,0.8374,3.5715,0.538,0.3031,0.0,0.2349,0,0.1515
23aa03abcb33a9df,free_trip,5,Dormant,0.5411,10.4521,8.3397,1.8444,1.4817,1.5418,0.5362,0.6741,0.3316,0,0.2681
23b0ecea03f4bc23,free_trip,5,Dormant,0.5065,10.0295,8.0172,1.7702,1.3885,1.4798,0.484,0.6642,0.3316,0,0.242
23c6069bdabf1ad7,free_trip,5,Occasional,0.8663,11.6118,9.2083,2.0923,1.8179,1.5511,0.6222,0.6286,0.3002,0,0.3111
23d3381f7f16ed37,spend_10,1,Champions,2.3667,1.5898,0.8755,0.6733,3.1753,0.6125,0.082,0.0,0.5305,0,0.041
23eadf13ffc7ecc8,spend_10,5,Champions,2.015,6.5294,4.9323,1.4428,2.8317,1.0704,0.3086,0.0,0.7619,0,0.1543
23f334ebdb3f462a,spend_10,1,Champions,2.1504,1.728,0.9782,0.6498,3.8798,0.3695,0.2002,0.0,0.1693,0,0.1001
24225fc45f71e8fa,offpeak_15,4,Champions,17.6676,11.4853,6.5351,5.0265,6.4347,4.4854,-0.1527,4.6341,0.004,0,-0.0763
2432506a0d1f354f,free_trip,1,Dormant,0.5379,10.4139,8.321,1.8398,1.1531,1.538,0.5061,0.6613,0.3706,0,0.2531
2434adff962bd69b,free_trip,4,Dormant,0.5272,10.0714,8.0458,1.7805,1.1344,1.4884,0.4904,0.646,0.352,0,0.2452
245297dae90082cf,free_trip,5,Dormant,0.5861,11.2624,8.9899,1.9888,1.4447,1.6625,0.5675,0.7149,0.3801,0,0.2837
245e746608d7c5e3,free_trip,4,Occasional,0.8531,11.3757,9.0388,2.0544,3.3243,0.9991,0.565,0.3104,0.1237,0,0.2825
24702d29056c1536,spend_10,5,Champions,3.0998,5.746,4.1689,1.5096,4.1264,1.0371,0.1352,0.0,0.902,0,0.0676
2471d46f9c8b986b,free_trip,0,Dormant,0.7062,12.3997,9.8974,2.2022,1.6998,1.8409,0.6004,0.8369,0.4036,0,0.3002
247e1bd4011cfd81,rush_hour_25,0,Champions,4.0339,1.8531,0.1049,0.8596,2.3356,1.8107,1.7773,0.0752,-0.0419,0,0.8887
24836c459a66fe81,offpeak_15,4,Champions,37.982,21.656,11.4016,10.2562,22.4565,5.4222,-0.0035,5.8029,-0.3772,0,-0.0018
2483f039f3a32901,free_trip,2,Dormant,0.5219,10.3374,8.2389,1.8195,0.8974,1.521,0.5581,0.5861,0.3768,0,0.2791
24871455b2629eee,free_trip,1,At risk,1.4148,13.1088,10.4337,2.4607,2.0915,1.5378,0.4288,0.6533,0.4558,0,0.2144
2492ace5a3ecd850,spend_10,1,Champions,0.9686,16.3779,12.8764,2.8754,13.1939,1.6389,1.2521,0.0,0.3868,0,0.6261
24a48200e56d1d83,spend_10,3,Champions,2.2287,2.0052,1.2686,0.7263,1.3942,0.7314,0.0203,0.0,0.7111,0,0.0102
24e3b6a6b2927b5a,spend_10,4,Champions,2.234,2.7008,1.7951,0.8368,2.2783,0.7038,0.1377,0.0,0.5661,0,0.0688
24e8613cee09ff8b,free_trip,4,Dormant,0.5088,10.1125,8.0781,1.7834,1.2755,1.4908,0.5021,0.6615,0.3272,0,0.2511
24eb19f4302bafb8,free_trip,0,Dormant,0.4962,9.9065,7.9263,1.7492,1.6302,1.4622,0.462,0.5738,0.4265,0,0.231
24ec04dccd864937,free_trip,1,At risk,1.0311,10.5833,8.3245,1.943,1.9315,1.6077,0.6316,0.6512,0.3248,0,0.3158
24f10b4720a67f99,free_trip,2,Dormant,0.5671,11.1091,8.8724,1.9604,1.7563,1.6388,0.5525,0.7139,0.3724,0,0.2762
24f21f4df3b5dde9,free_trip,1,Dormant,0.7076,9.9895,7.946,1.7972,1.095,1.5024,0.4926,0.6058,0.404,0,0.2463
2505c92138580c56,spend_10,5,Champions,2.5666,2.8811,1.9052,0.9287,2.3461,0.759,0.0945,0.0,0.6646,0,0.0472
250fddabcc8e1591,free_trip,4,Dormant,0.5243,10.3642,8.2958,1.8318,1.3301,1.5313,0.4733,0.7004,0.3576,0,0.2366
251ef3e1f173fed1,free_trip,2,Dormant,0.5496,10.5351,8.4018,1.8591,1.7659,1.5541,0.5483,0.6397,0.366,0,0.2742
25376b60310825dc,free_trip,5,Dormant,0.5499,10.8062,8.6206,1.9046,0.9604,1.5921,0.562,0.672,0.358,0,0.281
25401075032042ab,free_trip,2,Dormant,0.5323,10.3516,8.2796,1.8301,1.2943,1.5298,0.4837,0.6946,0.3515,0,0.2418
254943317c6faba6,free_trip,4,Dormant,0.4966,9.9462,7.9468,1.7536,1.6654,1.4659,0.4918,0.6245,0.3496,0,0.2459
254e099598728572,free_trip,3,Dormant,0.4993,10.0592,8.0566,1.7769,1.7485,1.4854,0.4512,0.7015,0.3327,0,0.2256
255dac917e4c4121,free_trip,1,At risk,0.8693,15.326,12.346,2.7446,2.6037,1.4023,0.4707,0.5868,0.3447,0,0.2354
2560bdb7afc3196b,free_trip,1,Dormant,0.4925,9.8738,7.885,1.7399,1.0207,1.4544,0.4978,0.5873,0.3693,0,0.2489
258625927fc9ea98,weekend_20,2,Occasional,1.9162,1.0167,0.5451,0.5112,1.2499,0.5118,-0.079,-0.0276,0.6184,0,-0.0395
25b83b7145d5f0da,offpeak_15,5,Champions,10.9126,8.4212,5.1421,3.3343,8.3022,2.0739,-0.1103,2.2633,-0.0791,0,-0.0552
25b97dcd50817c78,free_trip,0,Dormant,0.5143,10.1286,8.0888,1.7867,1.206,1.4936,0.5061,0.585,0.4026,0,0.253
25bbaea0e6806321,free_trip,2,Occasional,0.868,10.9112,8.6687,1.9806,1.9312,1.3304,0.5238,0.5515,0.2551,0,0.2619
25bde450e953369e,weekend_20,3,Dormant,0.6671,0.5537,0.3465,0.2105,0.461,0.176,-0.0066,-0.0087,0.1913,0,-0.0033
25e0b50c64a7e623,free_trip,3,Dormant,0.6206,11.1566,8.8864,1.9745,1.9654,1.6505,0.5915,0.6973,0.3617,0,0.2958
25f08c6f3111d799,free_trip,2,Dormant,0.5526,10.7973,8.6772,1.9169,2.214,1.6024,0.4065,0.7728,0.423,0,0.2033
25f248f2a1f5e5bc,free_trip,2,Dormant,0.5218,10.3858,8.2991,1.832,1.1587,1.5314,0.5095,0.6781,0.3438,0,0.2547
25f769f07e5eccab,spend_10,4,Loyal,2.7585,2.861,1.8354,0.9541,2.2272,0.6992,0.143,0.0,0.5562,0,0.0715
260bfe6496df5473,spend_10,1,Champions,1.8991,2.6647,1.8363,0.7758,2.2259,0.6847,0.1052,0.0,0.5795,0,0.0526
2612b01694012c61,spend_10,3,Champions,1.394,1.9057,1.2646,0.5522,7.7714,0.3308,0.1778,0.0,0.1529,0,0.0889
2612d90bee1193ca,free_trip,2,Dormant,0.5428,10.7821,8.5999,1.8988,1.4365,1.5873,0.5668,0.6941,0.3264,0,0.2834
2649f8d34b8171fd,free_trip,1,Dormant,0.4988,9.8808,7.8999,1.7443,1.3418,1.4581,0.4733,0.6592,0.3256,0,0.2366
264aa00ef943c1fd,free_trip,0,Occasional,1.554,28.4864,23.1293,5.1263,8.2487,1.3824,0.4615,0.6385,0.2823,0,0.2308
264e99cac60d3808,spend_10,5,Champions,1.7373,1.0423,0.516,0.468,3.7907,0.2676,0.1168,0.0,0.1508,0,0.0584
26554a77ba00741b,offpeak_15,5,Champions,23.8842,21.4644,13.5511,7.7747,12.147,5.8619,0.2773,5.5281,0.0566,0,0.1387
2657fcd40dfbdbad,spend_10,0,Champions,2.2418,6.9814,5.3711,1.5811,5.1652,1.3077,0.0585,0.0,1.2492,0,0.0292
26639607be00431e,spend_10,5,Loyal,3.4386,1.7706,0.808,0.882,3.4695,0.5371,0.1613,0.0,0.3758,0,0.0806
266483eb5f1f52e0,free_trip,2,Dormant,0.5089,10.0664,8.0519,1.7779,1.5144,1.4862,0.4733,0.6873,0.3256,0,0.2366
267be1f0736f37b3,free_trip,2,Dormant,0.5543,10.7335,8.566,1.8941,1.4319,1.5834,0.5466,0.6548,0.382,0,0.2733
26a0cae58891ecf9,free_trip,5,Dormant,0.5306,10.3964,8.3038,1.8348,2.2077,1.5337,0.5158,0.6173,0.4006,0,0.2579
26b93727db4bfa74,free_trip,1,Dormant,0.5627,10.9723,8.7544,1.935,1.7804,1.6176,0.5658,0.6906,0.3611,0,0.2829
26da93cd915ef021,free_trip,5,Dormant,0.5031,10.0733,8.0325,1.7727,0.9339,1.4819,0.5361,0.6219,0.324,0,0.268
26db2666cd4e4f0e,free_trip,3,Dormant,0.5357,10.4103,8.314,1.8379,1.9256,1.5364,0.5167,0.6681,0.3515,0,0.2584
26eaa2062a889986,weekend_20,1,Occasional,1.713,1.0675,0.6206,0.4847,1.3675,0.3277,-0.0755,-0.1147,0.5179,0,-0.0377
26f2be15aedd073f,free_trip,5,Dormant,0.5306,10.559,8.4283,1.8606,1.5511,1.5554,0.5402,0.6213,0.3938,0,0.2701
26f438ed4a72bd52,spend_10,1,Loyal,2.6827,1.3364,0.6138,0.6846,1.7108,0.4869,0.0758,0.0,0.4111,0,0.0379
27042a6837f35cc1,weekend_20,4,Loyal,1.7395,1.1888,0.7384,0.5146,1.1607,0.4813,-0.1284,-0.0217,0.6314,0,-0.0642
271497a34a7d0972,free_trip,3,At risk,0.8698,15.0731,12.0787,2.6892,3.2338,1.5086,0.6105,0.63,0.2681,0,0.3052
272d091b19300e26,free_trip,1,Dormant,0.4993,9.9966,7.9861,1.7623,1.3538,1.4732,0.4965,0.6495,0.3272,0,0.2482
27306bec7e61e971,free_trip,1,Dormant,0.5311,10.2994,8.2318,1.8199,1.5172,1.5213,0.4953,0.6554,0.3706,0,0.2477
2731305277144fc6,free_trip,5,Dormant,0.5085,10.1256,8.0747,1.7826,1.3118,1.4901,0.5367,0.6179,0.3355,0,0.2683
2733a68e03972570,free_trip,3,Dormant,0.6494,12.0084,9.6059,2.1298,1.7787,1.7804,0.5455,0.8392,0.3957,0,0.2727
273c05da9869bc22,free_trip,2,Dormant,0.531,10.4216,8.3277,1.8398,0.9983,1.538,0.508,0.6707,0.3592,0,0.254
2746113381cad7a2,weekend_20,3,Occasional,2.3626,1.7558,1.0697,0.7128,2.042,0.1914,-0.0535,-0.1144,0.3592,0,-0.0267
2749066a151238db,free_trip,5,Occasional,0.9241,12.5627,10.001,2.269,2.8441,0.9504,0.5855,0.1906,0.1743,0,0.2927
2750a9b2d5ee2e6b,free_trip,2,Occasional,0.7392,12.6322,10.1218,2.2557,1.4705,1.6383,0.5095,0.797,0.3318,0,0.2547
276604334ef85c23,free_trip,1,Dormant,0.5798,11.0681,8.8287,1.954,0.9953,1.6334,0.5709,0.6853,0.3772,0,0.2854
276e1e5c8afbe1b6,offpeak_15,3,Champions,23.451,27.7182,18.8729,8.79,10.0269,7.7705,0.1106,7.1728,0.4871,0,0.0553
277b624987ad625a,spend_10,1,Champions,1.1821,1.5875,1.0243,0.4582,4.2714,0.2235,0.2099,0.0,0.0136,0,0.105
278b63b4f0252745,weekend_20,0,Occasional,1.1232,0.8596,0.5274,0.3428,0.8155,0.5164,-0.0211,-0.0212,0.5587,0,-0.0106
278da15a4fd5fa6d,free_trip,4,Dormant,0.5021,9.9106,7.9216,1.7495,2.2259,1.4625,0.4792,0.6561,0.3272,0,0.2396
2798eb9d21f03bb9,free_trip,1,Dormant,0.5074,10.1074,8.0627,1.7799,1.6204,1.4879,0.5296,0.6311,0.3272,0,0.2648
279f0379989ad3e4,free_trip,1,At risk,1.1821,12.0975,9.5867,2.2365,1.9949,1.6979,0.5486,0.7819,0.3674,0,0.2743
27a4efd8a1b6ca79,free_trip,5,Dormant,0.5042,10.0814,8.0501,1.7766,1.2548,1.4851,0.5095,0.6495,0.3261,0,0.2547
27af0a2331d7a98b,free_trip,5,At risk,0.4893,14.7297,11.9612,2.5858,5.5354,1.2039,0.3653,0.5424,0.2962,0,0.1827
27d2fa142f9ef15d,free_trip,1,Dormant,0.5139,10.1641,8.1187,1.7929,1.2971,1.4987,0.505,0.6141,0.3796,0,0.2525
27d49c14fbf56c62,spend_10,4,Champions,2.3677,2.0556,1.2747,0.7565,2.271,0.6569,0.0489,0.0,0.6081,0,0.0244
27d5fed5f6e4c037,free_trip,1,Dormant,0.503,10.0718,8.0313,1.7724,0.9749,1.4816,0.5361,0.5864,0.3592,0,0.268
27ded1caac622577,offpeak_15,5,Occasional,1.4897,1.4393,0.9488,0.5064,2.6883,0.2591,-0.0318,0.3358,-0.0449,0,-0.0159
27f133d568bc9adf,free_trip,4,Dormant,0.7319,12.8863,10.2719,2.2853,1.6974,1.9104,0.6582,0.8555,0.3967,0,0.3291
27f82c72fbcb3028,spend_10,1,Champions,1.8179,1.9836,1.3069,0.649,1.7776,0.672,0.0555,0.0,0.6165,0,0.0277
2805815361ac8170,free_trip,0,Dormant,0.5315,10.4795,8.3651,1.8477,1.1463,1.5446,0.5335,0.6052,0.4059,0,0.2668
282bf3fef642212e,free_trip,1,Dormant,0.5322,10.5483,8.437,1.8628,1.5673,1.5571,0.4972,0.7113,0.3486,0,0.2486
2836505895ce0e43,free_trip,1,Dormant,0.4958,10.0744,8.0006,1.7646,2.3747,1.4751,0.6184,0.4889,0.3677,0,0.3092
2861732dfe5f4f6f,free_trip,5,Occasional,1.3797,14.1963,11.2932,2.632,2.8442,1.3897,0.5422,0.5735,0.2739,0,0.2711
2873a4ce0d78330b,free_trip,3,Dormant,0.5069,10.0398,8.0308,1.7731,1.5216,1.4822,0.4718,0.6833,0.3272,0,0.2359
2883fba7a76f1658,spend_10,4,Champions,1.1187,9.702,7.7527,1.8424,5.3255,1.6286,0.2138,0.0,1.4148,0,0.1069
288bd171ec1c9790,free_trip,1,Dormant,0.5564,10.7725,8.601,1.9018,2.6819,1.5898,0.5393,0.6564,0.3941,0,0.2697
288d3d5a6937e0a8,free_trip,1,Occasional,1.1312,15.4036,12.3238,2.7944,2.9617,1.7314,0.5708,0.8536,0.3069,0,0.2854
288f618b8faff86e,free_trip,0,Dormant,0.6613,11.3051,8.9946,2.0054,1.8982,1.6764,0.6102,0.6948,0.3714,0,0.3051
28a5c158daee89b0,free_trip,2,Dormant,0.5266,10.5512,8.4363,1.8614,2.0549,1.5561,0.5069,0.6843,0.3649,0,0.2534
28b9b29cb7db59b8,free_trip,0,Dormant,0.5268,10.3481,8.271,1.8272,1.4254,1.5274,0.4998,0.6395,0.3881,0,0.2499
28bb655c2733d1f9,spend_10,1,Champions,0.9688,5.7832,4.5302,1.1421,4.1188,1.0283,0.2217,0.0,0.8066,0,0.1108
28bbaaad02c8ba2c,free_trip,1,Dormant,0.5325,10.4772,8.3512,1.845,1.2118,1.5423,0.5621,0.6201,0.3601,0,0.281
28be66d456461427,offpeak_15,5,Champions,10.7146,7.9802,4.8566,3.2339,6.1221,1.788,-0.2207,1.9817,0.0271,0,-0.1104
28cb43675ab51bbc,offpeak_15,2,Champions,12.9009,6.1654,2.8581,3.2729,4.8383,3.4158,0.0689,3.4718,-0.1249,0,0.0345
28df45c9202917e9,spend_10,4,Champions,1.6378,3.0093,2.1484,0.7863,2.7263,0.5591,0.1492,0.0,0.4099,0,0.0746
290eedc3db68e082,free_trip,1,Dormant,0.5073,10.145,8.1256,1.7929,2.072,1.4988,0.453,0.7125,0.3332,0,0.2265
291cac0b189fa42a,free_trip,5,Dormant,0.5562,10.6,8.4733,1.8753,2.0898,1.5676,0.5028,0.7125,0.3523,0,0.2514
29446e7313a48c6a,free_trip,2,Dormant,0.5427,10.5109,8.3883,1.8548,2.0518,1.5505,0.5355,0.5935,0.4216,0,0.2677
295cad9490da9858,free_trip,4,Dormant,0.4957,9.9636,7.954,1.7549,1.0556,1.467,0.5095,0.6303,0.3272,0,0.2547
297ee1ec3c8daf12,free_trip,5,Dormant,0.4994,9.9454,7.9363,1.752,1.2588,1.4645,0.5144,0.579,0.3712,0,0.2572
2991c4621314e719,free_trip,4,At risk,0.6259,10.1899,8.1829,1.8294,2.7119,0.9496,0.3553,0.4078,0.1864,0,0.1777
2994aa33dc399ff8,spend_10,5,Champions,2.2587,2.0271,1.1644,0.7109,5.7006,0.3251,0.3033,0.0,0.0217,0,0.1517
2999defeb613ead0,pct_10,0,Champions,33.5968,34.8837,22.742,11.7007,17.8681,10.636,0.8822,6.4367,3.3171,0,0.4411
299df9f2de764efc,free_trip,4,Dormant,0.7029,11.0846,8.8316,1.9802,0.9614,1.6553,0.5457,0.7209,0.3887,0,0.2728
29b759dafca7078f,offpeak_15,5,Champions,17.8431,10.2017,5.4597,4.8396,8.33,3.6359,-0.1953,3.9407,-0.1095,0,-0.0977
29c32c0a73e2a151,free_trip,2,Dormant,0.5342,10.4845,8.327,1.8403,1.5674,1.5384,0.6343,0.4765,0.4276,0,0.3171
29d3dc377e48c78e,free_trip,3,Dormant,0.5677,10.2407,8.2,1.8209,1.7913,1.5222,0.4395,0.7106,0.372,0,0.2198
2a076e51d76622fc,free_trip,5,Dormant,0.5112,10.1577,8.1238,1.7933,1.4661,1.4991,0.4812,0.691,0.3269,0,0.2406
2a0e0c1bde68fe56,spend_10,0,Champions,1.5396,1.5318,0.9215,0.5111,6.7792,0.2042,0.1984,0.0,0.0058,0,0.0992
2a127e6939ad7479,free_trip,5,Dormant,1.1077,11.426,9.0397,2.1074,1.1846,1.7617,0.5578,0.7858,0.4181,0,0.2789
2a1b9e9501361f85,weekend_20,5,At risk,1.2685,0.8527,0.5171,0.3708,1.554,0.3369,-0.0705,0.0827,0.3248,0,-0.0353
2a2c969d9bff35cc,free_trip,4,Dormant,0.786,11.7808,9.3872,2.1128,1.6046,1.7662,0.5616,0.7855,0.4191,0,0.2808
2a2ff144ad5535d2,weekend_20,5,Loyal,2.8734,2.1023,1.3,0.8668,1.3055,0.5534,-0.129,-0.0122,0.6945,0,-0.0645
2a3c99438a18e567,free_trip,1,Dormant,0.5478,10.5628,8.4319,1.865,1.3948,1.559,0.5318,0.6741,0.3531,0,0.2659
2a4261952ffddf77,spend_10,0,Loyal,3.8046,3.1163,1.8696,1.1784,2.5515,0.6565,0.1366,0.0,0.5199,0,0.0683
2a50943e5221e68c,free_trip,5,Dormant,0.6212,11.6897,9.3214,2.0649,1.81,1.7261,0.607,0.7741,0.3451,0,0.3035
2a634c9fb042c7e0,free_trip,3,Dormant,0.557,10.7705,8.6086,1.9036,1.6672,1.5913,0.5167,0.6832,0.3913,0,0.2584
2a93fc7b8ffe3293,free_trip,3,Dormant,0.5442,10.557,8.4356,1.865,1.7926,1.559,0.5128,0.6946,0.3515,0,0.2564
2a9a5aaeed31bf2d,spend_10,4,Champions,2.3856,3.5076,2.4401,1.0022,4.9394,0.5552,0.1306,0.0,0.4246,0,0.0653
2aae8e07c37ba3b6,spend_10,0,Champions,1.1636,10.0531,8.0194,1.9072,3.494,1.6756,0.2531,0.0,1.4225,0,0.1265
2aaf323a270974c2,free_trip,0,Dormant,0.55,10.6095,8.4648,1.8722,1.4686,1.5651,0.5449,0.5961,0.424,0,0.2725
2abd14e2c35336e6,offpeak_15,5,Champions,6.0842,4.8111,2.9361,1.8734,4.0855,1.6149,0.0033,1.7259,-0.1142,0,0.0016
2acbc46c9c39fdaa,free_trip,2,Dormant,0.7023,12.4879,9.9828,2.2191,1.7828,1.8551,0.572,0.8872,0.3959,0,0.286
2ae1e32c5dfa9bd4,free_trip,1,Dormant,0.5374,10.4809,8.3691,1.8498,2.2271,1.5463,0.5239,0.6574,0.3649,0,0.262
2ae2cfd53700632d,free_trip,5,Dormant,0.5177,10.2657,8.2004,1.8106,1.6774,1.5135,0.5094,0.6801,0.324,0,0.2547
2af1019e41392f76,free_trip,4,Dormant,0.5202,10.2696,8.1795,1.8068,1.5281,1.5104,0.5667,0.5926,0.351,0,0.2834
2af2899b89407af4,free_trip,5,Dormant,0.545,10.6462,8.4193,1.8617,3.2104,1.5563,0.7305,0.478,0.3478,0,0.3653
2b13fea22a866fdc,spend_10,3,Champions,2.5082,2.9444,1.9765,0.9314,3.5411,0.7978,0.073,0.0,0.7249,0,0.0365
2b152d81727e9f6d,free_trip,3,Dormant,0.5119,10.0542,8.0309,1.7742,1.6505,1.4831,0.498,0.66,0.3251,0,0.249
2b18f0b0f555a0cc,free_trip,3,Dormant,1.1265,11.4479,9.0513,2.1138,1.849,1.767,0.5657,0.8115,0.3898,0,0.2828
2b24e21e4476e2d2,free_trip,0,At risk,1.1937,14.0254,11.2148,2.577,2.4781,1.5911,0.4671,0.7613,0.3627,0,0.2336
2b2b5c4132d51905,free_trip,4,Dormant,0.5289,10.2566,8.1997,1.8128,1.2743,1.5154,0.4882,0.6741,0.3531,0,0.2441
2b3218905993260c,free_trip,3,Dormant,0.5079,10.0975,8.0674,1.781,1.2818,1.4888,0.4982,0.6201,0.3704,0,0.2491
2b36c3639fe8f1a9,spend_10,5,Loyal,4.9344,2.4667,1.1546,1.2646,4.1906,0.6575,0.095,0.0,0.5624,0,0.0475
2b389b1c83da1f4c,free_trip,3,Dormant,0.5133,10.3101,8.2458,1.8191,1.1172,1.5207,0.4904,0.6507,0.3796,0,0.2452
2b3bb16583e0ab0b,spend_10,0,Champions,2.666,2.6068,1.6429,0.8949,1.5224,0.7939,0.138,0.0,0.6559,0,0.069
2b42c2755ce07c92,weekend_20,1,Champions,7.4737,3.3734,1.4889,1.8614,4.8213,1.7333,0.0462,-0.2696,1.9567,0,0.0231
2b5048fd838294b6,spend_10,4,Champions,2.0473,1.2448,0.6224,0.5544,1.5245,0.6948,0.1359,0.0,0.5589,0,0.068
2b546b40a73ee410,free_trip,3,At risk,1.059,10.2808,8.111,1.9045,1.8199,1.5272,0.5308,0.641,0.3555,0,0.2654
2b5d60d20c7793a5,free_trip,2,At risk,0.9601,14.466,11.6112,2.6108,2.3919,1.5058,0.488,0.6202,0.3976,0,0.244
2b7012224e46f8bc,weekend_20,4,Champions,8.7272,5.5187,3.1146,2.4594,5.8985,1.7243,-0.1104,-0.0583,1.8931,0,-0.0552
2b792ab77905ffe4,spend_10,1,Champions,2.1385,3.1667,2.2017,0.9014,2.3615,0.902,0.1272,0.0,0.7749,0,0.0636
2b7b58d47c776e18,weekend_20,0,Loyal,3.1051,1.52,0.7607,0.8029,1.3589,0.2664,-0.087,-0.0213,0.3747,0,-0.0435
2b807d231c678ff6,spend_10,0,Champions,2.0432,1.5237,0.8519,0.6013,1.9866,0.4531,0.141,0.0,0.3121,0,0.0705
2b813306ec27d055,offpeak_15,4,Champions,22.4481,10.9961,5.1832,5.7386,7.5646,5.3213,0.1488,5.1525,0.02,0,0.0744
2b81ee895f91dd89,free_trip,1,Dormant,0.5783,10.949,8.7501,1.9373,1.6122,1.6195,0.5231,0.6915,0.4049,0,0.2616
2b8912b059e5babb,spend_10,5,Champions,1.8215,3.7813,2.7711,0.9538,2.8669,0.7845,0.1127,0.0,0.6717,0,0.0564
2b8d790cb631d4fd,free_trip,0,Dormant,0.5552,10.6968,8.5304,1.8869,1.4332,1.5774,0.5588,0.6655,0.3531,0,0.2794
2b9c954196949797,free_trip,3,At risk,1.0952,10.4653,8.2683,1.9446,2.5964,1.1144,0.5047,0.3287,0.2809,0,0.2524
2bb811b759e9c5ca,free_trip,5,Occasional,0.7052,10.932,8.756,1.9649,1.3901,1.1728,0.422,0.5259,0.2249,0,0.211
2bb8c814e4047fbb,free_trip,3,Dormant,0.556,10.7935,8.6207,1.9059,1.6264,1.5932,0.5339,0.7023,0.357,0,0.267
2bc2d74b7876b76a,free_trip,2,Dormant,0.5042,9.9983,7.9868,1.7634,1.192,1.4741,0.4962,0.6195,0.3584,0,0.2481
2bccabced4a12eec,offpeak_15,5,Champions,20.4657,8.9898,4.0436,5.0902,5.881,2.9841,-0.2879,3.31,-0.038,0,-0.144
2bccb273d9ea02c1,pct_10,1,Champions,41.4808,65.9234,45.1326,17.9882,43.7124,16.3143,5.6051,7.2415,3.4677,0,2.8025
2bd305b01af2f40e,spend_10,4,Champions,1.0446,12.0724,9.7186,2.2353,5.4632,1.5559,0.2369,0.0,1.3191,0,0.1184
2c0cfdad6e613c23,weekend_20,0,Champions,11.1005,5.4049,2.6065,2.8467,3.107,2.0995,-0.0967,0.3629,1.8333,0,-0.0484
2c0d5056bf6c1c99,free_trip,1,Dormant,0.531,10.4357,8.3276,1.8398,1.036,1.5379,0.5367,0.6039,0.3973,0,0.2683
2c0e176b6a0667b0,spend_10,5,Loyal,2.6312,2.7034,1.7351,0.9068,2.8674,0.4078,0.1229,0.0,0.2849,0,0.0614
2c1a66b07b169eb9,free_trip,5,Dormant,0.5064,10.0986,8.0789,1.783,1.5415,1.4905,0.4735,0.6044,0.4126,0,0.2367
2c22473f7524639e,free_trip,1,Dormant,0.534,10.5332,8.4004,1.8555,0.7563,1.5511,0.5546,0.6085,0.3881,0,0.2773
2c27cde843f373b0,weekend_20,0,Occasional,2.2551,1.22,0.6467,0.6027,1.5757,0.2224,-0.0588,-0.0564,0.3376,0,-0.0294
2c38dab4758f8186,free_trip,2,Dormant,0.6558,11.6346,9.3155,2.0709,2.7861,1.7311,0.4964,0.764,0.4707,0,0.2482
2c442c6e374d3b6f,free_trip,4,Occasional,0.8079,14.9358,12.0535,2.6711,2.2386,1.1437,0.4224,0.5728,0.1484,0,0.2112
2c44600f880c3465,spend_10,3,Loyal,3.1873,1.9117,0.9989,0.8694,1.4847,0.6635,0.0867,0.0,0.5768,0,0.0433
2c4eca21e6a43dc7,spend_10,4,Champions,2.4631,2.0184,1.208,0.7624,2.1718,0.6786,0.0959,0.0,0.5827,0,0.0479
2c57591eaa48c419,free_trip,5,Dormant,0.5715,11.0705,8.8255,1.9516,1.1972,1.6314,0.5869,0.6821,0.3624,0,0.2934
2c65d28e55ea35ae,free_trip,0,Dormant,0.5242,10.1392,8.0946,1.79,1.3934,1.4963,0.5092,0.5925,0.3946,0,0.2546
2c6b9cc8c7901daf,free_trip,1,Dormant,0.6496,11.219,8.9819,2.0003,1.7258,1.6721,0.4736,0.7473,0.4512,0,0.2368
2c707c0a17a38fde,spend_10,5,Champions,2.2844,7.1504,5.4743,1.6114,8.8408,0.565,0.1295,0.0,0.4355,0,0.0647
2c72971397b96daa,spend_10,4,Champions,1.333,1.3346,0.8216,0.4475,2.1937,0.3602,0.1311,0.0,0.229,0,0.0656
2c7c88c1c6c0d113,free_trip,4,Dormant,0.5045,10.0897,8.0569,1.7781,1.7901,1.4864,0.5095,0.6497,0.3272,0,0.2547
2c7e69a3722c423e,free_trip,0,Dormant,0.5383,10.6245,8.4938,1.8758,1.4694,1.5681,0.5099,0.699,0.3592,0,0.2549
2c83043c61d800ae,free_trip,3,Dormant,0.5268,10.2911,8.2056,1.8136,1.5774,1.516,0.5438,0.5977,0.3746,0,0.2719
2c8b664565f9f79b,weekend_20,3,Champions,8.2787,4.5256,2.299,2.1968,5.056,2.21,0.0594,-0.1646,2.3153,0,0.0297
2c9b878be9704b5f,spend_10,5,Champions,2.3426,7.0667,5.4174,1.6116,4.5458,0.7004,0.0754,0.0,0.625,0,0.0377
2c9fc3a18ebfa3b2,free_trip,0,Occasional,0.665,10.0114,7.9362,1.7863,1.9445,1.1054,0.5776,0.38,0.1478,0,0.2888
2ca8066a44ab6655,spend_10,0,Loyal,3.4748,6.8155,4.9984,1.7597,5.1059,0.822,0.1148,0.0,0.7073,0,0.0574
2cb2235479941cf0,spend_10,0,Champions,2.2452,2.5981,1.7176,0.823,6.2091,0.3992,0.115,0.0,0.2842,0,0.0575
2cb44f1cc065201e,free_trip,2,Dormant,0.5451,10.4297,8.3259,1.8424,1.0789,1.5401,0.5229,0.6468,0.3704,0,0.2614
2cc49c23efdbd1a0,free_trip,0,Dormant,0.5401,10.7697,8.5711,1.8923,2.2186,1.5818,0.6126,0.4834,0.4858,0,0.3063
2cc753fee078b534,weekend_20,2,Champions,21.9722,9.611,4.068,5.4081,11.1158,4.2255,0.2697,-0.2487,4.2045,0,0.1348
2ccebf0bd029c8de,spend_10,1,Loyal,2.5937,1.734,0.9381,0.7335,1.5733,0.5632,0.1249,0.0,0.4383,0,0.0624
2cd3a41aa84b347e,free_trip,5,Dormant,0.5026,9.9376,7.9231,1.7499,1.0749,1.4628,0.5294,0.5856,0.3478,0,0.2647
2cef4a98378d4562,free_trip,4,At risk,0.5103,10.9452,8.7511,1.9235,0.9365,1.3338,0.5414,0.5334,0.259,0,0.2707
2cfdee18548467f3,free_trip,0,Dormant,0.5004,9.9224,7.9322,1.7513,1.772,1.464,0.4776,0.6592,0.3272,0,0.2388
2d058061acfa8249,offpeak_15,5,Champions,17.8619,9.5054,4.8028,4.7071,5.83,3.8092,-0.009,3.8043,0.0139,0,-0.0045
2d062e91bf928e15,free_trip,3,Dormant,0.908,11.2561,8.963,2.0501,1.8113,1.7137,0.4859,0.8623,0.3655,0,0.243
2d0ab801dcddcead,free_trip,4,Dormant,0.8329,13.3942,10.6637,2.3877,1.1098,1.9959,0.6858,0.8029,0.5072,0,0.3429
2d0f5c30b620fc5b,offpeak_15,4,Champions,6.8971,2.9607,1.3068,1.7038,3.0352,1.6694,-0.0998,1.857,-0.0878,0,-0.0499
2d11b16afbb17137,spend_10,4,Champions,2.5682,3.9592,2.7899,1.1128,3.2847,0.7496,0.1129,0.0,0.6367,0,0.0565
2d2bb55fd0a1b543,free_trip,2,Dormant,0.6508,11.9103,9.5224,2.1128,1.1323,1.7662,0.5504,0.8369,0.3789,0,0.2752
2d30abf10db1b139,free_trip,0,Dormant,0.5469,10.7278,8.5744,1.8943,1.4737,1.5836,0.5181,0.7168,0.3486,0,0.2591
2d43b4a0b6da8dfd,free_trip,5,At risk,0.7548,10.599,8.4569,1.9131,1.7489,1.3624,0.4578,0.5737,0.3309,0,0.2289
2d49125fbf7acde9,spend_10,2,Champions,1.3908,3.418,2.525,0.8133,6.9032,0.4021,0.1595,0.0,0.2426,0,0.0798
2d4e6183d55d782c,free_trip,2,Occasional,0.8082,11.1087,8.828,2.0013,1.575,1.4524,0.5588,0.5824,0.3112,0,0.2794
2d78ce845808a2a3,spend_10,1,Loyal,4.0556,2.7951,1.5857,1.1716,3.414,0.4182,0.0755,0.0,0.3427,0,0.0378
2d7c512ea5163c48,free_trip,5,Dormant,0.5113,10.2569,8.1843,1.8059,1.3597,1.5097,0.5333,0.6139,0.3624,0,0.2667
2d7ea46197181e0a,free_trip,2,Dormant,0.5065,10.0517,8.0401,1.775,1.787,1.4838,0.4733,0.6849,0.3256,0,0.2366
2d8611a2fd1b0cd6,free_trip,2,At risk,1.2257,21.193,17.1123,3.8085,2.5391,1.5456,0.5443,0.6755,0.3259,0,0.2721
2d92a1f0e958a43b,free_trip,0,Dormant,0.6183,11.6356,9.3066,2.0612,2.1545,1.7231,0.5356,0.835,0.3525,0,0.2678
2d9e781e720f9c47,free_trip,4,Dormant,0.5157,10.2351,8.1801,1.806,1.6066,1.5097,0.498,0.5865,0.4252,0,0.249
2dc1065b8b5497a8,free_trip,4,At risk,1.0855,14.9353,11.9881,2.7152,2.9536,1.3687,0.464,0.5541,0.3506,0,0.232
2dc482d4a5141831,offpeak_15,4,Champions,28.034,23.5647,14.8041,8.8968,12.8169,7.6838,-0.2724,8.3016,-0.3454,0,-0.1362
2dd2aaaed8de512d,free_trip,0,Dormant,0.5585,10.5191,8.3872,1.8579,0.8153,1.5531,0.548,0.639,0.366,0,0.274
2dd2c03343bfdeca,spend_10,0,Champions,1.7881,4.5348,3.4047,1.0785,3.0995,0.6861,0.1031,0.0,0.583,0,0.0516
2dd57c1b6663d0d5,free_trip,0,At risk,0.7091,10.461,8.3063,1.8724,1.0707,1.8432,0.5648,0.9122,0.3662,0,0.2824
2dd9b1e9ff10e572,spend_10,0,Champions,2.6336,5.4614,4.0079,1.3793,2.5673,0.8238,0.1484,0.0,0.6754,0,0.0742
2dda9d89961ea654,offpeak_15,5,Occasional,0.8449,0.9503,0.6439,0.3092,0.8792,0.2706,-0.0055,0.3121,-0.036,0,-0.0027
2ddb941701914be4,spend_10,2,Champions,1.6325,10.5681,8.2978,2.0624,5.5202,1.3263,0.416,0.0,0.9103,0,0.208
2deb7650b807448b,free_trip,3,Dormant,0.6218,11.6206,9.2726,2.0549,1.8852,1.7178,0.5862,0.6656,0.466,0,0.2931
2df18b6408980ff4,offpeak_15,0,Champions,15.7814,9.519,5.1827,4.3539,5.817,3.8631,-0.0352,4.0905,-0.1922,0,-0.0176
2e2bc26afbb1f95d,free_trip,0,Dormant,0.5097,10.0714,8.0642,1.7807,1.4179,1.4885,0.4529,0.6834,0.3522,0,0.2265
2e32d35ca04ee882,spend_10,5,Champions,0.7408,3.4564,2.6355,0.7012,5.3367,0.5263,0.2395,0.0,0.2869,0,0.1197
2e3386b9f0e02f9f,weekend_20,4,Dormant,0.6583,0.5212,0.3218,0.2036,0.4849,0.1702,-0.0083,-0.009,0.1875,0,-0.0041
2e3391e047635f8f,spend_10,2,Champions,1.7338,1.7015,1.0332,0.5747,3.4933,0.3548,0.1874,0.0,0.1674,0,0.0937
2e3e348df5591414,free_trip,5,Dormant,0.5343,10.3049,8.2179,1.8177,1.4547,1.5195,0.5386,0.5937,0.3872,0,0.2693
2e3ed1c3688b9cdf,offpeak_15,5,Champions,21.1486,10.6259,5.2478,5.4821,13.6053,4.3297,-0.208,4.6304,-0.0927,0,-0.104
2e428f043ea58b19,spend_10,3,Champions,1.5843,1.5646,0.968,0.5301,3.1759,0.4242,0.133,0.0,0.2913,0,0.0665
2e46e3e40405b19d,spend_10,1,Champions,0.902,0.7538,0.3729,0.2648,4.1077,0.2397,0.2322,0.0,0.0075,0,0.1161
2e4c3ec9fa922e90,spend_10,0,Champions,1.1627,8.0529,6.4452,1.58,3.1958,1.4919,0.0552,0.0,1.4366,0,0.0276
2e5f20740edfcd17,free_trip,5,At risk,0.8961,12.1508,9.7057,2.2018,2.8365,1.3982,0.4866,0.6427,0.2688,0,0.2433
2e783c344f32582d,spend_10,2,Champions,2.4765,2.0426,1.211,0.7658,1.9288,0.7179,0.1317,0.0,0.5862,0,0.0659
2e96fa5c212f11b3,spend_10,4,Loyal,2.5864,2.5332,1.5756,0.8644,2.951,0.8506,0.1864,0.0,0.6642,0,0.0932
2e9bcb47a40e7d8a,spend_10,1,Champions,2.7527,1.3663,0.622,0.7009,1.9194,0.7036,0.0868,0.0,0.6168,0,0.0434
2e9c155279959abe,free_trip,3,Dormant,0.5059,10.0123,8.0058,1.7677,1.2261,1.4777,0.4776,0.6729,0.3272,0,0.2388
2ea79073b22e27dc,spend_10,0,Champions,1.1005,8.9043,7.1105,1.7053,4.8475,1.2639,0.1769,0.0,1.087,0,0.0885
2eb5e7890580f67b,free_trip,2,Dormant,0.543,10.3845,8.293,1.8351,1.4962,1.534,0.5127,0.6624,0.3589,0,0.2564
2ec9675f9cce015a,free_trip,2,At risk,1.148,20.0533,16.1617,3.5949,3.7792,1.5617,0.5934,0.6573,0.311,0,0.2967
2ecb15fe2ed22d8c,free_trip,1,Dormant,0.5456,10.6318,8.4884,1.8762,2.1324,1.5684,0.5345,0.6289,0.405,0,0.2672
2ed071dbd0126e74,free_trip,2,Dormant,0.5105,10.1733,8.1303,1.7946,1.5751,1.5001,0.4968,0.6223,0.381,0,0.2484
2ed249a306800491,free_trip,3,Dormant,0.508,10.0595,8.0249,1.7721,1.9339,1.4814,0.5251,0.5993,0.357,0,0.2625
2ee210119688020e,free_trip,0,Dormant,0.5024,10.0562,8.0275,1.7715,0.7385,1.4809,0.5144,0.6072,0.3592,0,0.2572
2efc143537ee9fc4,spend_10,1,Champions,1.6614,4.8893,3.7649,1.1269,4.2211,0.704,-0.0049,0.0,0.7089,0,-0.0025
2f126d419e42f78a,spend_10,5,Loyal,2.853,3.2479,2.1485,1.0387,2.3305,0.6203,0.1214,0.0,0.4989,0,0.0607
2f20f31bd0bc5668,spend_10,5,Champions,1.4269,7.3144,5.7399,1.4884,4.2002,1.0459,0.1722,0.0,0.8738,0,0.0861
2f28ddd230b4b961,free_trip,0,Dormant,0.528,10.4211,8.3551,1.8449,1.8023,1.5422,0.4422,0.7501,0.3499,0,0.2211
2f31fe0428364609,spend_10,0,Champions,2.1161,2.9654,2.036,0.8623,1.9726,0.772,0.1341,0.0,0.6379,0,0.0671
2f4753558826cae5,free_trip,2,Dormant,0.5329,10.5553,8.4234,1.8601,1.1967,1.5549,0.5437,0.652,0.3592,0,0.2719
2f7449176e8ac230,spend_10,1,Loyal,2.6363,2.4956,1.5619,0.8719,1.7594,0.6971,0.1238,0.0,0.5734,0,0.0619
2f77aa7db61e8e8b,free_trip,1,Dormant,0.6709,12.3046,9.8145,2.1776,2.0047,1.8204,0.625,0.7083,0.487,0,0.3125
2f8aeb1602cab0c4,weekend_20,2,Dormant,0.6558,0.5101,0.3126,0.2011,0.4069,0.1681,-0.0072,-0.0088,0.1841,0,-0.0036
2f8feb1a3faab956,rush_hour_25,1,Occasional,3.9151,2.2978,1.0006,1.0209,2.1318,0.4555,0.5526,-0.0741,-0.023,0,0.2763
2fa9cd218a6620bc,free_trip,2,Occasional,0.8469,10.4412,8.2888,1.8973,2.1571,1.1219,0.5101,0.376,0.2358,0,0.2551
2fe94ce727dfed51,weekend_20,3,At risk,1.5236,0.8839,0.5074,0.4218,1.3168,0.2998,-0.0908,-0.0198,0.4104,0,-0.0454
2fe95eea708cd22b,free_trip,2,Dormant,0.5203,10.2948,8.2073,1.8126,1.6149,1.5152,0.5499,0.6172,0.3481,0,0.2749
2fee766f6f30086b,free_trip,3,At risk,1.5098,14.9473,11.8618,2.7771,3.2525,1.1928,0.6167,0.3569,0.2192,0,0.3084
2ff7c2ca0fa03087,spend_10,0,Champions,1.8135,7.4506,5.7878,1.5787,3.963,1.1605,0.1682,0.0,0.9923,0,0.0841
2ffa40cd28dda5a6,free_trip,4,Dormant,0.5578,10.7987,8.6341,1.909,1.7919,1.5958,0.5113,0.7482,0.3363,0,0.2556
30019f0f6021822f,free_trip,5,Dormant,0.536,10.6098,8.4684,1.8701,1.3746,1.5633,0.5425,0.6041,0.4167,0,0.2712
3013d1f4ab7b3aae,spend_10,2,Champions,1.302,6.1363,4.8089,1.2691,4.9575,1.1459,0.1164,0.0,1.0295,0,0.0582
30180cc4506851ae,free_trip,2,Dormant,0.9855,11.3367,9.0158,2.0771,1.9862,1.7363,0.4875,0.8211,0.4278,0,0.2437
303081a440063b7c,offpeak_15,1,Champions,9.7945,4.0469,1.6393,2.3746,4.5836,2.2027,0.066,2.1839,-0.0471,0,0.033
305673b79fbf0ceb,spend_10,2,Champions,0.6277,2.1218,1.5397,0.4501,7.8581,0.4101,0.264,0.0,0.146,0,0.132
3059a953b24203d4,free_trip,5,Dormant,0.5207,10.2802,8.1996,1.8111,1.6178,1.5139,0.5391,0.6018,0.3731,0,0.2696
305fe1bd3745ddb0,free_trip,2,At risk,0.9468,11.1384,8.8215,2.0287,1.235,1.53,0.5763,0.6211,0.3326,0,0.2882
30694160c7a77a09,weekend_20,5,At risk,1.1844,1.2368,0.8633,0.4253,2.0431,0.2946,-0.1036,0.0682,0.33,0,-0.0518
30a32fac76775888,spend_10,4,Loyal,2.9075,3.2393,2.0916,1.0382,2.5708,0.567,0.219,0.0,0.348,0,0.1095
30ea2827f4848502,free_trip,0,At risk,1.0084,14.2248,11.4306,2.5834,2.3648,1.4979,0.4218,0.7226,0.3535,0,0.2109
30ee51e4e3428950,offpeak_15,3,Champions,11.2125,7.5014,4.2828,3.2181,7.7609,3.1138,0.001,3.1264,-0.0135,0,0.0005
3104cdbe4f464019,free_trip,4,Dormant,0.539,10.6833,8.5331,1.8841,1.3571,1.575,0.5322,0.6932,0.3497,0,0.2661
3106cb6e9f8e083b,free_trip,4,Dormant,0.5561,10.6838,8.5315,1.8873,1.4142,1.5777,0.5299,0.6946,0.3531,0,0.265
310b2c82f76bc32a,free_trip,0,Dormant,0.5399,10.6104,8.4556,1.8682,0.7917,1.5617,0.5731,0.5996,0.389,0,0.2865
311ba65a45e32804,spend_10,3,Champions,2.0094,2.8935,1.9754,0.8276,6.9103,0.2956,0.1812,0.0,0.1144,0,0.0906
316a299eead22d59,free_trip,0,Dormant,0.5505,10.6028,8.4654,1.8725,1.5711,1.5653,0.5299,0.6946,0.3407,0,0.265
3175de50a15cda16,free_trip,1,Occasional,0.7348,11.8834,9.5136,2.1284,2.1847,1.4766,0.4828,0.6511,0.3427,0,0.2414
318d5eac18586cf0,free_trip,5,Dormant,0.5511,10.7266,8.5666,1.8936,1.4947,1.5829,0.5328,0.6757,0.3745,0,0.2664
31b7b16e049304a4,free_trip,2,Dormant,0.5065,9.9567,7.9564,1.7576,1.9938,1.4692,0.4853,0.6502,0.3337,0,0.2427
31bd279f2405863f,spend_10,5,Champions,1.7047,2.0664,1.3689,0.6383,3.5083,0.4258,0.1184,0.0,0.3074,0,0.0592
31ce5f7cf5e00efa,weekend_20,2,Occasional,1.5094,1.2614,0.7991,0.4794,1.4127,0.3833,-0.0344,-0.0586,0.4762,0,-0.0172
31ee348c5de4c5b4,offpeak_15,2,Champions,8.0577,3.2828,1.3467,1.9531,3.1926,2.0287,-0.034,2.2336,-0.1709,0,-0.017
31f52f39f6ac6050,offpeak_15,3,Champions,15.5818,9.0585,4.82,4.2371,9.5531,4.0331,0.0026,4.0587,-0.0282,0,0.0013
31f6e69f58802643,spend_10,2,Champions,2.3922,1.4376,0.7439,0.6513,1.0056,0.647,0.0847,0.0,0.5623,0,0.0423
3203b80b7dcf75ff,spend_10,4,Loyal,2.7142,2.561,1.6136,0.8988,2.6138,0.7188,0.0971,0.0,0.6217,0,0.0486
321126c3d3e8229f,free_trip,3,Dormant,0.5568,10.757,8.5958,1.9009,1.9549,1.589,0.5206,0.7092,0.3592,0,0.2603
321af6800cd58e9c,free_trip,4,Dormant,0.5423,10.5859,8.4518,1.8679,1.1921,1.5615,0.5325,0.6706,0.3584,0,0.2662
321e95706b962c1c,free_trip,2,Dormant,0.5622,10.9033,8.7049,1.9246,1.2339,1.6089,0.5475,0.6948,0.3666,0,0.2738
325fa1323ce5a6d7,free_trip,0,Dormant,0.5453,10.5055,8.3852,1.8547,1.5388,1.5504,0.5312,0.673,0.3462,0,0.2656
3263365ff554d4c2,spend_10,5,Champions,2.1217,1.6778,1.015,0.6514,3.4454,0.5636,0.0228,0.0,0.5408,0,0.0114
32845578bc6b2cdf,offpeak_15,4,Occasional,1.4008,1.1128,0.7138,0.4392,1.1478,0.1531,-0.0803,0.2415,-0.0081,0,-0.0402
328cb873aed10ef8,free_trip,3,Dormant,0.5583,10.7684,8.6108,1.9043,1.5862,1.5918,0.5068,0.733,0.352,0,0.2534
328e91bf6cca2508,free_trip,1,Dormant,0.8694,11.9303,9.4479,2.1427,2.3873,1.7912,0.6794,0.7121,0.3997,0,0.3397
329ac64841075ef7,free_trip,4,At risk,0.7398,10.1038,8.0092,1.817,1.835,1.3163,0.555,0.5046,0.2567,0,0.2775
329e4d0bb3f3d271,spend_10,5,Champions,2.2213,4.5079,3.2977,1.1462,2.8224,0.7391,0.1279,0.0,0.6111,0,0.064
32a9ee3a3ef502ab,free_trip,4,Dormant,0.6816,12.3755,9.8811,2.1937,1.1383,1.8338,0.6013,0.8366,0.3959,0,0.3007
32af12e28ad8ca01,free_trip,3,Dormant,0.5126,10.166,8.1303,1.795,1.5194,1.5005,0.4814,0.6935,0.3256,0,0.2407
32cb6a96f75c7cef,free_trip,3,Dormant,0.5579,10.7812,8.6103,1.9041,1.6995,1.5917,0.5335,0.699,0.3592,0,0.2668
32ea333b64950af6,free_trip,2,Dormant,1.4238,13.1732,10.3907,2.4537,1.6605,2.0511,0.6578,0.9379,0.4554,0,0.3289
32f2efbeaf723da8,spend_10,5,Champions,1.6098,3.6725,2.7035,0.8958,1.837,0.7029,0.1463,0.0,0.5566,0,0.0732
330d65b09489f696,spend_10,1,Champions,2.0228,2.1698,1.3913,0.709,1.6501,0.6968,0.1389,0.0,0.5579,0,0.0694
3320b259c8aedc4d,weekend_20,0,Occasional,0.8357,0.791,0.5648,0.2909,0.8768,0.2473,-0.1293,0.0941,0.2825,0,-0.0647
333ba2408fe264a4,free_trip,2,Dormant,0.6947,11.9969,9.5255,2.1226,1.6917,1.7744,0.6976,0.6765,0.4002,0,0.3488
33498ff2f3fc419a,free_trip,1,Dormant,0.5115,10.2416,8.1699,1.803,1.0026,1.5072,0.5373,0.5919,0.378,0,0.2687
33632ed7a2d8d990,spend_10,3,Loyal,2.3597,1.6377,0.9094,0.679,4.5398,0.2293,0.0986,0.0,0.1306,0,0.0493
336dc03718beeb4f,free_trip,4,Dormant,0.5271,10.3984,8.2977,1.8328,1.3509,1.5321,0.5359,0.6018,0.3944,0,0.2679
3378b5c59c7e009e,spend_10,3,Champions,0.8251,7.9946,6.483,1.5178,4.6729,1.3933,-0.0124,0.0,1.4057,0,-0.0062
337959cc50bf3ac8,spend_10,1,Champions,1.1115,19.9536,16.0525,3.5647,7.9947,2.3419,0.6727,0.0,1.6691,0,0.3364
337fd691dee477ce,spend_10,1,Champions,2.1342,2.4723,1.6449,0.7848,3.1606,0.5398,0.0851,0.0,0.4546,0,0.0426
338b90bb4ebc6814,spend_10,4,Champions,1.7302,4.2064,3.1283,1.009,2.377,0.808,0.1382,0.0,0.6697,0,0.0691
339690e858e8143b,free_trip,2,Occasional,0.9263,11.4908,9.0893,2.0801,2.1657,1.2418,0.6428,0.3743,0.2248,0,0.3214
339ba829ce4f8633,free_trip,5,Dormant,0.5459,10.7562,8.5933,1.8981,1.0334,1.5867,0.5297,0.699,0.358,0,0.2648
33c95ec6344dfe5c,spend_10,4,Champions,1.866,4.6808,3.5027,1.115,2.3621,0.7731,0.1262,0.0,0.6468,0,0.0631
33e11e30697a8a65,spend_10,2,Champions,2.0934,2.0686,1.3202,0.709,2.215,0.6308,0.0789,0.0,0.552,0,0.0394
33eaa741b8459d37,free_trip,3,Dormant,0.7435,11.8223,9.4476,2.1165,1.4842,1.7693,0.5163,0.8908,0.3622,0,0.2581
33eb52b0650b11e9,spend_10,4,Champions,2.2006,2.1572,1.3663,0.7408,3.2918,0.6268,0.1002,0.0,0.5266,0,0.0501
3402a661622685eb,offpeak_15,4,Champions,21.1734,21.0764,13.9099,7.2862,10.8499,5.5038,-0.2396,5.8059,-0.0625,0,-0.1198
342a0beb76285873,free_trip,4,Dormant,0.5592,10.7814,8.6022,1.9027,1.9975,1.5905,0.5529,0.6844,0.3531,0,0.2765
3440de509bf30aee,free_trip,1,Dormant,0.5137,10.2488,8.2072,1.8112,1.32,1.514,0.461,0.6077,0.4454,0,0.2305
34420d9d09269bdb,free_trip,5,Dormant,0.6092,11.5613,9.2709,2.052,2.0221,1.7153,0.4768,0.8355,0.403,0,0.2384
3452cc12f50ebf24,spend_10,5,Champions,1.8295,1.8386,1.1649,0.6219,3.8624,0.3095,0.1034,0.0,0.206,0,0.0517
3454bbc691408e06,weekend_20,5,Occasional,1.908,1.2627,0.7514,0.5523,1.8728,0.258,-0.082,-0.0236,0.3636,0,-0.041
3463d0cecc83b57b,free_trip,1,Dormant,0.6068,11.4822,9.1972,2.0361,1.8355,1.7021,0.4979,0.729,0.4752,0,0.2489
34751c46f8b9c7a9,spend_10,0,Champions,2.7755,3.1634,2.0797,1.0083,1.808,0.7833,0.1508,0.0,0.6325,0,0.0754
349f15dce7e5eded,weekend_20,4,Loyal,3.443,1.6145,0.8048,0.8822,1.995,0.3806,-0.145,-0.0325,0.558,0,-0.0725
34af211f1e60d541,free_trip,2,At risk,0.5259,12.0746,9.6948,2.1227,2.3586,1.3088,0.5144,0.5062,0.2882,0,0.2572
34b0d547552b10d7,free_trip,1,Dormant,0.4966,9.9462,7.9468,1.7536,1.6815,1.4659,0.4918,0.6245,0.3496,0,0.2459
34b62d651ed7b2d3,weekend_20,3,Dormant,0.6683,0.5804,0.3666,0.2149,0.2374,0.1797,-0.0023,-0.0056,0.1875,0,-0.0011
34ba1369833abc8f,free_trip,1,Dormant,0.5421,10.7154,8.5547,1.8893,0.7527,1.5793,0.543,0.6311,0.4052,0,0.2715
34ede89cc778a81b,free_trip,5,Dormant,0.5391,10.5156,8.3904,1.8545,1.5614,1.5503,0.5412,0.5935,0.4155,0,0.2706
350611bee45112d8,free_trip,5,Dormant,0.5358,10.3852,8.2861,1.8322,1.5614,1.5316,0.534,0.5869,0.4107,0,0.267
351e367da6e8fa12,spend_10,4,Champions,2.1044,2.0791,1.324,0.712,1.6137,0.6838,0.086,0.0,0.5978,0,0.043
3530c1a5d961650c,spend_10,0,Champions,2.9117,3.0049,1.9533,1.0104,2.6188,0.7279,0.0826,0.0,0.6453,0,0.0413
356d410a448454e7,spend_10,4,Champions,2.4793,2.2216,1.3766,0.8008,2.1447,0.5932,0.0883,0.0,0.5049,0,0.0441
3573f98c9c493b7b,free_trip,0,Dormant,0.5761,11.1,8.8525,1.9582,1.5163,1.6369,0.5787,0.699,0.3592,0,0.2894
3579abeae273005c,free_trip,0,Dormant,0.5546,10.8428,8.6474,1.9111,1.099,1.5976,0.5685,0.6119,0.4172,0,0.2842
357f7466d7a99394,free_trip,5,Dormant,0.521,10.3399,8.2463,1.8208,1.402,1.5221,0.5455,0.6201,0.3564,0,0.2728
3581a9c214807881,free_trip,0,Dormant,0.5289,10.4652,8.3609,1.8463,1.1775,1.5434,0.516,0.6792,0.3481,0,0.258
358c32c1e75f901b,free_trip,5,Dormant,0.5448,10.259,8.1981,1.8158,1.9406,1.5179,0.4904,0.659,0.3685,0,0.2452
359c986b62e6c433,spend_10,3,Champions,1.4944,1.0805,0.6045,0.4359,2.3495,0.3141,0.0803,0.0,0.2339,0,0.0401
35a6047cb8586482,free_trip,5,Occasional,0.8228,11.0796,8.8303,2.0048,2.0541,1.4336,0.4891,0.6442,0.3004,0,0.2445
35a648a4c1bef0dd,spend_10,2,Champions,2.0357,1.9507,1.2157,0.6753,2.0207,0.7404,0.1196,0.0,0.6207,0,0.0598
35b8ae17d824c0e6,offpeak_pass,0,Loyal,0.9219,0.8942,0.6202,0.3203,1.311,0.2541,-0.0927,0.3468,0.0,0,-0.0463
35bb6d84ecbc0ed9,spend_10,5,Champions,2.404,4.1269,2.903,1.1022,3.5883,0.4198,0.2435,0.0,0.1763,0,0.1217
35f1ee76ee589613,free_trip,4,Dormant,0.5622,10.7124,8.5603,1.8946,2.2966,1.5838,0.5152,0.72,0.3486,0,0.2576
36038fa94d2d0a1c,free_trip,4,Dormant,0.5528,10.6416,8.5,1.8801,1.9176,1.5717,0.5229,0.7001,0.3486,0,0.2615
36048cd361ff1755,spend_10,3,Loyal,2.6111,2.1687,1.2896,0.8101,1.8561,0.5299,0.138,0.0,0.3919,0,0.069
3607d5692db39692,free_trip,2,Dormant,0.4949,9.9851,7.9438,1.7526,1.9554,1.465,0.5776,0.5216,0.3659,0,0.2888
360ea84955c299d7,spend_10,5,Champions,2.0208,2.1194,1.3542,0.7009,2.4886,0.5293,0.1285,0.0,0.4008,0,0.0642
362bbc9e1231686c,free_trip,4,Occasional,1.1054,15.021,11.9638,2.7143,2.5078,1.1457,0.6859,0.269,0.1908,0,0.3429
3631ce9c73905080,weekend_20,3,Occasional,1.5944,1.5101,0.9867,0.536,1.5702,0.3002,-0.0251,-0.0498,0.3751,0,-0.0126
3636902686f30a61,free_trip,3,Occasional,0.954,12.9935,10.4044,2.3589,1.7073,1.3314,0.4603,0.5526,0.3185,0,0.2301
364c5d81e539f557,free_trip,3,Dormant,0.4952,9.9373,7.9377,1.7514,1.6789,1.464,0.4964,0.588,0.3796,0,0.2482
3653994b3de207b8,free_trip,5,Dormant,0.5449,10.6665,8.5129,1.8811,1.9009,1.5725,0.545,0.6254,0.4021,0,0.2725
365d97d91cc7652c,spend_10,3,Champions,0.6385,3.3319,2.5521,0.6626,5.7088,0.4912,0.2345,0.0,0.2567,0,0.1172
3671bffe5ec1d224,free_trip,5,Dormant,0.7825,13.1512,10.456,2.334,1.205,1.9511,0.7223,0.7834,0.4454,0,0.3612
367e073e72c2d419,spend_10,5,Loyal,4.1221,2.6199,1.4279,1.1527,4.636,0.4055,0.0785,0.0,0.327,0,0.0393
3680fe45a70cc905,free_trip,1,Occasional,1.1811,15.4881,12.3913,2.8188,2.7685,1.7185,0.5562,0.7719,0.3904,0,0.2781
3694dd9dfa17b1ed,free_trip,1,Dormant,0.5327,10.2762,8.2107,1.8159,1.2633,1.518,0.4993,0.678,0.3407,0,0.2497
36a3e4d53da414d4,free_trip,3,At risk,0.583,11.3082,9.0372,1.998,1.8685,1.5704,0.546,0.7213,0.303,0,0.273
36d20f6a8a2abab2,free_trip,4,Dormant,0.5158,10.2286,8.1777,1.8055,1.5051,1.5093,0.4909,0.671,0.3474,0,0.2454
36e2e93caa6fd2b5,spend_10,3,Champions,3.1043,2.5802,1.4671,0.9494,4.2238,0.6396,0.3274,0.0,0.3122,0,0.1637
36fa26264a289e98,spend_10,0,Champions,1.9927,1.1727,0.5424,0.5265,2.0459,0.3179,0.2076,0.0,0.1103,0,0.1038
37045121035abf4b,free_trip,4,Dormant,0.5279,10.4383,8.3522,1.8443,1.4181,1.5417,0.4836,0.6988,0.3592,0,0.2418
37108a66b57c6699,free_trip,5,Dormant,0.5085,10.0586,8.0455,1.7765,1.6794,1.4851,0.4733,0.6849,0.3269,0,0.2366
371c5a5c71238d65,spend_10,1,Champions,2.6586,4.4009,3.0815,1.1921,2.0872,0.6063,0.2546,0.0,0.3517,0,0.1273
37538b8eba7b4ca9,free_trip,4,Dormant,0.5531,10.6439,8.487,1.8775,1.6344,1.5695,0.5588,0.6446,0.366,0,0.2794
3757ad4dae467253,free_trip,5,At risk,0.4211,13.4664,10.913,2.3539,2.3047,1.01,0.3989,0.373,0.238,0,0.1995
377789a8c998c7bd,spend_10,5,Champions,0.9572,14.4507,11.6564,2.6197,6.1614,1.73,0.3491,0.0,1.3809,0,0.1746
377b2680abd68357,spend_10,1,Champions,2.2432,2.581,1.7176,0.8226,1.82,0.7335,0.0816,0.0,0.6518,0,0.0408
37818dbaaade7a90,free_trip,1,Dormant,0.6873,12.1639,9.7115,2.1597,1.2753,1.8053,0.5856,0.8426,0.3771,0,0.2928
378e18f8e288a7f1,offpeak_15,5,Champions,17.5266,12.3621,7.1915,5.1335,7.3372,4.2459,0.074,4.444,-0.2721,0,0.037
378eac92f71f3486,weekend_20,3,Dormant,0.723,0.6515,0.4173,0.2368,0.3675,0.198,-0.0051,-0.0108,0.2139,0,-0.0025
37901ac3aaf4e8e8,pct_10,3,Champions,45.2765,37.0046,22.5788,14.0925,21.5305,8.8198,0.6666,5.638,2.5152,0,0.3333
379424f1b97a1555,free_trip,5,Dormant,0.6786,12.2185,9.731,2.1619,1.3442,1.8072,0.6513,0.7386,0.4173,0,0.3257
379d31384d23b7a8,free_trip,2,Dormant,0.6101,11.5253,9.2113,2.0397,1.3191,1.7051,0.5486,0.7244,0.4321,0,0.2743
37a4da0764890a71,free_trip,3,Dormant,0.516,10.248,8.1813,1.8063,1.6559,1.51,0.5208,0.6213,0.3679,0,0.2604
37a551cdf790f9d2,free_trip,1,Dormant,0.5332,10.4825,8.3773,1.8506,1.6381,1.547,0.5094,0.6844,0.3531,0,0.2547
37d1d63ea8556b2f,offpeak_15,3,Champions,9.997,13.6319,9.6646,4.0834,4.2608,3.8317,-0.2322,4.1153,-0.0514,0,-0.1161
37df33eefdedf75a,offpeak_15,5,Champions,10.37,5.1606,2.5565,2.6846,3.1247,2.028,-0.161,2.2036,-0.0146,0,-0.0805
37e1798291fc6a9b,free_trip,4,At risk,1.0199,10.9768,8.6702,2.0125,2.2506,1.6262,0.5881,0.6859,0.3522,0,0.294
37f7290c055de5f3,free_trip,0,Dormant,0.8809,12.5795,9.9966,2.2591,2.0716,1.8885,0.6476,0.8539,0.3869,0,0.3238
380079783d234643,free_trip,1,Dormant,0.5011,9.9721,7.9649,1.7583,1.8262,1.4698,0.498,0.6009,0.3709,0,0.249
3805dc098a0df6e6,free_trip,1,At risk,0.7377,10.1816,8.1203,1.8397,0.9365,1.3622,0.4433,0.5354,0.3836,0,0.2216
381d80916ed62f7b,spend_10,0,Champions,2.0235,6.3153,4.8039,1.4179,4.3654,1.0861,0.1869,0.0,0.8992,0,0.0935
385c18a9343170e2,free_trip,0,Dormant,0.499,10.0854,8.0086,1.7669,2.3639,1.477,0.6198,0.4852,0.372,0,0.3099
386cf3a61f99cf09,spend_10,3,Champions,1.5368,1.1691,0.6533,0.4548,2.7733,0.1967,0.1219,0.0,0.0748,0,0.0609
3879a919bff1981f,free_trip,5,Dormant,0.6822,12.4092,9.8791,2.1934,1.9086,1.8336,0.6735,0.7716,0.3885,0,0.3368
387ef9eb66e62b84,spend_10,0,Loyal,3.4687,7.074,5.2188,1.8043,4.0984,0.7284,0.1018,0.0,0.6266,0,0.0509
388ba407a29e3457,offpeak_15,5,Champions,10.7878,9.5374,6.0704,3.5012,4.0961,2.5572,-0.0685,2.5698,0.056,0,-0.0342
389954a57a9984a7,free_trip,3,Dormant,0.6425,11.9735,9.5461,2.116,1.0078,1.7689,0.6228,0.7212,0.4248,0,0.3114
38a81c65afc9d63e,spend_10,4,Champions,1.0179,4.0732,3.0995,0.8551,6.601,0.5232,0.2372,0.0,0.286,0,0.1186
38ab556ffcf7c4d2,spend_10,3,Loyal,1.9505,1.0194,0.4305,0.4945,2.9459,0.3099,0.1888,0.0205,0.1007,0,0.0944
38b3b26250039959,free_trip,5,Dormant,0.5297,10.37,8.2764,1.8289,1.4819,1.5288,0.5295,0.6611,0.3382,0,0.2648
38b8d9fcdfabdf4c,free_trip,1,Dormant,0.4983,9.9596,7.955,1.7556,1.6338,1.4676,0.498,0.5886,0.381,0,0.249
38b9733d51275e2d,free_trip,4,Dormant,0.5553,10.7904,8.6112,1.9037,1.4983,1.5914,0.551,0.683,0.3574,0,0.2755
38cdff9251353630,free_trip,5,Dormant,0.5175,10.2666,8.2121,1.813,1.5415,1.5156,0.483,0.6646,0.368,0,0.2415
38d0534b4368afab,free_trip,3,Dormant,0.5132,10.1501,8.0891,1.7866,0.9807,1.4934,0.5489,0.5722,0.3723,0,0.2745
38d12aede26fd191,free_trip,4,Dormant,0.5598,10.9888,8.7881,1.9414,1.5901,1.6229,0.5185,0.6889,0.4155,0,0.2593
38d2cfdea6f87718,spend_10,2,Champions,0.7611,0.8277,0.4725,0.2562,3.1683,0.1224,0.198,0.0,-0.0756,0,0.099
38d3b8f39cf58150,free_trip,5,Dormant,1.2151,12.7009,10.0276,2.3349,3.0466,1.9519,0.6767,0.9071,0.368,0,0.3384
38d6512de855f261,spend_10,4,Champions,1.9918,4.8284,3.6485,1.1714,4.2873,0.7339,0.0168,0.0,0.7171,0,0.0084
38e27e3564f950c7,free_trip,3,Dormant,0.4999,10.0999,8.0193,1.7693,2.1614,1.479,0.6227,0.4624,0.394,0,0.3113
38ef6253aecbbc85,free_trip,1,Dormant,0.5249,10.4891,8.3373,1.8405,2.0232,1.5386,0.6226,0.4879,0.4281,0,0.3113
3904dddc47e79b2e,free_trip,4,Occasional,1.837,11.8249,9.2204,2.2964,2.1891,1.2131,0.6163,0.3381,0.2587,0,0.3081
391d0a4a2f505b44,spend_10,1,Loyal,4.9415,3.3038,1.8562,1.4118,3.5082,0.5218,0.0717,0.0,0.4501,0,0.0358
3923a8fe0a6651a2,free_trip,1,Dormant,0.4904,9.8682,7.8741,1.7372,1.4431,1.4522,0.514,0.6225,0.3156,0,0.257
3927497b2bc7c52f,free_trip,5,Dormant,0.5436,10.7515,8.5787,1.8946,0.7751,1.5837,0.5565,0.6618,0.3654,0,0.2783
392e9897834d5e7a,free_trip,0,Dormant,0.5478,10.586,8.4561,1.87,1.5751,1.5632,0.5199,0.6794,0.3639,0,0.26
3951a1222a8b9d01,free_trip,4,Dormant,0.4972,9.953,7.9605,1.7565,1.6648,1.4684,0.472,0.6424,0.3539,0,0.236
39627ec68ade2a72,spend_10,3,Champions,1.035,3.3309,2.4747,0.7289,5.2711,0.5433,0.2546,0.0,0.2887,0,0.1273
3964d43a534c1a11,spend_10,4,Champions,2.8384,4.4798,3.1856,1.2511,3.112,0.9516,0.0863,0.0,0.8653,0,0.0431
39705b941db974ea,spend_10,3,Champions,2.1032,1.8092,1.107,0.6667,2.7776,0.688,0.0711,0.0,0.6169,0,0.0356
3974d93828ff832a,free_trip,2,Dormant,0.7577,12.3093,9.7851,2.1896,2.2745,1.8304,0.6692,0.7989,0.3622,0,0.3346
3975fe12a8cf581b,free_trip,4,Dormant,0.5312,10.2987,8.2262,1.8188,1.7566,1.5204,0.5074,0.6633,0.3497,0,0.2537
397f5aaf12b151ee,spend_10,1,Champions,1.9904,4.2286,3.1028,1.0578,3.8453,0.7707,0.1361,0.0,0.6346,0,0.068
39957a10620cad18,free_trip,0,Dormant,0.557,10.796,8.6378,1.9096,1.2209,1.5963,0.4973,0.7482,0.3508,0,0.2486
399b300b0864b922,spend_10,3,Loyal,2.9724,2.1332,1.2141,0.8695,3.0399,0.6371,0.0991,0.0,0.5379,0,0.0496
399ecd09b084729f,free_trip,4,Dormant,0.5548,10.7736,8.5883,1.8989,1.8215,1.5873,0.573,0.6612,0.3531,0,0.2865
39a1b8f1bcd4c235,free_trip,0,Occasional,0.5508,10.4346,8.3944,1.8578,2.5809,0.828,0.365,0.3689,0.0941,0,0.1825
39a49b9b82f404bd,free_trip,2,Dormant,0.5556,10.8853,8.7172,1.9258,1.3757,1.6099,0.4845,0.7649,0.3605,0,0.2422
39ad1fe17b2263d9,spend_10,5,Champions,1.6472,4.3733,3.2695,1.0211,2.2554,0.8197,0.1655,0.0,0.6542,0,0.0827
39ae914bd6258e20,free_trip,5,Dormant,0.6607,12.1289,9.6845,2.1485,1.4475,1.796,0.5918,0.8545,0.3498,0,0.2959
39bb2281659ff3c7,free_trip,1,Occasional,1.2659,15.1501,12.0669,2.769,2.5624,1.667,0.6284,0.6778,0.3608,0,0.3142
39c8d4e1a31c74d3,free_trip,1,Dormant,0.52,10.2237,8.148,1.8002,1.0531,1.5049,0.551,0.5938,0.3601,0,0.2755
39ce1eef98562bb0,spend_10,3,Champions,2.298,4.6283,3.3858,1.1804,3.9577,0.632,0.1242,0.0,0.5079,0,0.0621
39d4de01c28aa042,spend_10,1,Loyal,3.3505,5.2803,3.7102,1.4664,3.2385,0.6557,0.2075,0.0,0.4482,0,0.1038
39d659947a22ede2,spend_10,1,Loyal,2.9498,2.2262,1.2827,0.879,1.7088,0.678,0.1291,0.0,0.5489,0,0.0646
3a10282eb9f46f02,free_trip,1,Dormant,0.5058,10.1321,8.0902,1.7853,1.1068,1.4924,0.5133,0.652,0.3272,0,0.2566
3a1da0342be904d4,weekend_20,0,Occasional,2.2273,1.1834,0.6341,0.5943,1.1745,0.1275,-0.0898,-0.1193,0.3366,0,-0.0449
3a21377e58b34a6d,offpeak_15,5,Champions,18.9644,12.286,6.9192,5.3756,9.7236,3.5778,-0.0177,3.9046,-0.3091,0,-0.0089
3a3d5ae5cc24a9a8,weekend_20,5,Loyal,2.5912,1.8331,1.0866,0.7638,2.1829,0.5086,-0.0346,-0.023,0.5662,0,-0.0173
3a5b896cddd3e0b5,spend_10,0,Champions,1.8482,2.1863,1.442,0.6833,2.565,0.7597,0.1221,0.0,0.6376,0,0.0611
3a6a0663b37d48ad,free_trip,0,Dormant,0.6733,12.1093,9.6505,2.1441,1.1467,1.7923,0.6294,0.7461,0.4168,0,0.3147
3a6edca7dba71741,free_trip,1,Dormant,0.4964,9.9609,7.9496,1.7541,1.1335,1.4663,0.5144,0.6248,0.3272,0,0.2572
3aa1c1c64dbb3608,spend_10,3,Champions,1.6291,1.5334,0.9271,0.5309,2.9065,0.3933,0.1509,0.0,0.2424,0,0.0754
3aa6ae53df537f77,pct_10,4,Champions,36.6672,48.337,32.2284,14.3085,36.3241,13.7027,3.6003,6.4562,3.6463,0,1.8001
3ab5a2528c275a75,weekend_20,3,At risk,1.1991,0.7344,0.4145,0.3351,1.0103,0.282,-0.0305,-0.0953,0.4078,0,-0.0152
3ac24d542fbe1808,free_trip,2,At risk,0.5146,14.7026,11.8595,2.5699,2.9464,1.3032,0.5465,0.4936,0.2632,0,0.2732
3adfa43e518da7f5,weekend_20,5,Loyal,3.6301,1.8971,1.0066,0.963,2.2782,0.4876,-0.145,-0.0514,0.684,0,-0.0725
3ae40db153e7492d,free_trip,2,Dormant,0.921,10.7426,8.4966,1.9559,1.0167,1.635,0.5803,0.6774,0.3773,0,0.2902
3afa87182043843e,free_trip,5,Dormant,0.5109,10.2139,8.1671,1.8023,1.3022,1.5066,0.4891,0.6595,0.358,0,0.2445
3b30201520da43f6,free_trip,2,Dormant,0.5469,10.8111,8.6462,1.9093,1.3995,1.596,0.5113,0.7286,0.3561,0,0.2556
3b489e7032b3b30d,weekend_20,1,Dormant,0.652,0.4929,0.2988,0.1975,0.4632,0.1651,-0.0066,-0.0088,0.1805,0,-0.0033
3b5c908f0269d800,free_trip,5,Dormant,0.5099,10.1611,8.1422,1.7969,1.2566,1.5021,0.4439,0.7167,0.3416,0,0.2219
3b60b64bce63020b,spend_10,4,Champions,2.0815,1.5831,0.9551,0.6306,2.6041,0.6589,-0.0053,0.0,0.6641,0,-0.0026
3b6b70fec9499cee,offpeak_15,4,Champions,26.2715,14.4967,7.564,7.0271,18.7243,5.9807,-0.1889,6.4642,-0.2947,0,-0.0944
3b78e0082f4b4496,spend_10,5,Champions,1.7094,10.208,8.0533,2.0275,5.382,0.9094,0.2543,0.0,0.6551,0,0.1271
3b7f502d43fade74,free_trip,2,Dormant,0.5792,10.826,8.6428,1.9153,2.5438,1.601,0.5358,0.6833,0.382,0,0.2679
3b8bc6346fbbca37,spend_10,2,Champions,1.6775,4.2113,3.1984,1.0126,3.0553,0.8798,0.0004,0.0,0.8794,0,0.0002
3bab3c5b1c4bfd9e,spend_10,2,Champions,1.5238,6.6872,5.1913,1.3946,3.3663,1.0762,0.2024,0.0,0.8738,0,0.1012
3bb38db841412dcf,free_trip,2,Dormant,0.5725,11.0945,8.8633,1.9596,1.3775,1.6381,0.5432,0.7392,0.3558,0,0.2716
3bb66dd2dcaf4f80,spend_10,3,Champions,2.7855,2.4639,1.4908,0.8881,2.522,0.67,0.17,0.0,0.5,0,0.085
3bbd0ee2d6cabe12,free_trip,5,Dormant,0.494,9.9141,7.9187,1.7472,1.209,1.4605,0.4965,0.6472,0.3169,0,0.2482
3bbf76f03715b75b,free_trip,4,Dormant,0.495,9.8643,7.8868,1.7408,2.3867,1.4552,0.4735,0.5889,0.3928,0,0.2367
3bcb051895dc4e38,free_trip,3,Dormant,0.6034,11.4646,9.1713,2.0301,1.9702,1.697,0.5264,0.8182,0.3524,0,0.2632
3be4fbc3e5ddcfed,free_trip,4,Dormant,0.5956,11.4862,9.1611,2.0263,1.8822,1.6939,0.5975,0.7338,0.3626,0,0.2987
3be513fe2c07ae3e,free_trip,5,Dormant,0.544,10.2965,8.2124,1.8186,1.9044,1.5202,0.531,0.6455,0.3437,0,0.2655
3be7eaa7c1e84bdb,free_trip,2,Dormant,0.5562,10.5985,8.4666,1.8739,2.0017,1.5665,0.516,0.6852,0.3653,0,0.258
3be9a26c68f12eec,free_trip,3,At risk,0.9897,12.1524,9.6416,2.208,2.8891,1.7576,0.6057,0.6991,0.4529,0,0.3028
3bed64d7e57047d1,spend_10,0,Champions,1.1938,0.9917,0.5509,0.3623,3.7898,0.3043,0.1569,0.0,0.1474,0,0.0784
3beeb2ac02ca40b8,spend_10,4,Champions,1.6635,1.3044,0.7211,0.4952,2.5044,0.5384,0.1762,0.0,0.3622,0,0.0881
3bf5e524cf345d3e,free_trip,4,At risk,0.483,11.9681,9.6791,2.1105,3.2281,1.2126,0.357,0.5655,0.2902,0,0.1785
3bf61e67dc698d6d,spend_10,3,Champions,1.4118,1.6771,1.0264,0.5064,3.9314,0.299,0.2886,0.0,0.0104,0,0.1443
3bf9d882e8aeeab4,free_trip,0,Dormant,0.5299,10.4798,8.3611,1.8465,0.8731,1.5436,0.5445,0.6018,0.3973,0,0.2722
3bff5f9d4846b57a,spend_10,0,Champions,1.6979,6.1824,4.8116,1.3519,3.1419,0.9652,0.0378,0.0,0.9274,0,0.0189
3c0535965b7c18f8,free_trip,2,Dormant,0.5847,10.849,8.649,1.9177,1.1942,1.6031,0.5648,0.6614,0.3769,0,0.2824
3c05bc7ea553f4b0,spend_10,1,Champions,2.1011,3.2303,2.1858,0.8903,5.0126,0.4898,0.3083,0.0,0.1815,0,0.1541
3c14f5572fccfe07,free_trip,4,Dormant,0.5877,10.9211,8.7177,1.9326,1.9915,1.6155,0.5417,0.7048,0.3689,0,0.2709
3c19107d62d49e22,free_trip,4,Dormant,0.4954,9.9892,7.9272,1.7492,1.6523,1.4623,0.6256,0.4797,0.357,0,0.3128
3c1e435562f96bc0,free_trip,4,Dormant,0.5458,10.4082,8.3033,1.8378,2.3017,1.5363,0.5342,0.6361,0.366,0,0.2671
3c20853ca847982d,free_trip,0,Occasional,1.3006,11.429,8.9405,2.1269,2.1581,1.2353,0.7232,0.2967,0.2154,0,0.3616
3c38abb5508f3777,spend_10,3,Loyal,2.2419,2.2985,1.5192,0.7811,2.2523,0.6329,-0.0036,0.0,0.6364,0,-0.0018
3c3ed092376077ea,free_trip,1,Dormant,0.5561,10.6514,8.4976,1.8803,2.3184,1.5718,0.5471,0.6587,0.366,0,0.2735
3c4bcfdd0ce13932,spend_10,0,Champions,0.8372,1.9124,1.3345,0.451,7.2539,0.5727,0.2538,0.0,0.3189,0,0.1269
3c589daa7545a23a,free_trip,3,Dormant,0.5196,10.4299,8.3299,1.8379,1.7789,1.5364,0.5242,0.6928,0.3194,0,0.2621
3c65c3fa117e66f9,free_trip,3,Dormant,0.4936,9.9098,7.9171,1.7468,1.7772,1.4602,0.4918,0.5916,0.3768,0,0.2459
3c65d18f5bdf621d,spend_10,1,Occasional,0.8449,2.0314,1.5023,0.4875,0.992,0.2744,0.0832,0.0,0.1912,0,0.0416
3c6d778e393065cd,spend_10,4,Champions,1.4598,0.9252,0.4095,0.3882,2.5836,0.3184,0.2549,0.0,0.0635,0,0.1275
3c7d6119596afb3d,free_trip,4,Dormant,0.5287,10.4829,8.3693,1.848,0.8433,1.5448,0.5311,0.5759,0.4377,0,0.2656
3c830718ca92cb1f,spend_10,5,Loyal,2.4054,1.7653,0.9956,0.7063,1.5315,0.7087,0.1268,0.0,0.5819,0,0.0634
3c9ecc07c1a4d1b3,free_trip,3,At risk,0.8699,14.9629,11.9525,2.663,2.5023,1.7025,0.6947,0.6916,0.3162,0,0.3474
3ca2470a6c3996c0,free_trip,3,Dormant,0.6241,11.8678,9.4617,2.0947,1.0966,1.751,0.6228,0.7203,0.4078,0,0.3114
3ca6ff7691dc486f,free_trip,4,Dormant,0.5307,10.5007,8.3955,1.8538,1.4318,1.5497,0.5027,0.6584,0.3886,0,0.2513
3cd6a734b4f833c4,free_trip,4,Dormant,0.5092,10.1536,8.1138,1.7908,1.5596,1.497,0.498,0.6195,0.3796,0,0.249
3cdadf057814661f,free_trip,2,At risk,0.5182,13.758,11.1101,2.415,3.3137,1.2435,0.4659,0.5764,0.2012,0,0.233
3ce182f7752c8ae2,spend_10,1,Champions,1.5673,1.0983,0.5795,0.4459,1.4446,0.5634,0.1458,0.0,0.4177,0,0.0729
3cec34cdb47425d0,spend_10,3,Champions,2.3517,1.1288,0.4877,0.5897,4.7869,0.2764,0.1028,0.0,0.1736,0,0.0514
3d012bd6eaf5f5e3,free_trip,2,Dormant,0.649,12.0784,9.6239,2.1335,2.008,1.7835,0.6418,0.7753,0.3664,0,0.3209
3d0fad839113c03f,offpeak_15,4,Champions,18.4645,13.188,7.7224,5.4386,6.3117,3.8665,0.0542,4.0661,-0.2538,0,0.0271
3d1ccf17676cb6cc,free_trip,5,Dormant,0.525,10.3752,8.2766,1.8279,1.1622,1.528,0.5415,0.6388,0.3478,0,0.2707
3d1e7f31cf93d117,free_trip,2,At risk,0.5808,11.8556,9.4715,2.0877,2.107,1.5213,0.5927,0.6497,0.279,0,0.2963
3d2170ddcbf47549,spend_10,2,Champions,0.6471,1.6561,1.1562,0.3745,5.1051,0.2274,0.2506,0.0,-0.0233,0,0.1253
3d2c55f22f3ef282,free_trip,3,Occasional,0.7873,10.8701,8.6327,1.9564,2.6351,1.0457,0.5622,0.3092,0.1743,0,0.2811
3d3d29e800223c30,free_trip,3,Dormant,0.5347,10.5016,8.3833,1.8521,2.0911,1.5483,0.5322,0.6173,0.3988,0,0.2661
3d3e6660217f8d8c,free_trip,4,Occasional,0.7809,14.1359,11.3707,2.5237,2.4493,1.5612,0.483,0.726,0.3523,0,0.2415
3d41a462590bd2d5,free_trip,0,Dormant,0.5701,10.7301,8.564,1.897,1.7232,1.5858,0.5384,0.6837,0.3637,0,0.2692
3d70f327a239d204,spend_10,1,Champions,2.0775,3.2829,2.2867,0.9064,2.1696,0.7542,0.1797,0.0,0.5745,0,0.0898
3d80bc3fc9ebe241,free_trip,0,Dormant,0.5621,10.8037,8.6334,1.9098,1.9986,1.5964,0.5211,0.7272,0.3481,0,0.2606
3d8814b91105327e,spend_10,0,Champions,0.6531,2.1664,1.5742,0.4626,6.3986,0.3106,0.2594,0.0,0.0512,0,0.1297
3d9165bdd29439d4,free_trip,2,Dormant,0.5051,10.088,8.0554,1.7779,1.3025,1.4862,0.5095,0.6495,0.3272,0,0.2547
3d9f0066caeb47bc,free_trip,1,Dormant,0.5364,10.5391,8.4165,1.8594,1.1141,1.5543,0.5266,0.6405,0.3873,0,0.2633
3db415c76ebc75aa,offpeak_15,4,Champions,15.4534,10.76,6.2827,4.5142,5.8842,4.0851,-0.0739,4.4054,-0.2464,0,-0.037
3db491a0850f8fca,spend_10,3,Champions,0.714,13.7823,10.9587,2.4242,34.6562,0.9117,0.7989,0.0,0.1127,0,0.3995
3db60771756eaf30,spend_10,2,Champions,1.9116,2.7422,1.9244,0.7967,2.2274,0.7435,0.0423,0.0,0.7011,0,0.0212
3dce23adbaef8d16,spend_10,5,Champions,2.6533,2.6998,1.7398,0.9124,2.5699,0.7971,0.0953,0.0,0.7018,0,0.0476
3dcffb1ab37a22ff,offpeak_15,4,Champions,8.7629,4.4639,2.2209,2.2812,3.2958,1.7885,-0.0763,2.0305,-0.1657,0,-0.0382
3dd176835e31b385,free_trip,5,At risk,0.5644,12.2604,9.9205,2.1775,3.9379,0.9749,0.3246,0.4236,0.2267,0,0.1623
3defd697b520b174,free_trip,5,Dormant,0.5265,10.3525,8.2531,1.8234,1.5661,1.5242,0.5519,0.5959,0.3763,0,0.276
3dfb90039421af3b,free_trip,0,Dormant,0.5296,10.4345,8.3318,1.8404,0.7773,1.5384,0.5249,0.6646,0.3489,0,0.2624
3e0ca967a1e31606,free_trip,3,Dormant,0.8159,11.4335,9.1016,2.0597,1.2957,1.7218,0.5444,0.7584,0.4191,0,0.2722
3e131ed43ceb4f66,free_trip,2,At risk,0.8961,10.567,8.3317,1.9165,3.1572,1.2131,0.6376,0.3729,0.2026,0,0.3188
3e1326d2f13927e8,free_trip,3,Dormant,0.5236,10.372,8.2852,1.8294,1.3064,1.5293,0.5147,0.6201,0.3944,0,0.2574
3e1852c8bae00f40,offpeak_15,4,Champions,12.1971,5.6565,2.5854,3.0701,5.1373,2.4852,0.002,2.6702,-0.187,0,0.001
3e22aded87edad9f,weekend_20,0,Dormant,0.6588,0.501,0.3042,0.2,0.4756,0.1672,-0.0064,-0.0083,0.1819,0,-0.0032
3e22d3bb52485fb6,free_trip,5,Dormant,0.5466,10.7607,8.5935,1.8983,1.9469,1.5868,0.5377,0.6783,0.3709,0,0.2688
3e44869cdb43e0be,spend_10,1,Champions,1.5193,1.4069,0.8201,0.4859,2.9431,0.4291,0.2019,0.0,0.2272,0,0.101
3e68519db4d28919,free_trip,1,Dormant,0.5238,10.3239,8.2607,1.8244,1.1151,1.5251,0.4776,0.6882,0.3592,0,0.2388
3e81cc5ace797543,free_trip,5,Dormant,0.5497,10.8314,8.6361,1.9078,1.481,1.5948,0.5751,0.6647,0.355,0,0.2875
3e90d35871ac6223,free_trip,5,At risk,0.6141,12.3278,9.9298,2.1898,1.7974,1.4022,0.4162,0.6584,0.3276,0,0.2081
3e9d74e939b65ca1,free_trip,1,Dormant,0.5587,10.6579,8.4948,1.8803,1.9267,1.5718,0.5656,0.6155,0.3907,0,0.2828
3ea2e98e2eef4bdb,free_trip,1,Dormant,0.5457,10.7775,8.5888,1.8971,1.349,1.5858,0.5833,0.6468,0.3558,0,0.2916
3ea76fb22a4b2dcf,free_trip,1,Dormant,1.2159,12.1744,9.6423,2.2551,1.3037,1.8851,0.5541,0.9425,0.3885,0,0.2771
3eacbf9dcc3b857e,free_trip,1,Dormant,0.5619,10.8015,8.6172,1.9064,1.9214,1.5936,0.556,0.6844,0.3531,0,0.278
3ebc3998e0cf8095,free_trip,5,Dormant,0.9804,11.9237,9.4577,2.1678,1.5925,1.8122,0.5963,0.8288,0.3871,0,0.2981
3ed0008c069708c8,spend_10,2,Champions,1.356,6.5368,5.0773,1.3361,4.1831,1.1648,0.2468,0.0,0.918,0,0.1234
3edfc3e4a42f075a,spend_10,0,Champions,2.3116,4.8259,3.5532,1.218,3.2056,0.7879,0.1093,0.0,0.6786,0,0.0546
3ee7b36e5857fc58,free_trip,2,At risk,1.2549,23.366,18.8563,4.1768,3.7115,1.4997,0.6659,0.517,0.3168,0,0.3329
3ef01003d6c2f1ec,spend_10,0,Champions,2.347,1.5673,0.8397,0.6618,2.2482,0.6647,0.1316,0.0,0.5331,0,0.0658
3efc42a25ef964a1,weekend_20,4,Occasional,1.2073,0.9088,0.5793,0.3711,1.18,0.2264,-0.0833,-0.0193,0.3289,0,-0.0416
3f0ac72b6ffe6cec,free_trip,3,Dormant,0.4935,9.914,7.9222,1.7478,1.0873,1.4611,0.4879,0.6139,0.3592,0,0.244
3f11312cd896053e,free_trip,5,Dormant,0.5356,10.5178,8.3887,1.8534,0.7864,1.5494,0.5513,0.627,0.3711,0,0.2757
3f116a1d8013eeab,free_trip,3,Dormant,0.5357,10.5224,8.3819,1.852,1.828,1.5482,0.5769,0.6524,0.3188,0,0.2885
3f2cbd83829ab58f,free_trip,0,Dormant,0.5468,10.5543,8.4218,1.8626,1.5233,1.5571,0.5397,0.6642,0.3531,0,0.2699
3f35f8b789f77b2e,free_trip,1,At risk,0.7722,10.839,8.6076,1.948,1.9415,1.3921,0.5668,0.5441,0.2812,0,0.2834
3f60dc08bb1202b6,spend_10,3,Champions,1.7579,1.1697,0.6011,0.4899,2.7921,0.4241,0.1573,0.0,0.2668,0,0.0787
3f6b2c986d356f7b,free_trip,3,Dormant,0.6354,11.8563,9.4691,2.0985,1.1749,1.7542,0.5774,0.7624,0.4145,0,0.2887
3f6d568124dd742f,spend_10,5,Champions,2.7464,4.7173,3.307,1.2572,3.1269,0.7412,0.3062,0.0,0.435,0,0.1531
3f7acfe87dff84e8,spend_10,1,Loyal,2.5824,1.9998,1.1359,0.7722,2.2637,0.4552,0.1834,0.0,0.2717,0,0.0917
3f7ae5a70df0e60c,spend_10,2,Loyal,2.4565,4.8059,3.5158,1.2404,3.4529,0.8887,0.0994,0.0,0.7893,0,0.0497
3f7b77b34b534bed,free_trip,1,At risk,1.7825,12.6998,10.017,2.4506,2.9569,1.0739,0.4646,0.3527,0.2566,0,0.2323
3f8e3e824408278e,rush_hour_25,2,Occasional,3.0298,1.7421,0.7144,0.7776,1.5935,0.39,0.5002,-0.091,-0.0191,0,0.2501
3f92e5b19096c9d8,spend_10,5,Champions,1.5255,1.744,1.1077,0.5469,3.392,0.2758,0.1788,0.0,0.097,0,0.0894
3f93d83964a440ed,spend_10,0,Champions,1.5998,2.3549,1.6504,0.675,2.7866,0.6092,0.0591,0.0,0.5501,0,0.0295
3f93dd48539f64ca,spend_10,1,Champions,0.864,1.5574,1.0495,0.3974,4.1928,0.1522,0.2208,0.0,-0.0687,0,0.1104
3f9ac00ee48be04e,free_trip,5,Dormant,0.4979,9.9601,7.9602,1.7566,1.3375,1.4684,0.4865,0.6492,0.3328,0,0.2432
3fce7a78fe1a170e,spend_10,1,Champions,0.9657,2.0608,1.4785,0.5076,2.9293,0.4478,0.1493,0.0,0.2985,0,0.0747
4002b686cd6416af,free_trip,4,Dormant,0.5835,11.0009,8.7785,1.9443,1.325,1.6253,0.556,0.6828,0.3865,0,0.278
4005c26e6f650476,free_trip,4,Dormant,0.5485,10.8182,8.6519,1.9108,1.1504,1.5973,0.5112,0.7383,0.3478,0,0.2556
4007a94cd8abdcad,free_trip,1,Dormant,0.5544,10.9097,8.7192,1.926,0.7994,1.61,0.5289,0.6387,0.4424,0,0.2645
40547c4f295e0248,free_trip,5,Dormant,0.5279,10.5247,8.413,1.8569,1.4414,1.5522,0.5096,0.7218,0.3208,0,0.2548
405a5737f33fd5f8,spend_10,4,Loyal,2.8016,3.4332,2.3281,1.0654,2.8691,0.6973,0.0795,0.0,0.6177,0,0.0398
4074372b7d13723b,spend_10,3,Champions,1.6262,1.2451,0.7042,0.484,2.9221,0.3882,0.1139,0.0,0.2742,0,0.057
40811f9256226a94,free_trip,0,Dormant,0.5441,10.6517,8.499,1.8781,1.3074,1.57,0.5491,0.6039,0.4169,0,0.2745
409677cff049469c,free_trip,1,Dormant,0.5393,10.5658,8.4339,1.8636,1.9564,1.5578,0.5368,0.6223,0.3988,0,0.2684
40b49bbcbec59cb8,free_trip,1,Dormant,0.5633,10.9142,8.7039,1.9247,1.0161,1.6089,0.5712,0.6846,0.3531,0,0.2856
40d53926fe1865f9,offpeak_pass,2,Champions,0.6275,0.5637,0.3305,0.1989,1.8918,0.1751,0.0685,0.1066,0.0,0,0.0343
40d87a0614810d1c,free_trip,5,Dormant,0.5317,10.3051,8.2431,1.8224,2.4097,1.5234,0.4792,0.7059,0.3383,0,0.2396
40e9ab010d41816c,free_trip,5,Dormant,0.5395,10.5846,8.46,1.8691,2.0691,1.5624,0.5111,0.6956,0.3557,0,0.2556
40ee1d3c5884e71a,free_trip,3,At risk,0.6498,20.6672,16.8452,3.6334,4.6359,1.272,0.3772,0.57,0.3248,0,0.1886
412750a820047195,free_trip,5,At risk,0.7189,11.4664,9.1125,2.0418,1.616,1.5754,0.6242,0.6352,0.316,0,0.3121
41333fd292004d70,free_trip,4,Dormant,0.5584,10.9438,8.7459,1.9323,1.7365,1.6153,0.5311,0.7281,0.3561,0,0.2656
414a81274e01557c,free_trip,2,Dormant,0.6608,12.0596,9.5906,2.1291,2.6853,1.7798,0.6801,0.7454,0.3543,0,0.34
414abb6a9ee565dd,free_trip,1,Dormant,0.5229,10.1867,8.1352,1.7981,1.4843,1.5031,0.5068,0.5959,0.4003,0,0.2534
414b5ac5858ecaf7,free_trip,3,Dormant,0.508,10.1824,8.1384,1.7957,1.2745,1.5011,0.4964,0.6072,0.3975,0,0.2482
415795791243c065,free_trip,5,At risk,1.5457,25.578,20.6551,4.6108,5.9228,1.3729,0.6243,0.4989,0.2498,0,0.3121
4167155e5064bf4b,free_trip,4,At risk,0.7504,15.2202,12.2009,2.6898,2.5824,1.5473,0.6591,0.5595,0.3287,0,0.3296
416ee6ccf0290ec6,free_trip,5,Dormant,0.5261,10.2874,8.2002,1.8123,1.2071,1.515,0.5499,0.594,0.3711,0,0.2749
416f3de45e8e277f,spend_10,1,Champions,1.2491,5.0146,3.8575,1.0606,3.7744,1.1125,0.1931,0.0,0.9193,0,0.0966
417e5cf43fd4c54b,spend_10,0,Champions,1.4591,0.9371,0.4788,0.4025,3.8121,0.2769,0.1118,0.0,0.1651,0,0.0559
4181d96b19f4461c,spend_10,5,Loyal,2.8389,1.8182,0.987,0.7946,1.8559,0.4331,0.0732,0.0,0.3599,0,0.0366
418434d35b4ebc37,free_trip,2,Dormant,0.4993,9.9403,7.9474,1.7542,1.3374,1.4664,0.4774,0.6352,0.3539,0,0.2387
418a165c3d46241c,spend_10,4,Occasional,0.5925,0.6381,0.3851,0.203,0.6602,0.1535,0.1,0.0,0.0536,0,0.05
418b50630370fdad,free_trip,4,Dormant,0.5377,10.6252,8.4944,1.8758,1.7118,1.5681,0.5099,0.699,0.3592,0,0.2549
41aa56b5bd6c8dd4,weekend_20,2,Loyal,2.643,1.2446,0.5827,0.6699,1.3712,0.5739,-0.0161,-0.0884,0.6783,0,-0.008
41b1d66c35c7447a,free_trip,4,Occasional,0.8052,10.4949,8.2958,1.8901,1.0917,1.5326,0.618,0.6477,0.2669,0,0.309
41cc8b33e462a504,free_trip,2,Dormant,0.6739,10.8339,8.6606,1.9386,1.2938,1.6206,0.4693,0.8022,0.349,0,0.2347
41d6a3a5cb3b8a7c,free_trip,1,Dormant,0.5222,10.3227,8.2461,1.821,1.5004,1.5223,0.5111,0.684,0.3272,0,0.2556
41e22e1586474abc,free_trip,0,At risk,0.704,15.1421,12.2534,2.691,2.4422,1.4029,0.3953,0.6934,0.3143,0,0.1976
41e544b48cb9d57c,free_trip,1,At risk,0.5271,13.0982,10.5641,2.3035,3.0734,1.2892,0.4613,0.5395,0.2885,0,0.2306
41f17a28c18be125,free_trip,1,Dormant,0.5596,10.9357,8.7258,1.9284,0.9717,1.6121,0.5628,0.6703,0.3789,0,0.2814
4204e1e136913028,spend_10,0,Champions,0.7118,4.618,3.4573,0.8658,6.8524,0.851,0.5897,0.0,0.2612,0,0.2949
4207355c364b2133,free_trip,0,Dormant,0.5765,10.4042,8.2871,1.8408,1.7426,1.5388,0.5525,0.6731,0.3133,0,0.2762
4210126734925bd0,spend_10,1,At risk,0.6216,0.4934,0.27,0.1852,1.6533,0.1037,0.0765,0.0,0.0272,0,0.0382
42193df31aff237b,spend_10,5,Loyal,2.673,2.4345,1.5231,0.8715,2.836,0.456,0.0799,0.0218,0.3543,0,0.0399
423b24e3d0f8527e,free_trip,0,Dormant,0.5586,10.707,8.5393,1.8895,1.3261,1.5795,0.5564,0.6587,0.3644,0,0.2782
423be8db2f07f146,free_trip,0,Dormant,0.4942,9.9059,7.912,1.7458,1.2413,1.4594,0.4963,0.6223,0.3407,0,0.2482
423c4e2f7bb9fea3,free_trip,1,Occasional,0.5012,10.7215,8.6627,1.9032,3.3974,0.8455,0.3112,0.4354,0.0989,0,0.1556
42468780e35715be,free_trip,3,Dormant,0.5135,10.2147,8.145,1.7982,1.1423,1.5032,0.5429,0.5808,0.3795,0,0.2714
4256eb28a7f85206,free_trip,3,At risk,1.011,12.3045,9.7398,2.2328,1.7438,1.3901,0.6639,0.5154,0.2108,0,0.3319
42618885464135c8,spend_10,4,Champions,1.2468,18.3328,14.8679,3.3468,7.5855,1.7629,0.2363,0.0,1.5266,0,0.1181
4262b1805f3047a4,offpeak_15,4,Loyal,2.1429,1.1879,0.6662,0.5834,2.5934,0.5052,-0.1235,0.7638,-0.1351,0,-0.0618
42aa25b34d5bf971,spend_10,4,Loyal,2.6999,1.304,0.6083,0.687,2.0442,0.5518,0.0175,0.0,0.5343,0,0.0087
42ac26df8de82cf5,offpeak_15,2,Champions,19.9056,16.0908,9.8186,6.1732,8.9175,4.7936,0.1979,5.2842,-0.6886,0,0.099
42b25072ce550ff2,free_trip,3,Dormant,0.5249,10.3875,8.2863,1.8299,1.7244,1.5297,0.5425,0.6168,0.3704,0,0.2713
42b47c379583e4d6,free_trip,5,Dormant,0.5708,10.7979,8.6212,1.909,1.9913,1.5958,0.5354,0.7157,0.3447,0,0.2677
42e3ebff6a0a55ef,free_trip,4,Occasional,1.3208,17.9805,14.4586,3.2771,3.0149,1.4497,0.4895,0.7023,0.2579,0,0.2447
42f99446bf6a0500,spend_10,1,Loyal,2.5449,1.6506,0.8858,0.7125,1.6055,0.6472,0.1046,0.0,0.5426,0,0.0523
42ffdc9bef49966e,spend_10,5,Loyal,3.513,2.0215,1.0297,0.9434,3.2309,0.5549,0.0967,0.0,0.4582,0,0.0484
43051515cbf74b2d,free_trip,2,Dormant,0.5455,10.7435,8.5786,1.8949,1.015,1.584,0.54,0.6072,0.4368,0,0.27
43285283b5523fbe,free_trip,4,Dormant,0.5811,10.9627,8.7417,1.9362,1.7681,1.6185,0.5697,0.6876,0.3612,0,0.2848
43553b362bd0a0af,free_trip,4,Dormant,0.6036,11.5028,9.1596,2.0277,1.4017,1.695,0.6312,0.6766,0.3872,0,0.3156
4361132214bc75ce,free_trip,3,Dormant,0.5355,10.5852,8.4685,1.87,2.6889,1.5632,0.4934,0.6564,0.4134,0,0.2467
436e950f765b175d,free_trip,4,Dormant,0.4932,9.8689,7.8814,1.7393,1.4307,1.4539,0.4965,0.6303,0.3272,0,0.2482
4372cb213bfdf815,spend_10,3,Champions,2.1828,2.2331,1.4394,0.7523,3.5375,0.8648,0.0829,0.0,0.7819,0,0.0414
437aff853fb6ff4b,free_trip,4,Dormant,0.6362,11.8215,9.4344,2.0915,1.4068,1.7484,0.5911,0.7742,0.3831,0,0.2956
438708e6b5f0d3aa,free_trip,2,Dormant,0.5915,11.1156,8.8691,1.9648,1.8832,1.6425,0.5634,0.7109,0.3682,0,0.2817
4392513afc42fecf,free_trip,3,Dormant,1.0165,12.6888,10.029,2.294,1.1853,1.9176,0.7317,0.7492,0.4367,0,0.3658
439b2c0b96727429,free_trip,1,Dormant,0.6237,11.7023,9.3777,2.0771,1.9319,1.7364,0.4949,0.8393,0.4022,0,0.2475
439cc5d6a1ecb4fd,spend_10,3,Champions,0.6535,1.7834,1.2763,0.4008,6.5715,0.1692,0.2127,0.0,-0.0435,0,0.1063
439dbff395cd4305,free_trip,2,Dormant,0.76,11.7065,9.3087,2.0911,1.5581,1.748,0.6133,0.747,0.3877,0,0.3066
43a6149b9875e28c,free_trip,5,Dormant,0.5461,10.5896,8.4513,1.8686,1.337,1.562,0.5394,0.6516,0.3711,0,0.2697
43af089e3d0721e1,free_trip,1,Dormant,0.5885,11.1863,8.9172,1.9742,1.4563,1.6503,0.5899,0.7113,0.3491,0,0.2949
43b21c34d22d92f1,spend_10,3,Champions,2.3087,2.7567,1.8383,0.8613,2.2413,0.6901,0.1144,0.0,0.5757,0,0.0572
43b92749d6a74919,free_trip,4,Dormant,0.8261,12.9289,10.2557,2.3015,1.8993,1.9239,0.7432,0.7773,0.4034,0,0.3716
43c03fde92ba4e10,free_trip,2,Dormant,0.5349,10.482,8.3696,1.8493,1.0372,1.5459,0.5263,0.6595,0.3601,0,0.2632
43c0d5374ec9ca30,free_trip,1,Dormant,0.5203,10.3523,8.2814,1.828,1.3554,1.5281,0.4857,0.6758,0.3666,0,0.2429
43c6dca5d85c62d0,spend_10,2,Loyal,2.3708,2.0212,1.233,0.7485,1.4336,0.7099,0.0795,0.0,0.6304,0,0.0397
43e1399fecbeddcc,free_trip,1,Dormant,0.5184,10.207,8.1413,1.7985,0.6739,1.5034,0.5343,0.5959,0.3732,0,0.2671
43f2b3f53bd034a1,spend_10,1,Champions,1.6601,1.6176,0.981,0.5485,3.4376,0.3137,0.1763,0.0,0.1374,0,0.0881
43f8dd2e8312c3c1,spend_10,2,Champions,1.482,4.3843,3.3116,0.9956,3.1951,0.8884,0.1542,0.0,0.7342,0,0.0771
440a1c2a651caa87,free_trip,2,Occasional,0.7458,11.7328,9.3691,2.1007,1.709,1.3376,0.526,0.5348,0.2768,0,0.263
440be6ecc5acb5da,free_trip,1,Dormant,0.5696,10.6454,8.4975,1.8831,1.3337,1.5741,0.5296,0.6684,0.3761,0,0.2648
44207f9b33ee9b37,spend_10,3,Champions,2.2716,2.3751,1.5349,0.7905,1.9468,0.678,0.0994,0.0,0.5786,0,0.0497
444aae386b190eec,free_trip,1,Dormant,0.5452,10.7535,8.5937,1.898,1.3079,1.5866,0.5234,0.7055,0.3577,0,0.2617
44518fe21ee4e91c,free_trip,2,Dormant,0.5573,10.7399,8.5628,1.8941,1.8753,1.5834,0.5658,0.6476,0.37,0,0.2829
445bf6829f203a9e,free_trip,2,Dormant,0.539,10.5097,8.3917,1.8548,1.1618,1.5505,0.5264,0.6517,0.3723,0,0.2632
4464623281232fa3,free_trip,3,Dormant,0.5613,10.7253,8.5534,1.893,1.2621,1.5824,0.5578,0.6585,0.366,0,0.2789
4486faca3c9e77de,free_trip,2,Dormant,0.5262,10.1685,8.1084,1.7933,1.0364,1.4991,0.5337,0.5966,0.3688,0,0.2668
448cf3bba0b19bba,weekend_20,3,Occasional,1.2936,0.7501,0.3849,0.3486,1.3661,0.3378,0.0332,-0.0367,0.3413,0,0.0166
4496685a3f6be2e9,free_trip,0,Dormant,0.6618,12.0875,9.6418,2.1399,1.1573,1.7888,0.6117,0.7615,0.4157,0,0.3058
44b271fa2f821a40,free_trip,0,Dormant,0.5235,10.3939,8.3219,1.8371,1.1687,1.5357,0.4698,0.6993,0.3666,0,0.2349
44b2808a5bdad3f1,rush_hour_25,2,Occasional,2.3939,1.2898,0.4808,0.597,1.2491,0.3566,0.424,-0.053,-0.0143,0,0.212
44b3ae6ab0268ac2,weekend_20,0,Loyal,2.7879,1.3295,0.6258,0.709,1.7046,0.3451,-0.0106,0.0642,0.2915,0,-0.0053
44db44817af2cd24,free_trip,3,Dormant,0.5572,10.4083,8.3007,1.8396,1.5993,1.5378,0.5357,0.6361,0.366,0,0.2679
44e2fa32c748833b,spend_10,1,Champions,1.3591,7.7399,6.1104,1.5513,4.6362,1.436,0.1564,0.0,1.2796,0,0.0782
44f8ccf3f9da15bc,rush_hour_25,1,At risk,2.4083,1.2611,0.5135,0.6068,2.0145,0.2758,0.2816,0.0026,-0.0084,0,0.1408
450c9d799e4329b2,free_trip,3,Occasional,0.8781,10.3105,8.1857,1.8824,2.0468,1.2837,0.4847,0.5768,0.2222,0,0.2424
450effbff1f60b27,free_trip,3,Dormant,0.5659,10.7414,8.5729,1.898,1.517,1.5866,0.5412,0.6521,0.3933,0,0.2706
450fff284b078f3a,spend_10,2,Champions,1.4533,2.7502,1.9753,0.7121,3.0885,0.73,0.1256,0.0,0.6044,0,0.0628
4511984240c47707,weekend_20,3,Dormant,0.6906,0.6045,0.3842,0.2232,0.4627,0.1866,-0.0059,-0.0099,0.2024,0,-0.0029
452403fc43178b32,free_trip,4,Dormant,1.1087,12.0127,9.5225,2.2079,1.467,1.8457,0.5646,0.768,0.5131,0,0.2823
45281f0a98c9d58c,free_trip,5,At risk,0.4539,16.3764,13.2838,2.8531,4.7346,1.0711,0.4791,0.3896,0.2024,0,0.2396
455b5d80faa19c74,free_trip,3,Dormant,0.5361,10.5979,8.4577,1.8679,1.4792,1.5614,0.5445,0.6196,0.3973,0,0.2722
455eb939d9295213,spend_10,4,Loyal,3.5248,2.2638,1.2151,0.9844,1.9851,0.5949,0.1286,0.0,0.4663,0,0.0643
4560e4e1e2261fb4,weekend_20,4,Occasional,1.5471,0.9138,0.498,0.4247,1.0548,0.4875,-0.0178,-0.0255,0.5307,0,-0.0089
456ba6512cec31a7,free_trip,5,Dormant,0.7076,12.5658,10.0164,2.2272,1.5458,1.8618,0.6444,0.7953,0.422,0,0.3222
45bda6831ba58eda,free_trip,5,Dormant,0.5516,10.4335,8.3295,1.8445,1.7064,1.5419,0.5192,0.6516,0.3711,0,0.2596
45c32894f345d549,spend_10,4,Champions,1.1502,3.8362,2.89,0.8391,2.8448,0.8139,0.2142,0.0,0.5997,0,0.1071
45d8ac1f8b1eed0a,free_trip,1,Dormant,0.6061,10.7432,8.5761,1.907,1.261,1.5941,0.5202,0.6377,0.4363,0,0.2601
45d8b7bd847ca5a3,free_trip,0,At risk,0.6823,9.9625,7.9103,1.7846,1.6941,1.5175,0.5353,0.6545,0.3278,0,0.2676
45e453614f990abf,free_trip,5,Dormant,0.5216,10.2937,8.2161,1.8147,1.1523,1.517,0.5259,0.6402,0.3508,0,0.2629
45fb2340bb15e9c8,free_trip,4,Dormant,0.5246,10.3231,8.2599,1.8244,1.3306,1.5251,0.4776,0.6882,0.3592,0,0.2388
460a7f6deb3e8d17,free_trip,3,Dormant,0.5913,11.2464,9.0247,1.9971,1.8137,1.6694,0.4491,0.8293,0.391,0,0.2246
460c8e028aa115ee,free_trip,1,Dormant,0.5002,9.9768,7.969,1.7589,1.0625,1.4703,0.498,0.5864,0.386,0,0.249
461563a148bbb18f,free_trip,2,Dormant,0.5676,11.0571,8.8119,1.948,0.8509,1.6284,0.5944,0.6665,0.3675,0,0.2972
4628cc83bce8c5d3,spend_10,0,Champions,2.1973,1.5449,0.8497,0.6328,6.1332,0.4202,0.1248,0.0,0.2954,0,0.0624
46291fb2ea5caaef,spend_10,3,Loyal,3.0889,2.751,1.7001,0.9946,2.7362,0.7102,0.1125,0.0,0.5976,0,0.0563
4642cd203684ec4a,weekend_20,0,Loyal,2.4614,2.1349,1.3723,0.7962,2.0148,0.279,-0.0672,0.1205,0.2257,0,-0.0336
4645e50424221b6d,free_trip,4,Dormant,0.5907,11.3145,9.0562,2.0035,1.2165,1.6748,0.5096,0.7725,0.3927,0,0.2548
46717e9cede37d2b,spend_10,0,Champions,1.9673,2.085,1.2929,0.6771,3.4063,0.2839,0.23,0.0,0.0539,0,0.115
467c80a68ab8841f,free_trip,5,Dormant,0.5255,10.4301,8.3454,1.8423,1.5974,1.5401,0.4848,0.7058,0.3495,0,0.2424
468708727d95c24d,offpeak_15,5,Loyal,2.5305,2.3045,1.4961,0.8363,2.0837,0.498,-0.0557,0.6047,-0.051,0,-0.0279
46a718a181c08247,spend_10,1,Champions,1.6789,7.8741,6.0574,1.6067,3.885,1.3154,0.4199,0.0,0.8955,0,0.2099
46a719cd03bfe16a,spend_10,1,Champions,0.62,1.4083,0.9793,0.3321,6.8468,0.2122,0.1938,0.0,0.0184,0,0.0969
46bd395d0fbfe013,free_trip,4,At risk,0.8778,15.4502,12.4556,2.7691,1.9507,1.4535,0.4509,0.6729,0.3297,0,0.2254
46c99b84c6f87adc,free_trip,1,Dormant,0.5543,10.3921,8.2964,1.8381,1.4577,1.5366,0.5151,0.6864,0.3351,0,0.2575
46e22a0db0807dc3,free_trip,3,Dormant,0.6637,11.6042,9.2446,2.0578,1.1225,1.7202,0.6036,0.7211,0.3955,0,0.3018
46eabe8b8b051355,weekend_20,5,Occasional,2.4723,2.6895,1.8307,0.8937,1.8812,0.2498,-0.0697,-0.0559,0.3754,0,-0.0348
46ffa1754c0cf954,spend_10,3,Champions,2.0792,1.7828,1.0914,0.6585,3.061,0.6839,0.0658,0.0,0.6181,0,0.0329
4708e6df0a175b2d,free_trip,0,Dormant,0.5488,10.542,8.4148,1.8616,2.1536,1.5562,0.5314,0.6587,0.366,0,0.2657
47178e7b01a4a47a,free_trip,3,At risk,1.041,16.3988,13.191,2.9558,2.1486,1.4129,0.504,0.5941,0.3148,0,0.252
47210ea6baf23ea9,free_trip,5,Dormant,0.5699,10.6736,8.5232,1.8885,3.3877,1.5787,0.5238,0.6822,0.3726,0,0.2619
473a7a200d4f0fe9,free_trip,1,Dormant,0.5385,10.4493,8.3444,1.8448,1.5227,1.5422,0.5201,0.6706,0.3515,0,0.26
4754fde67f33107a,free_trip,0,Dormant,0.5677,10.9385,8.7159,1.9281,2.2558,1.6118,0.5891,0.6514,0.3713,0,0.2945
475b594298ad9e1e,rush_hour_25,1,Loyal,3.1171,1.5948,0.4667,0.7443,1.6591,0.593,0.7677,-0.1275,-0.0472,0,0.3838
477ae1d16e4602a7,spend_10,1,Loyal,2.5597,3.431,2.3701,1.0238,2.951,0.8289,0.0741,0.0,0.7548,0,0.037
477f19f60230aefb,free_trip,4,Dormant,0.5694,10.742,8.5715,1.8984,1.4843,1.587,0.5442,0.6841,0.3587,0,0.2721
4782c81cf9725aeb,rush_hour_25,3,Loyal,7.7387,3.5729,1.245,1.8658,2.2094,0.8691,0.9242,0.0249,-0.0799,0,0.4621
4798e10db69cb01d,free_trip,3,Dormant,0.5197,10.27,8.2192,1.8149,1.521,1.5172,0.4718,0.6988,0.3466,0,0.2359
479c1154c7bec945,spend_10,5,Champions,2.1736,3.4214,2.3819,0.9461,5.5896,0.3217,0.1867,0.0,0.135,0,0.0934
47b9d819cb0bca02,free_trip,4,Dormant,0.4965,9.9494,7.9456,1.7533,1.316,1.4656,0.5009,0.6376,0.3272,0,0.2504
47c2c8e182e5bb3c,free_trip,1,Dormant,0.595,11.1727,8.9133,1.9747,1.5875,1.6507,0.5693,0.7137,0.3677,0,0.2847
47dfc67998d0906c,offpeak_15,4,Champions,10.124,7.7175,4.7107,3.0809,4.96,2.3775,-0.1484,2.6028,-0.0769,0,-0.0742
47fdda3f9f3a13e5,free_trip,5,Dormant,0.494,9.8748,7.8769,1.7385,1.4803,1.4533,0.5188,0.627,0.3075,0,0.2594
481514af40b2d21b,spend_10,2,Loyal,2.423,2.665,1.7652,0.8698,1.6766,0.8003,0.06,0.0,0.7403,0,0.03
483fe46d22c63572,free_trip,1,Dormant,0.5631,10.9627,8.7442,1.933,0.8947,1.6158,0.5712,0.6846,0.3601,0,0.2856
48518ae09b9a8a78,spend_10,4,Champions,1.1631,7.9558,6.3546,1.5613,4.2865,1.1554,0.0798,0.0,1.0756,0,0.0399
485d7332562bc8e3,spend_10,0,Champions,1.0842,5.6314,4.3633,1.1314,3.037,1.1773,0.2735,0.0,0.9038,0,0.1367
4878a8dd770b539d,free_trip,0,Dormant,0.5605,10.753,8.5816,1.8987,1.7684,1.5872,0.5455,0.6219,0.4197,0,0.2728
487be7d12cc645df,free_trip,1,Dormant,0.5739,10.8753,8.6944,1.9249,1.0353,1.6091,0.5119,0.6866,0.4106,0,0.256
488502f3bd751e2f,free_trip,2,Dormant,0.5647,10.9852,8.793,1.9435,1.8041,1.6246,0.4974,0.7491,0.3781,0,0.2487
488b2b545bf2ce9e,free_trip,0,Dormant,0.5518,10.7488,8.5829,1.8971,1.1991,1.5859,0.5376,0.6252,0.4231,0,0.2688
488d0e019ee1ac90,free_trip,5,Dormant,0.5737,10.9283,8.6993,1.9259,1.6555,1.6099,0.6064,0.5025,0.501,0,0.3032
489f958afedc092c,spend_10,4,Champions,1.0191,9.2766,7.412,1.751,5.1884,1.4463,0.2272,0.0,1.2191,0,0.1136
48af7bf412440437,free_trip,3,Dormant,0.5422,10.6281,8.501,1.8781,1.951,1.57,0.498,0.6956,0.3764,0,0.249
48b337cec53e11a3,free_trip,3,Dormant,0.5641,10.7309,8.5572,1.8943,1.5418,1.5836,0.5588,0.6587,0.366,0,0.2794
48b729360dd0373a,free_trip,3,Occasional,0.9157,11.9493,9.514,2.1661,2.2075,1.2589,0.5386,0.4734,0.2469,0,0.2693
48cb2fe0be1568e3,spend_10,1,Champions,2.1303,3.3542,2.3627,0.9331,2.6456,0.8183,0.1167,0.0,0.7015,0,0.0584
48cf7f6efc7d7dc9,free_trip,1,Dormant,0.6432,11.9664,9.5322,2.1133,1.5152,1.7666,0.6419,0.7522,0.3724,0,0.321
48d1befae838d19e,spend_10,0,Champions,1.3193,1.0125,0.5795,0.3943,2.9487,0.313,0.0773,0.0,0.2358,0,0.0386
48e1626568c8034d,free_trip,4,Dormant,0.6005,11.4802,9.1637,2.0279,1.6633,1.6952,0.5773,0.739,0.3789,0,0.2887
48e1f6ca3e36e8c4,spend_10,3,Champions,2.1581,3.5529,2.5199,0.9716,4.2709,0.7101,0.1229,0.0,0.5872,0,0.0614
49112d8b9a96ef3b,weekend_20,1,Occasional,1.6062,0.9087,0.5485,0.4475,1.5154,0.277,-0.1744,-0.0928,0.5442,0,-0.0872
491da6821478513f,free_trip,0,Dormant,0.5206,10.2871,8.2365,1.8187,1.2812,1.5203,0.4638,0.7028,0.3536,0,0.2319
492b7676df8c1c79,spend_10,5,Champions,1.4491,4.5766,3.4484,1.0171,8.7819,0.6423,0.2221,0.0,0.4202,0,0.1111
4950a4d29a7be8db,free_trip,0,Dormant,0.6581,11.9228,9.5241,2.1147,1.6534,1.7677,0.568,0.7987,0.4011,0,0.284
4952bf09a9335e20,free_trip,2,Occasional,0.8079,12.1697,9.7475,2.1922,2.8281,1.0581,0.4602,0.4356,0.1623,0,0.2301
4953bb1791fcd3b7,offpeak_15,4,Champions,21.494,12.4772,6.692,5.8538,11.8789,4.649,-0.137,4.9568,-0.1708,0,-0.0685
495e76dbcb54d41a,free_trip,1,Occasional,0.7775,15.0071,12.0948,2.6734,3.0942,1.205,0.4779,0.4916,0.2355,0,0.2389
4972ab73a51e29f3,free_trip,4,At risk,0.8217,17.3848,14.0571,3.0901,2.7937,1.3089,0.4752,0.6543,0.1793,0,0.2376
497d38dc2896f81d,free_trip,4,Dormant,0.6627,12.1047,9.6682,2.1456,1.062,1.7936,0.582,0.8105,0.401,0,0.291
49808add7debb980,free_trip,1,At risk,1.0485,12.6784,10.1406,2.3238,1.7876,1.5622,0.428,0.7464,0.3878,0,0.214
498112c7dc0aef25,free_trip,2,Dormant,0.5539,10.9048,8.6917,1.9202,0.6472,1.6051,0.5857,0.6519,0.3675,0,0.2929
4986e4e9058335aa,free_trip,1,At risk,1.0557,16.9516,13.6607,3.0564,3.7446,1.5645,0.4691,0.782,0.3134,0,0.2345
498cf1c429dd4ee2,free_trip,4,Dormant,0.5828,11.1304,8.8762,1.9645,1.7592,1.6422,0.5795,0.7125,0.3502,0,0.2898
4995886df9077f0e,spend_10,2,Champions,2.5291,1.402,0.6937,0.6693,1.6849,0.6298,0.078,0.0,0.5518,0,0.039
49a3ca279411125d,spend_10,1,Champions,2.2268,3.8419,2.7471,1.033,2.8611,0.7438,0.1236,0.0,0.6202,0,0.0618
49ad57ffb532f819,spend_10,2,Loyal,3.9562,2.8942,1.6847,1.1715,3.9195,0.8849,0.0759,0.0,0.809,0,0.038
49b967cbfe1b57c4,free_trip,0,Dormant,0.7656,13.0601,10.4347,2.3261,1.3339,1.9445,0.5984,0.9032,0.4429,0,0.2992
49c40d5de074606b,free_trip,2,Dormant,0.5819,11.0479,8.8168,1.952,1.2694,1.6317,0.5584,0.6974,0.3759,0,0.2792
49d591d6769e4235,free_trip,5,Dormant,0.5142,10.2775,8.2161,1.8131,1.5184,1.5157,0.4964,0.6072,0.412,0,0.2482
49dae782fa1246ae,weekend_20,1,Loyal,2.8813,1.9035,1.122,0.8314,1.4359,0.3658,-0.1,0.0327,0.4331,0,-0.05
49fa6f18973a9f5f,free_trip,1,Occasional,0.8163,11.0701,8.8135,1.9999,2.2734,1.6055,0.5134,0.7502,0.3419,0,0.2567
49fb7d3fe0e103c8,free_trip,4,At risk,0.5092,11.6268,9.3564,2.0489,2.1171,1.3327,0.4429,0.5844,0.3054,0,0.2215
4a2c57fd556b0f2e,spend_10,0,Champions,1.5584,0.9803,0.5227,0.4322,3.2038,0.372,0.0509,0.0,0.3211,0,0.0254
4a3bf9e8a5d5a527,free_trip,0,Dormant,0.7562,12.5527,10.0147,2.2369,2.5321,1.8699,0.6022,0.829,0.4388,0,0.3011
4a4789eea217e947,free_trip,2,Dormant,0.4967,9.9665,7.956,1.7555,1.8783,1.4675,0.5099,0.6305,0.3272,0,0.2549
4a6712b63864acac,free_trip,5,At risk,0.7856,10.9679,8.7224,1.9747,1.9059,1.192,0.5416,0.4281,0.2224,0,0.2708
4a7ebcbe9301f052,spend_10,0,Champions,2.2941,4.8876,3.6412,1.2327,2.8921,0.8268,0.0275,0.0,0.7993,0,0.0137
4a89c195ab2a2101,spend_10,2,Champions,1.9841,2.6658,1.8163,0.7893,2.8478,0.6948,0.1203,0.0,0.5745,0,0.0601
4a8b309435539d45,spend_10,5,Champions,2.0538,4.484,3.2789,1.1075,2.6895,0.8564,0.1951,0.0,0.6613,0,0.0976
4a8f0fd6fc654fd6,free_trip,0,Dormant,0.51,10.0709,8.0536,1.7785,1.3113,1.4867,0.4776,0.6935,0.3156,0,0.2388
4a95d1531e136d98,free_trip,2,Dormant,0.5104,10.2177,8.1062,1.7895,2.1545,1.4959,0.6439,0.4908,0.3613,0,0.3219
4a993036e8f4b547,free_trip,3,Dormant,0.4896,9.9286,7.8866,1.7396,1.9128,1.4542,0.6047,0.471,0.3785,0,0.3024
4aa7354659d12eb9,free_trip,1,Dormant,0.5598,10.7554,8.6219,1.9069,1.8693,1.594,0.4533,0.7814,0.3594,0,0.2266
4ab639f0e030823b,free_trip,0,Occasional,0.577,9.9566,7.9639,1.7738,2.0546,1.1114,0.4376,0.4901,0.1837,0,0.2188
4abee2df82c0cfac,free_trip,2,Dormant,0.5532,10.7865,8.6045,1.9019,1.2059,1.5899,0.5602,0.6727,0.357,0,0.2801
4ac700bbdc626121,free_trip,1,Dormant,0.8009,11.5976,9.2335,2.084,1.1483,1.7421,0.5604,0.7678,0.4139,0,0.2802
4ac8b79dc59b6aab,free_trip,2,Dormant,0.9749,11.5658,9.1712,2.1072,1.0989,1.7615,0.5748,0.8211,0.3657,0,0.2874
4ad4724474c898b3,free_trip,4,Dormant,0.5521,10.809,8.6253,1.906,1.4841,1.5933,0.5555,0.6846,0.3531,0,0.2778
4adfcf757ae28bfa,free_trip,1,Dormant,0.5494,10.6349,8.4905,1.8774,1.3629,1.5694,0.5341,0.6946,0.3407,0,0.267
4ae3bd31fdd0023e,free_trip,1,Dormant,0.6331,11.8681,9.4713,2.0985,1.4925,1.7542,0.5966,0.7618,0.3959,0,0.2983
4b118d48b4d19230,spend_10,2,Champions,1.9801,2.0185,1.2895,0.6791,1.6625,0.6043,0.0998,0.0,0.5045,0,0.0499
4b16f2d755700eae,free_trip,4,Dormant,0.5351,10.4363,8.3343,1.842,1.4775,1.5398,0.5199,0.5892,0.4307,0,0.26
4b2b73884d779c18,spend_10,5,Loyal,2.6875,2.7054,1.7542,0.9225,1.8073,0.7066,0.0573,0.0,0.6493,0,0.0287
4b43fd41cb66c079,free_trip,2,Dormant,0.5593,10.7646,8.5935,1.9009,1.7472,1.589,0.5405,0.6953,0.3531,0,0.2703
4b457e902ce4f1c7,free_trip,1,Dormant,0.5816,10.8389,8.6541,1.9181,2.053,1.6034,0.5332,0.7064,0.3639,0,0.2666
4b48c770e0858ab1,free_trip,3,Occasional,0.7186,11.321,9.0349,2.0257,2.1341,1.1614,0.5207,0.4309,0.2097,0,0.2604
4b493a0976b42ad4,weekend_20,0,Occasional,2.4802,1.2396,0.6207,0.644,1.1925,0.4853,-0.0502,-0.0379,0.5734,0,-0.0251
4b4e4e3fc50d01b6,weekend_20,0,Dormant,0.657,0.5321,0.3287,0.2047,0.4588,0.1711,-0.0027,-0.0083,0.1821,0,-0.0013
4b4f743f9bf4f3cc,free_trip,4,Dormant,0.5583,10.8619,8.6631,1.9151,1.7299,1.6009,0.5675,0.6913,0.3422,0,0.2837
4b66d8f8277d1aa0,spend_10,5,Champions,0.7421,0.7533,0.3832,0.2337,6.5184,0.324,0.2727,0.0,0.0513,0,0.1363
4b860ae9f383a8d4,free_trip,5,Dormant,0.5409,10.4641,8.3514,1.8468,1.8804,1.5438,0.5318,0.6921,0.3199,0,0.2659
4b913a728b1d8ac2,spend_10,1,Champions,2.2565,1.129,0.4543,0.563,1.6105,0.4933,0.2234,0.0,0.2699,0,0.1117
4b99fbd3ae765cf5,free_trip,1,Dormant,0.603,11.5823,9.2423,2.0447,1.6879,1.7093,0.5907,0.7332,0.3854,0,0.2953
4ba7ed597e95a34f,spend_10,0,Champions,1.6728,1.6257,1.0112,0.5574,5.3944,0.3496,0.1141,0.0,0.2356,0,0.057
4ba94f7391f019c0,spend_10,2,Loyal,2.9993,3.227,2.1405,1.0674,3.7646,0.5968,0.0382,0.0,0.5586,0,0.0191
4ba98ea995761e6a,free_trip,3,Dormant,0.5633,10.6397,8.4876,1.8797,1.0479,1.5713,0.5447,0.6709,0.3557,0,0.2724
4bc1b8411fa32e57,weekend_20,4,Occasional,1.9176,2.0575,1.3928,0.6875,1.7122,0.2254,-0.0456,-0.0854,0.3564,0,-0.0228
4bc85ee660d49195,spend_10,3,Champions,1.0415,12.2251,9.859,2.2639,5.1971,1.8946,0.2044,0.0,1.6901,0,0.1022
4bcdf20539280bd0,free_trip,2,At risk,0.7892,13.6587,11.0132,2.4512,3.3913,1.1679,0.3886,0.4943,0.285,0,0.1943
4bce61219254e441,weekend_20,2,Champions,8.4529,5.8234,3.2805,2.4368,4.3033,2.346,0.2121,-0.0004,2.1344,0,0.106
4bd88d499d8ea0fa,free_trip,3,Dormant,0.4954,9.9452,7.9368,1.7512,1.498,1.4639,0.5144,0.6223,0.3272,0,0.2572
4be46cf4e61a1093,free_trip,4,At risk,1.225,19.0294,15.3366,3.4396,3.3372,1.5413,0.5066,0.7458,0.289,0,0.2533
4bea8815f593925d,spend_10,5,Champions,1.4219,0.7808,0.3908,0.3765,2.0117,0.274,0.0269,0.0,0.2472,0,0.0134
4bf00afd121c2f1a,free_trip,3,Dormant,0.7424,11.7616,9.3458,2.0951,2.3017,1.7514,0.6415,0.6913,0.4186,0,0.3207
4bf5c81496d85a72,free_trip,0,Dormant,0.5366,10.5278,8.404,1.8568,1.0616,1.5522,0.5338,0.6583,0.3601,0,0.2669
4c00cb199b72ceea,spend_10,0,Champions,2.5654,2.159,1.3123,0.8054,1.9875,0.7803,0.0827,0.0,0.6976,0,0.0413
4c0bfd762f466154,free_trip,5,At risk,0.9207,18.7365,15.1352,3.3346,3.444,1.4365,0.5334,0.7011,0.202,0,0.2667
4c111a17d241781f,free_trip,0,At risk,0.426,11.4257,9.2485,2.0092,2.25,1.0009,0.3361,0.4435,0.2212,0,0.1681
4c15c482b3a2aff9,spend_10,3,Champions,2.0242,2.0345,1.3132,0.6931,2.0059,0.7526,0.0564,0.0,0.6962,0,0.0282
4c2258a38373524d,free_trip,5,Dormant,0.8411,13.7407,10.9439,2.4475,2.5576,2.046,0.6985,0.8642,0.4832,0,0.3493
4c2efea533571e7a,offpeak_15,1,Loyal,6.3366,3.2458,1.5837,1.6449,2.6666,1.0197,0.0343,1.0449,-0.0595,0,0.0171
4c33b88188efd2ce,spend_10,2,Loyal,2.7661,3.3349,2.2496,1.0417,2.4454,0.6451,0.0874,0.0,0.5577,0,0.0437
4c4876c9c38445cd,free_trip,2,Dormant,1.3493,11.3811,8.9546,2.1399,1.6423,1.7889,0.5732,0.8128,0.4029,0,0.2866
4c722e6abbc40ae2,weekend_20,2,Dormant,0.6738,0.5562,0.3468,0.212,0.4254,0.1772,-0.0052,-0.0096,0.192,0,-0.0026
4c757e75f1c150e2,free_trip,1,Dormant,0.506,10.127,8.1072,1.7888,1.2904,1.4953,0.462,0.6083,0.425,0,0.231
4c7622021de180c9,free_trip,0,Dormant,0.5133,10.2312,8.1642,1.8022,0.8291,1.5065,0.5297,0.6497,0.3272,0,0.2648
4c78213a8eb02270,free_trip,4,Dormant,0.5241,10.368,8.282,1.8289,1.1952,1.5288,0.5143,0.6201,0.3944,0,0.2571
4c81ea4f60157891,free_trip,5,Dormant,0.529,10.4316,8.3217,1.8381,1.202,1.5366,0.5434,0.6196,0.3735,0,0.2717
4c97f0a5b15a8cc8,spend_10,0,Champions,0.674,2.215,1.6634,0.4854,7.8611,0.3592,0.1323,0.0,0.2269,0,0.0662
4c9a922257b1ee22,spend_10,3,Champions,2.198,2.5624,1.6929,0.8081,2.3602,0.6996,0.1227,0.0,0.5769,0,0.0613
4cb28e63e5f299ee,spend_10,0,Champions,1.8347,6.5761,5.044,1.4286,3.6674,1.2415,0.207,0.0,1.0345,0,0.1035
4cb553c4b342a376,spend_10,2,Champions,1.9266,2.8072,1.9476,0.8046,3.5007,0.7307,0.1099,0.0,0.6208,0,0.0549
4cb762db57746ea7,spend_10,3,Champions,3.056,1.646,0.7926,0.7993,2.5415,0.7026,0.1082,0.0,0.5944,0,0.0541
4cc428505473618a,spend_10,3,Champions,0.9432,1.3683,0.8842,0.3795,2.89,0.3301,0.2091,0.0,0.121,0,0.1046
4cc652306b1d179e,spend_10,2,Champions,1.4689,4.1153,3.0937,0.9476,3.1588,0.904,0.1481,0.0,0.7559,0,0.074
4cd33f0ddbc8cc54,free_trip,5,At risk,0.4485,12.3281,9.9746,2.1647,2.1921,1.1903,0.3777,0.5112,0.3014,0,0.1889
4cd433354ddbf1c1,free_trip,5,Dormant,0.5334,10.443,8.3322,1.8412,1.1128,1.5392,0.539,0.5965,0.4037,0,0.2695
4cd6da429b343dbe,free_trip,0,Dormant,0.5379,10.6102,8.4549,1.8677,1.4506,1.5612,0.5754,0.6178,0.3681,0,0.2877
4ce4eb5ab9b94434,free_trip,4,Dormant,0.4959,9.8944,7.8977,1.7432,1.456,1.4572,0.5068,0.6264,0.324,0,0.2534
4ce810fc3875bdf2,free_trip,5,Dormant,0.5707,10.78,8.6085,1.9064,2.5633,1.5936,0.5301,0.6863,0.3773,0,0.265
4cec4cc92007b876,spend_10,3,Loyal,2.365,1.4843,0.7724,0.6516,2.0606,0.5566,0.1206,0.0,0.436,0,0.0603
4cf03b3dc8ec8d3f,spend_10,5,Champions,1.0337,8.7276,6.9728,1.6628,3.6515,1.3794,0.184,0.0,1.1954,0,0.092
4cf14694f7263bfe,free_trip,1,Dormant,0.5015,10.0304,8.0236,1.7705,1.3041,1.4801,0.4724,0.5893,0.4184,0,0.2362
4cfbb1ae70cdb1f4,free_trip,4,Dormant,0.5003,9.9938,7.9762,1.7604,1.4816,1.4716,0.5144,0.63,0.3272,0,0.2572
4d0e99121a5f9ce8,offpeak_15,2,Champions,27.106,17.3899,9.695,7.643,8.5935,8.099,0.1038,8.3546,-0.3594,0,0.0519
4d1cc21df5d09504,offpeak_15,0,Loyal,4.559,2.6418,1.4181,1.2413,1.9711,1.3661,-0.0353,1.471,-0.0696,0,-0.0177
4d4198d6d2c90476,spend_10,2,Champions,1.7993,3.5196,2.566,0.9066,2.7226,0.7844,0.0938,0.0,0.6906,0,0.0469
4d47503363b1b67e,free_trip,1,Dormant,0.6358,11.4907,9.1579,2.034,2.655,1.7003,0.5975,0.6812,0.4216,0,0.2988
4d4d4c013aeb4621,offpeak_15,5,Champions,7.3523,3.1785,1.4387,1.8258,2.9623,1.0881,-0.1718,1.3159,-0.0561,0,-0.0859
4d70f8bf6d05680e,free_trip,1,Dormant,0.5176,10.1599,8.1253,1.795,1.9368,1.5005,0.4792,0.6942,0.3272,0,0.2396
4d761d1dc25e4eb5,weekend_20,1,Occasional,2.4055,1.8501,1.1209,0.7324,1.1986,0.5886,-0.0063,-0.0524,0.6473,0,-0.0032
4d8af1076fa1754c,spend_10,3,Champions,1.8681,4.9394,3.7336,1.1634,1.994,0.8881,0.0848,0.0,0.8033,0,0.0424
4d90ab9703ed7c74,free_trip,4,Dormant,0.8049,10.9186,8.7077,1.9756,1.209,1.6515,0.4706,0.8188,0.362,0,0.2353
4d96fa549b351479,free_trip,1,Dormant,0.559,10.6579,8.5069,1.8828,2.0494,1.5739,0.5363,0.673,0.3646,0,0.2682
4dad8a518e18f012,weekend_20,0,Occasional,1.3728,0.8586,0.4865,0.3862,0.6854,0.1651,-0.0283,-0.0488,0.2422,0,-0.0141
4dae5dd9e7b0bac5,free_trip,0,Dormant,0.6395,11.8987,9.5335,2.1128,1.8344,1.7662,0.5047,0.8646,0.3968,0,0.2524
4db92d1c11b21339,spend_10,4,Champions,1.0589,13.9786,11.2992,2.5666,3.7039,2.0882,0.2257,0.0,1.8626,0,0.1128
4dc8eb8ec2e8de7f,free_trip,1,Dormant,0.5613,10.9537,8.7428,1.9323,1.2605,1.6153,0.5571,0.699,0.3592,0,0.2785
4dd2acaab2e24089,weekend_20,0,Occasional,1.2668,1.0225,0.645,0.3971,0.8052,0.1571,-0.0392,-0.0747,0.2709,0,-0.0196
4dd931380a025156,free_trip,3,At risk,0.4273,9.8521,7.9367,1.7371,2.3844,1.1574,0.3567,0.4928,0.308,0,0.1783
4de232256d0bc607,spend_10,4,Loyal,2.5098,3.032,2.0206,0.9409,2.663,0.6338,0.1411,0.0,0.4927,0,0.0705
4deefc334161f98f,free_trip,3,Dormant,0.5806,11.1123,8.8544,1.9595,1.7089,1.638,0.5969,0.6537,0.3875,0,0.2984
4df03a41fe5a5141,offpeak_pass,4,Loyal,0.5494,0.5214,0.3411,0.1849,1.0122,0.2137,-0.0092,0.2399,-0.0171,0,-0.0046
4df9a6f5c1bf9853,weekend_20,5,Occasional,1.9088,1.0888,0.6079,0.5227,0.8184,0.2291,-0.0836,0.0879,0.2248,0,-0.0418
4dfaceb70347605f,free_trip,1,At risk,0.8975,14.2335,11.398,2.5536,1.9288,1.2804,0.5638,0.5206,0.196,0,0.2819
4e02539c704e978b,free_trip,0,Dormant,0.6553,10.9193,8.733,1.9498,1.4949,1.6299,0.473,0.7734,0.3835,0,0.2365
4e09b194f7609ff2,offpeak_pass,4,Loyal,0.5841,0.6164,0.4162,0.2078,0.8765,0.2503,-0.0152,0.2655,0.0,0,-0.0076
4e16c67d1a440024,free_trip,5,Dormant,0.5131,10.1813,8.1361,1.7963,1.7244,1.5016,0.498,0.5865,0.4171,0,0.249
4e3a31577c4e063e,spend_10,4,Champions,1.8447,5.4397,4.1253,1.2399,6.5773,0.6315,0.149,0.0,0.4825,0,0.0745
4e3e56dc5c030fd7,free_trip,0,At risk,0.4578,15.0773,12.2166,2.6323,4.0552,1.1246,0.4567,0.4093,0.2586,0,0.2283
4e4981766102129e,offpeak_15,4,Champions,11.708,5.6341,2.7165,2.9957,8.0769,2.7454,-0.1563,2.9985,-0.0968,0,-0.0782
4e50fc577b8b6b34,free_trip,5,Occasional,1.2264,11.2811,8.973,2.1183,3.2062,0.7228,0.3796,0.2028,0.1404,0,0.1898
4e5e564e1c44d09c,free_trip,0,Occasional,0.849,10.1108,8.0056,1.8389,1.1581,1.636,0.5325,0.7779,0.3256,0,0.2662
4e619676e3752cce,offpeak_15,5,Champions,39.5581,15.6802,6.2707,9.5179,16.4503,6.5993,-0.2167,7.0557,-0.2397,0,-0.1084
4e6f2bc17204c09f,spend_10,0,Champions,1.1251,0.7572,0.3756,0.3117,5.4387,0.2449,0.1399,0.0,0.105,0,0.07
4e798c577c3873df,spend_10,5,Loyal,3.0169,2.5401,1.537,0.9458,2.5223,0.4928,0.1147,0.0,0.3782,0,0.0573
4e87df33f19db769,free_trip,2,Dormant,0.4957,9.9593,7.9559,1.7553,1.4593,1.4673,0.4964,0.5741,0.3968,0,0.2482
4e9ebfcc3ef10488,free_trip,1,Dormant,0.5354,10.4584,8.3701,1.8495,1.6319,1.5461,0.4776,0.7092,0.3592,0,0.2388
4ed4bf1d95d6cb47,free_trip,5,Occasional,0.6405,10.0465,8.0542,1.8058,2.3033,0.908,0.3731,0.3772,0.1577,0,0.1865
4edb5e56aa8ca821,free_trip,3,Dormant,0.568,10.8573,8.6648,1.9175,2.0448,1.6029,0.55,0.6972,0.3557,0,0.275
4ee5db1d679ceeea,spend_10,2,Champions,1.6891,2.5818,1.7903,0.7226,4.4807,0.7976,0.1379,0.0,0.6597,0,0.0689
4ee5e337d1174e2c,free_trip,5,Dormant,0.5306,10.3144,8.2173,1.8168,1.5788,1.5187,0.5607,0.601,0.357,0,0.2804
4ee8c1b27adcd0ac,offpeak_15,3,Champions,22.0218,15.0509,8.6894,6.3782,10.1179,5.9907,-0.0334,6.1053,-0.0812,0,-0.0167
4eecf6ee365f2645,free_trip,4,Dormant,0.5017,10.0375,8.0397,1.7739,2.0552,1.4829,0.4478,0.6921,0.3431,0,0.2239
4f14d7f64b31c30c,free_trip,5,Dormant,0.5532,10.5906,8.4483,1.8695,1.3553,1.5628,0.5456,0.6568,0.3604,0,0.2728
4f1e7627688938c9,spend_10,4,Champions,1.7668,3.1929,2.2021,0.8243,3.8449,0.5256,0.3331,0.0,0.1925,0,0.1666
4f20157a43f1c1df,free_trip,1,Dormant,0.6767,12.2646,9.7897,2.1737,1.4073,1.8171,0.6025,0.7786,0.4359,0,0.3013
4f22c93b165dc15c,offpeak_15,0,Occasional,1.5499,0.9345,0.5238,0.4307,0.9264,0.2278,-0.0398,0.292,-0.0244,0,-0.0199
4f252d19543df8cc,free_trip,5,Dormant,0.7214,12.7789,10.1935,2.2668,1.7481,1.8949,0.6372,0.875,0.3827,0,0.3186
4f365011dda2b986,spend_10,2,Champions,2.5099,1.86,1.0755,0.7446,3.5009,0.7237,0.0798,0.0,0.6439,0,0.0399
4f656195bf9ab101,free_trip,3,Dormant,0.538,10.6349,8.4771,1.8723,0.7901,1.5651,0.571,0.628,0.3661,0,0.2855
4f6e6d25ca7b1686,free_trip,2,Dormant,0.5198,10.336,8.2492,1.8212,1.0376,1.5224,0.5313,0.6639,0.3272,0,0.2657
4f6eb225fbce7be6,spend_10,2,Champions,2.0714,1.8258,1.0868,0.6559,1.3849,0.7227,0.1662,0.0,0.5564,0,0.0831
4f7868cb4ceef33e,offpeak_15,2,Champions,7.7597,3.6358,1.871,2.0001,4.3001,1.9534,-0.4706,2.4523,-0.0283,0,-0.2353
4fa6fb0ee598f585,free_trip,1,Occasional,0.779,11.5764,9.2961,2.0924,2.3329,1.4306,0.3758,0.6725,0.3823,0,0.1879
4fad4b2232f97235,free_trip,4,Dormant,0.5018,10.0272,8.0128,1.7683,1.4622,1.4782,0.492,0.6497,0.3365,0,0.246
4fbab1757c3db44f,free_trip,2,Dormant,0.7195,10.7213,8.5383,1.9227,0.901,1.6073,0.5206,0.6653,0.4213,0,0.2603
4fc6529f4a3f932f,free_trip,3,Dormant,0.572,11.034,8.8423,1.9552,1.099,1.6344,0.473,0.8053,0.3561,0,0.2365
4fcc41d305dc476f,free_trip,4,Occasional,1.2467,14.7267,11.7731,2.704,2.3766,1.5766,0.4993,0.7506,0.3268,0,0.2496
4fef9b38276c2a7f,weekend_20,0,Loyal,3.8236,1.8723,0.8954,0.9801,3.0566,0.4575,-0.0063,-0.1472,0.611,0,-0.0032
4ff7d611feb97204,free_trip,2,Dormant,0.5362,10.4222,8.317,1.8387,1.1832,1.537,0.5329,0.5837,0.4204,0,0.2664
50189188f39f75d5,free_trip,3,Occasional,0.9123,11.6621,9.2117,2.1026,3.3261,1.1872,0.6956,0.2969,0.1946,0,0.3478
50245d9b75b3cc76,free_trip,3,Occasional,1.5558,18.476,14.7721,3.3911,2.7146,1.9814,0.6256,0.9188,0.437,0,0.3128
502514c0825fb59e,free_trip,4,Dormant,0.5128,10.0993,8.0226,1.7727,1.6319,1.4818,0.6082,0.4846,0.389,0,0.3041
504a6885fbc6f71d,free_trip,4,At risk,1.3942,21.1043,17.0427,3.8291,4.2112,1.6625,0.4649,0.8925,0.305,0,0.2325
50617ad50dde6933,spend_10,4,Champions,1.082,2.047,1.3997,0.5154,6.1733,0.2618,0.2638,0.0,-0.002,0,0.1319
5069bea99ec5474f,spend_10,2,Loyal,2.1861,2.0534,1.3139,0.7269,1.9563,0.5048,0.0251,0.0,0.4796,0,0.0126
506d8aae6851c008,free_trip,3,At risk,0.595,10.596,8.4769,1.8841,1.6631,1.4823,0.4701,0.6516,0.3607,0,0.235
507408af2f95d114,free_trip,0,Occasional,1.3884,17.9436,14.4115,3.2814,2.0912,1.7746,0.5013,0.9516,0.3217,0,0.2507
507cc1b128d9b358,free_trip,0,Dormant,0.5339,10.5201,8.3977,1.8549,0.9364,1.5506,0.5349,0.6201,0.3956,0,0.2675
507e2ee609732bf9,free_trip,0,At risk,0.8498,12.7452,10.2477,2.3048,3.6379,0.992,0.3857,0.3389,0.2674,0,0.1928
508509b330e8d884,free_trip,2,Dormant,0.5483,10.739,8.5736,1.8945,1.5451,1.5837,0.5417,0.6079,0.4341,0,0.2709
50959f4f9dc2aef3,free_trip,3,Dormant,0.5222,10.3997,8.333,1.8391,1.4592,1.5374,0.4552,0.7453,0.3369,0,0.2276
5096b8bcd5d1e6a9,spend_10,3,Champions,2.1946,4.0724,2.9285,1.064,2.7606,0.7119,0.1598,0.0,0.5521,0,0.0799
50bccd4a8122b1e0,free_trip,5,Dormant,0.5564,10.578,8.4457,1.8696,1.4382,1.5629,0.5254,0.6683,0.3691,0,0.2627
50d364b54814a08f,free_trip,2,At risk,0.9819,22.2568,18.0487,3.9524,4.3007,1.4778,0.5115,0.6949,0.2714,0,0.2557
50e28adcb45b33cc,free_trip,4,Dormant,0.7079,12.6408,10.097,2.244,2.2214,1.8758,0.5997,0.8581,0.418,0,0.2999
510d167c1f6d0625,free_trip,5,Dormant,0.4953,9.8757,7.8867,1.7408,1.6956,1.4552,0.4965,0.6303,0.3284,0,0.2482
5125387a08461591,spend_10,5,Champions,1.2994,10.6646,8.5507,2.0457,5.5832,1.5386,0.1366,0.0,1.402,0,0.0683
5158c1b71ae433c7,spend_10,5,Champions,2.128,2.9294,2.0059,0.8586,6.1773,0.7332,0.1299,0.0,0.6033,0,0.0649
516ec2292393fafc,free_trip,3,Dormant,0.5627,10.8008,8.6164,1.9064,2.1015,1.5936,0.556,0.6844,0.3531,0,0.278
517088af1d06fc29,free_trip,5,Dormant,0.5141,10.1137,8.0877,1.7865,2.3833,1.4934,0.4792,0.6902,0.324,0,0.2396
5175c5eb5615e220,offpeak_pass,4,Loyal,0.6698,0.5872,0.4405,0.2306,1.7062,0.0424,-0.1678,0.2102,0.0,0,-0.0839
5183c5d2a887b287,spend_10,5,Champions,2.5753,1.7369,0.9615,0.7345,1.0651,0.5038,0.0817,0.0,0.4222,0,0.0408
51874f2c0bb48040,spend_10,2,Champions,1.5595,1.4676,0.8823,0.5071,1.2324,0.4745,0.1563,0.0,0.3182,0,0.0782
5197a481a21b4b85,free_trip,3,Dormant,0.5333,10.5982,8.4438,1.8644,1.0229,1.5585,0.58,0.6156,0.3629,0,0.29
51ad75a754d3f1f2,spend_10,0,Champions,1.6288,6.7305,5.1992,1.4181,6.3148,1.0896,0.2265,0.0,0.8631,0,0.1133
51c2a4add2148ba5,free_trip,4,Dormant,0.5393,10.4446,8.3219,1.8403,0.8092,1.5384,0.5649,0.6056,0.3679,0,0.2825
51c6a0e1df1c116b,free_trip,0,Dormant,0.5939,11.2982,8.9923,1.9909,1.1026,1.6643,0.6302,0.6445,0.3896,0,0.3151
51cccdac6d56fe78,spend_10,3,Champions,1.1593,1.0237,0.5778,0.3608,7.3534,0.1691,0.1702,0.0,-0.0011,0,0.0851
51e4ba8bc5ef4d9f,free_trip,5,Dormant,0.533,10.4618,8.3126,1.8371,1.7929,1.5357,0.6242,0.4846,0.4269,0,0.3121
51f8f9d37cdaf95f,spend_10,3,Champions,1.6815,4.3682,3.1909,1.0119,6.4817,0.4061,0.3307,0.0,0.0754,0,0.1654
52196f413e802c75,free_trip,1,Dormant,0.5358,10.7068,8.5193,1.8806,2.3165,1.5721,0.614,0.5082,0.4499,0,0.307
5222b70b7510fc28,spend_10,3,Champions,2.0222,4.7061,3.4496,1.1364,3.4478,0.9992,0.2402,0.0,0.759,0,0.1201
522b404b925486a6,spend_10,5,Champions,2.2198,2.8991,2.002,0.8768,2.9804,0.5744,0.0405,0.0,0.5339,0,0.0202
523113fbf9e71268,spend_10,2,Loyal,2.6476,1.6437,0.9005,0.7369,2.8526,0.4643,0.0126,0.0,0.4517,0,0.0063
527a86254444ffde,free_trip,4,Dormant,0.5224,10.2953,8.225,1.8167,1.4891,1.5187,0.5072,0.6514,0.3601,0,0.2536
52801cbe54f1dd5f,free_trip,0,Dormant,0.5133,10.2473,8.2073,1.8111,1.6399,1.514,0.4579,0.6741,0.382,0,0.2289
528d113b093e97ff,free_trip,3,Dormant,0.4919,9.915,7.9238,1.7478,1.1346,1.4611,0.4868,0.6077,0.3666,0,0.2434
528d64d8804fe117,free_trip,0,Dormant,0.5412,10.5993,8.4704,1.8716,1.2048,1.5645,0.5147,0.6455,0.4043,0,0.2574
5293be4f11df6105,spend_10,1,Champions,1.6188,2.4148,1.6352,0.6758,3.3686,0.5979,0.2074,0.0,0.3905,0,0.1037
52a8f7f509050337,free_trip,0,Dormant,0.5304,10.4203,8.2789,1.8295,2.5346,1.5294,0.6238,0.4811,0.4245,0,0.3119
52bb49c7d0496342,free_trip,5,Dormant,0.5062,10.021,8.0129,1.7693,1.9585,1.479,0.4776,0.6729,0.3284,0,0.2388
52bc001c66849645,free_trip,0,Dormant,0.543,10.538,8.4203,1.8615,1.3048,1.5561,0.5125,0.6921,0.3515,0,0.2562
52eed64eca4098e3,weekend_20,5,Occasional,1.335,1.1568,0.7522,0.4335,2.021,0.3418,-0.0577,-0.0416,0.4411,0,-0.0288
52f921f141fbb5bc,spend_10,0,Loyal,2.421,1.9788,1.187,0.7493,1.59,0.5218,0.085,0.0,0.4369,0,0.0425
52f978573bef951a,free_trip,5,Occasional,0.5834,12.254,9.9346,2.1844,4.9021,0.7905,0.2699,0.367,0.1536,0,0.135
5307c1a9c69c492f,spend_10,0,Champions,1.5416,1.3905,0.836,0.4938,2.0034,0.4658,0.1216,0.0,0.3442,0,0.0608
53152653dd8a97ed,spend_10,4,Champions,1.146,8.5412,6.8036,1.651,3.2416,1.2596,0.1732,0.0,1.0865,0,0.0866
5315682f9585b80e,free_trip,5,Dormant,0.5034,10.0113,7.9945,1.7649,0.9795,1.4753,0.5037,0.5737,0.3979,0,0.2518
5316604e0084495b,spend_10,0,Loyal,2.4792,2.0892,1.2665,0.7779,1.282,0.4159,0.0896,0.0,0.3263,0,0.0448
5342bf07424d6c7d,free_trip,4,Dormant,0.5184,10.3051,8.241,1.8192,1.0591,1.5207,0.4899,0.6949,0.3359,0,0.245
5349f9d5172d1ee4,spend_10,2,Champions,2.6432,2.7964,1.8003,0.9228,3.1393,0.5813,0.1465,0.0,0.4349,0,0.0732
53511b1ba71d0207,spend_10,2,Champions,2.4318,1.8329,1.0412,0.7213,2.397,0.5561,0.1409,0.0,0.4152,0,0.0704
5363a3482a8e8ef5,spend_10,2,Champions,2.0208,3.8993,2.8431,1.0102,3.6084,0.9486,0.0922,0.0,0.8565,0,0.0461
5366f96671cd786e,free_trip,2,Dormant,0.5139,10.2503,8.1665,1.8028,1.1766,1.507,0.562,0.5858,0.3592,0,0.281
5384cbe0a08d0342,free_trip,5,Dormant,0.531,10.4923,8.3956,1.8539,0.948,1.5498,0.4856,0.6586,0.4056,0,0.2428
538d95f64976e7db,free_trip,0,Dormant,0.5271,10.4782,8.3728,1.8484,1.0581,1.5451,0.514,0.6719,0.3592,0,0.257
53993904abd3708d,spend_10,4,Champions,1.9639,3.352,2.3885,0.9039,3.5338,0.7439,0.1193,0.0,0.6246,0,0.0596
53b842205d93c0ac,spend_10,3,Champions,0.8419,9.3867,7.2728,1.6853,8.8763,1.0746,0.8573,0.0,0.2174,0,0.4286
53cc7068706519b2,free_trip,0,Dormant,0.5168,10.1459,8.1003,1.7896,1.4392,1.496,0.5119,0.5968,0.3872,0,0.256
53df48a66aa47aff,spend_10,2,Champions,1.6493,9.7686,7.7602,1.9542,11.1039,1.2619,0.1083,0.0,1.1536,0,0.0542
53f59a96ba8ca44e,spend_10,2,Loyal,2.9019,1.3743,0.6082,0.729,1.8801,0.5009,0.0743,0.0,0.4266,0,0.0371
541900288a836478,spend_10,3,Loyal,0.9218,1.244,0.8533,0.3687,0.6974,0.3252,0.044,0.0,0.2812,0,0.022
542efd7fd0f920f4,free_trip,4,Dormant,0.5514,10.528,8.4001,1.8591,1.6827,1.5541,0.5377,0.6504,0.366,0,0.2688
54368202fa54ea30,spend_10,0,Loyal,3.4872,4.3235,2.9342,1.3336,3.3372,0.5764,0.1114,0.0,0.465,0,0.0557
543b062c289c9668,spend_10,5,Loyal,3.2879,2.1597,1.1811,0.9281,2.8187,0.6014,0.1009,0.0,0.5006,0,0.0504
543ba622ec15cc6d,free_trip,1,Dormant,0.528,10.2937,8.1993,1.8125,0.73,1.5151,0.5638,0.5781,0.3732,0,0.2819
54417b5c8cb95d36,weekend_20,2,Champions,21.8663,11.6476,5.768,5.7392,8.0044,5.048,0.2807,-0.1295,4.8968,0,0.1404
5462b3414e169022,free_trip,3,Dormant,0.6256,11.7386,9.3942,2.081,2.1282,1.7396,0.5269,0.7857,0.427,0,0.2634
54c68446ffd481d4,free_trip,5,Dormant,0.5435,10.6487,8.5221,1.8828,1.5999,1.5739,0.4876,0.671,0.4153,0,0.2438
54c9f1e70f1c0eab,weekend_20,3,Occasional,1.44,1.0012,0.5842,0.4204,2.0508,0.3055,-0.0066,-0.1036,0.4157,0,-0.0033
54d07775a205178a,free_trip,0,Dormant,0.7624,11.6491,9.2407,2.0775,1.3772,1.7366,0.6618,0.6817,0.3931,0,0.3309
54d0aa3302fca2d1,offpeak_15,3,Champions,13.1479,6.0793,2.9248,3.3381,5.459,3.5841,-0.3672,4.0591,-0.1078,0,-0.1836
54e39f6489a183c7,free_trip,5,Dormant,0.6128,11.6482,9.33,2.065,1.2387,1.7262,0.5064,0.8301,0.3897,0,0.2532
54e56e84bbeeb914,spend_10,1,Champions,3.0155,3.7548,2.5335,1.1524,2.5757,0.7888,0.1378,0.0,0.651,0,0.0689
551408e265eefd98,free_trip,3,Dormant,0.6043,11.5506,9.2493,2.0464,1.2534,1.7107,0.5096,0.8222,0.3788,0,0.2548
5533449dd3b606e6,spend_10,0,Loyal,2.9557,3.0335,1.986,1.0263,2.7586,0.7186,0.0425,0.0,0.6761,0,0.0213
5533cfcbdfa95edb,offpeak_15,1,Champions,1.3917,1.3442,0.8746,0.4707,1.2396,0.2559,-0.0021,0.294,-0.036,0,-0.001
554918ecf021e412,spend_10,2,Champions,1.8086,1.4154,0.8223,0.5464,1.7032,0.4843,0.0934,0.0,0.3908,0,0.0467
556b66293b27f6cb,free_trip,3,At risk,1.1478,15.7025,12.5588,2.8466,2.2705,1.7005,0.5943,0.7162,0.39,0,0.2971
557089c3e046aa75,free_trip,5,Dormant,0.5802,11.073,8.841,1.9566,0.926,1.6356,0.5506,0.7283,0.3567,0,0.2753
5572a33dc05330ac,free_trip,4,Dormant,0.5547,10.7019,8.5406,1.889,2.1136,1.579,0.5447,0.6057,0.4286,0,0.2724
5582dbacd048fc33,free_trip,5,At risk,0.8612,11.1114,8.7849,2.0033,1.8306,1.7453,0.6465,0.7098,0.3891,0,0.3232
5591719603d5cdc2,free_trip,3,Dormant,0.5257,10.4932,8.3885,1.8513,1.4477,1.5476,0.5068,0.6684,0.3724,0,0.2534
55b7a6a6d4e321f5,spend_10,1,Champions,2.1935,1.6805,0.9779,0.6587,2.3794,0.6489,0.0879,0.0,0.561,0,0.0439
55bb34321537ea57,free_trip,2,Dormant,0.4971,9.9693,7.9454,1.7534,1.3477,1.4657,0.541,0.574,0.3508,0,0.2705
55bf657375f3673a,spend_10,5,Champions,1.7372,2.9563,2.0098,0.7782,4.2854,0.4719,0.3368,0.0,0.1351,0,0.1684
55d2ad11b516bfef,free_trip,4,At risk,0.8755,21.9875,17.8187,3.8825,4.0209,1.6142,0.5727,0.7602,0.2813,0,0.2863
55d6947532447d79,free_trip,2,Occasional,0.9099,11.9639,9.5417,2.1706,2.0338,1.2124,0.5031,0.4842,0.2251,0,0.2516
55e4233a5044725b,free_trip,0,Dormant,0.5099,10.1868,8.1437,1.7972,1.2983,1.5024,0.4918,0.6093,0.4012,0,0.2459
55f0cae6233ee3d9,free_trip,2,Dormant,0.5448,10.7751,8.6202,1.9034,1.7519,1.5912,0.5029,0.7277,0.3605,0,0.2515
55f6ee7c157840e6,free_trip,1,Dormant,0.7004,12.5147,9.9687,2.2158,1.5893,1.8523,0.6605,0.7739,0.4179,0,0.3302
55f82f79b1f3f16c,spend_10,4,Champions,1.6094,8.5889,6.744,1.7349,5.7469,0.9598,0.22,0.0,0.7398,0,0.11
55fe08994e76ec93,free_trip,1,Dormant,0.537,10.3702,8.2854,1.8323,1.5194,1.5317,0.5049,0.6513,0.3754,0,0.2525
560b54590815b270,free_trip,0,Dormant,0.8783,11.448,9.1169,2.0758,1.5818,1.7353,0.5106,0.8567,0.368,0,0.2553
560e0c96fbd083f2,free_trip,1,Dormant,0.5276,10.3604,8.2903,1.8313,1.2156,1.5309,0.4776,0.7067,0.3466,0,0.2388
562c9ec565d7be64,spend_10,4,Champions,1.397,0.8207,0.4011,0.3734,2.7918,0.307,0.0923,0.0,0.2147,0,0.0462
5643fb8dc20aa9af,spend_10,4,Champions,0.679,7.9902,6.329,1.4555,12.4476,0.9053,0.4115,0.0,0.4938,0,0.2057
564475f34bf175ec,free_trip,3,Dormant,0.4922,9.8699,7.8824,1.7393,2.2847,1.4539,0.4965,0.6303,0.3272,0,0.2482
5669fb91978ed2ac,spend_10,1,Champions,1.6012,5.8866,4.6023,1.2884,4.366,0.8007,-0.008,0.0,0.8088,0,-0.004
566c6e4c6e81d71c,free_trip,0,Dormant,0.8058,11.0455,8.8116,1.9974,1.8962,1.6697,0.473,0.8132,0.3835,0,0.2365
566f24d2e7f257b6,free_trip,1,At risk,0.467,15.008,12.1716,2.6248,4.2047,1.1426,0.4231,0.4148,0.3048,0,0.2116
56781f58e79dd1a5,spend_10,0,Loyal,3.376,1.6247,0.7335,0.8535,2.1485,0.6442,0.0756,0.0,0.5686,0,0.0378
5680f8770602afa6,free_trip,0,Dormant,0.4994,9.8866,7.9079,1.746,1.167,1.4596,0.4653,0.6604,0.3339,0,0.2327
5681fe9ea824e798,spend_10,1,Champions,1.4499,2.1115,1.4521,0.6027,5.1858,0.4405,0.1134,0.0,0.3271,0,0.0567
5682ff0794fdf930,spend_10,0,Champions,2.1977,1.5775,0.8304,0.6289,3.1473,0.3764,0.2366,0.0,0.1398,0,0.1183
56917d114f3efbd8,spend_10,0,Champions,1.9531,0.9733,0.3843,0.4855,3.7785,0.2412,0.207,0.0,0.0342,0,0.1035
569cab91e02211d7,free_trip,3,Dormant,0.5236,10.3218,8.259,1.824,1.1729,1.5248,0.4776,0.7067,0.3405,0,0.2388
56a359fcd36b2d2d,free_trip,4,Dormant,0.5513,10.6203,8.4798,1.8756,1.6381,1.5679,0.5299,0.6932,0.3448,0,0.265
56a40d0344a50bfe,free_trip,5,At risk,1.7926,11.4157,8.8964,2.2199,1.2489,1.6015,0.5989,0.6811,0.3215,0,0.2995
56bbb58437ec6084,free_trip,1,Dormant,0.5507,10.7135,8.5518,1.8905,1.3285,1.5803,0.5426,0.6846,0.3531,0,0.2713
56d0e47814d72833,spend_10,5,Loyal,2.7079,1.8629,1.0278,0.7759,2.0201,0.6384,0.1184,0.0,0.52,0,0.0592
56f094fece3aa03a,weekend_20,0,Loyal,1.8463,1.2081,0.7262,0.5343,1.5575,0.299,-0.1049,-0.0338,0.4376,0,-0.0524
56f910299ddda436,spend_10,5,Loyal,3.0223,3.1151,2.0086,1.0448,2.2211,0.6894,0.1233,0.0,0.566,0,0.0617
5722628faa28644a,free_trip,1,Dormant,0.5222,10.3819,8.2989,1.832,1.081,1.5314,0.5021,0.6544,0.375,0,0.2511
572cddbc08a87e82,free_trip,2,Dormant,0.5034,9.9002,7.9102,1.7474,1.4945,1.4607,0.4853,0.6502,0.3251,0,0.2427
57314d3b90014235,free_trip,5,Dormant,0.5817,11.2228,8.9502,1.9796,1.4198,1.6548,0.586,0.6756,0.3933,0,0.293
5737123dcfbb8aba,pct_10,0,Champions,25.4424,10.0502,2.7661,5.8585,15.4368,6.4314,2.8513,2.5749,1.0052,0,1.4257
5740828ed856aea1,free_trip,2,Occasional,0.6681,12.8737,10.3193,2.2819,2.1397,1.3411,0.5451,0.5318,0.2642,0,0.2725
5744ab540ec699bf,free_trip,0,Dormant,0.6157,11.3779,9.0866,2.015,2.712,1.6844,0.5525,0.7537,0.3782,0,0.2763
5750c107f9c941d5,offpeak_15,4,Champions,22.1181,14.3933,8.2735,6.3118,9.4993,4.3025,-0.3841,4.8715,-0.1849,0,-0.1921
57582baaa41e3dd7,free_trip,4,Dormant,0.5319,10.4932,8.3636,1.8475,1.4681,1.5444,0.5641,0.6201,0.3601,0,0.2821
575882ba8e167890,weekend_20,5,Occasional,3.0785,1.6547,0.8929,0.8248,1.8125,0.3915,-0.1261,0.011,0.5066,0,-0.0631
575cb85c6b276ed3,free_trip,4,Dormant,0.5777,10.8255,8.6364,1.9136,1.6803,1.5997,0.5511,0.6873,0.3612,0,0.2756
578af3b43cd06dd0,free_trip,5,Dormant,0.5958,11.3049,9.0064,1.9942,1.6935,1.6671,0.6086,0.6728,0.3856,0,0.3043
579ab3a877124fe2,free_trip,3,Dormant,0.4988,9.9241,7.9339,1.7513,1.2878,1.464,0.4776,0.6592,0.3272,0,0.2388
57b242fa06956e6a,spend_10,4,Loyal,2.9293,2.5556,1.5963,0.9399,2.7514,0.7371,0.0388,0.0,0.6983,0,0.0194
57d249e123360654,spend_10,5,Champions,0.9536,4.6492,3.5466,0.9346,4.7159,0.5973,0.3361,0.0,0.2612,0,0.1681
57d3060846d07cce,free_trip,0,Dormant,0.5346,10.4592,8.3709,1.8495,1.2474,1.5461,0.4776,0.7092,0.3592,0,0.2388
57d34732856c458c,free_trip,3,Dormant,0.5276,10.3267,8.2455,1.822,1.4285,1.5231,0.5183,0.6324,0.3723,0,0.2592
57d8d185867c2f73,spend_10,5,Champions,1.3403,1.5456,0.9788,0.4817,5.9075,0.251,0.1703,0.0,0.0807,0,0.0851
57e5daba5446314b,free_trip,1,Dormant,0.5279,10.4436,8.3378,1.8413,0.8268,1.5392,0.5291,0.6387,0.3714,0,0.2645
57f77a195185da12,free_trip,0,Dormant,0.9204,11.0621,8.7489,2.0081,1.8751,1.6787,0.6102,0.6972,0.3713,0,0.3051
57fa0f6a4b4267d5,free_trip,5,Dormant,0.5603,10.7498,8.5744,1.8971,1.7317,1.5859,0.5564,0.6691,0.3604,0,0.2782
580d17acc1e72b32,weekend_20,4,Occasional,1.216,1.0075,0.625,0.3823,1.277,0.3941,0.0003,0.0194,0.3744,0,0.0002
58338c59fa1355ac,spend_10,0,Champions,2.0167,5.5878,4.1611,1.283,4.1869,0.9232,0.2873,0.0,0.6359,0,0.1437
584ad66f86d145cb,spend_10,1,Champions,0.9467,5.3197,4.1207,1.0524,9.1189,0.622,0.2932,0.0,0.3288,0,0.1466
58582198d6911d4b,free_trip,4,Dormant,0.608,11.4331,9.0972,2.0156,1.3877,1.6849,0.6406,0.6798,0.3645,0,0.3203
585a9ffab715c782,free_trip,5,Dormant,0.5241,10.1999,8.1502,1.8015,2.5317,1.506,0.4963,0.6592,0.3504,0,0.2481
585b9c2422666536,spend_10,0,Occasional,0.6128,0.7279,0.4622,0.2233,0.4919,0.2581,0.085,0.0,0.1731,0,0.0425
585bd26de136d482,spend_10,4,Champions,0.8223,6.6144,5.1757,1.2457,9.1012,0.8926,0.3859,0.0,0.5067,0,0.193
5862fab66caa0e77,free_trip,3,Occasional,1.2113,20.7712,16.7733,3.7351,4.9486,1.2898,0.5257,0.5001,0.264,0,0.2628
586331abae32d5cf,offpeak_15,5,Champions,21.4875,11.706,5.951,5.6985,5.7938,4.0878,0.113,3.9511,0.0237,0,0.0565
5869177090a6b051,free_trip,4,Dormant,0.6213,11.5719,9.2447,2.049,1.7502,1.7128,0.5564,0.8066,0.3498,0,0.2782
586ba2923a320a49,free_trip,3,Dormant,0.5076,10.0834,8.0455,1.7763,0.8239,1.4849,0.5229,0.5896,0.3723,0,0.2615
586f868a43c5da80,free_trip,1,Dormant,0.497,9.9477,7.9497,1.7542,0.8172,1.4664,0.4874,0.6051,0.374,0,0.2437
5872b3757329b5d3,spend_10,5,Champions,1.1718,2.2271,1.5665,0.5687,4.9099,0.3677,0.1839,0.0,0.1838,0,0.092
587390f15aecbfa1,free_trip,2,At risk,0.7792,19.0313,15.4517,3.3709,4.0521,1.6034,0.4174,0.865,0.321,0,0.2087
587759bd39191d57,free_trip,2,Dormant,0.5351,10.6228,8.4828,1.8729,1.1636,1.5656,0.5344,0.672,0.3592,0,0.2672
587970c0539ae1dd,free_trip,3,Dormant,0.6576,12.0765,9.6316,2.1369,1.3969,1.7863,0.616,0.7912,0.379,0,0.308
5884754e081e9163,offpeak_15,0,Champions,19.069,15.1456,9.288,5.8893,6.7632,4.7377,-0.0635,4.9273,-0.1261,0,-0.0318
588ed98f58d0af55,free_trip,4,Dormant,0.5174,10.2729,8.2008,1.8106,1.2792,1.5136,0.523,0.6201,0.3704,0,0.2615
589997eba78092a0,free_trip,2,Dormant,0.5119,10.2504,8.2051,1.8104,1.4648,1.5134,0.4698,0.677,0.3666,0,0.2349
58a008bc35eab634,free_trip,0,Dormant,0.6532,12.0391,9.627,2.135,1.3031,1.7847,0.5543,0.8034,0.4271,0,0.2771
58bade7ac8e35424,spend_10,2,Champions,1.2453,0.7869,0.3635,0.3341,3.9114,0.1174,0.1785,0.0,-0.0611,0,0.0892
58d38acc3cec9279,weekend_20,5,Dormant,0.708,0.7089,0.466,0.2438,0.3592,0.2038,-0.002,-0.0065,0.2123,0,-0.001
58d59c33052339e3,free_trip,2,Dormant,0.541,10.6051,8.4647,1.8703,1.5296,1.5635,0.54,0.6223,0.4012,0,0.27
58db5286095e2315,free_trip,3,Occasional,0.6759,10.5256,8.3271,1.8698,2.6108,1.2689,0.6575,0.3514,0.2601,0,0.3287
58db7909b7836e25,free_trip,5,Dormant,0.5421,10.6737,8.5552,1.8894,2.1419,1.5794,0.4582,0.6923,0.4289,0,0.2291
58e0c6b69ed2e9df,free_trip,1,Dormant,0.7329,12.3622,9.8843,2.205,1.895,1.8433,0.5458,0.8655,0.4319,0,0.2729
58e22c5c30f58b2d,spend_10,1,Champions,1.7974,2.2755,1.4907,0.6829,2.4798,0.4862,0.2039,0.0,0.2823,0,0.1019
58ed2abd18640ea7,spend_10,3,Champions,1.9529,1.1262,0.5575,0.5214,1.7957,0.65,0.0946,0.0,0.5554,0,0.0473
58f22ba7377fd420,weekend_20,0,Loyal,3.4792,2.5047,1.5424,1.0429,2.194,0.4176,-0.1614,-0.0066,0.5856,0,-0.0807
5912c4d008e953a8,free_trip,2,Occasional,0.6959,10.8634,8.6371,1.9383,1.5654,1.5344,0.576,0.6505,0.3079,0,0.288
59193d48388402cd,spend_10,0,Champions,0.7744,9.9495,8.0602,1.8348,4.2187,1.3857,0.1089,0.0,1.2768,0,0.0545
593294027d962bef,free_trip,0,At risk,1.0628,13.0173,10.3993,2.3805,1.8257,1.4861,0.4751,0.67,0.341,0,0.2375
5939358de2bf8219,free_trip,1,Dormant,0.5437,10.5388,8.4168,1.861,1.411,1.5556,0.5222,0.6743,0.3592,0,0.2611
594bd68ce8f1eabc,spend_10,3,Occasional,2.6673,3.2895,2.2583,1.023,2.5107,0.3509,0.0166,0.0,0.3343,0,0.0083
5959455fb45339ec,free_trip,4,Dormant,0.5894,11.3785,9.1038,2.0131,1.3584,1.6829,0.523,0.8021,0.3577,0,0.2615
595e4f09d6d47849,free_trip,2,Dormant,0.5552,10.8092,8.6178,1.9051,1.0718,1.5925,0.5726,0.6608,0.3592,0,0.2863
596da9fc5b7c56c2,spend_10,2,Champions,1.9043,0.997,0.418,0.4823,4.0759,0.3578,0.1934,0.0,0.1644,0,0.0967
5977a93f68d0fd32,free_trip,5,Dormant,0.6943,12.4128,9.8676,2.1935,2.4598,1.8337,0.7032,0.754,0.3765,0,0.3516
5984c1356b91f1d6,spend_10,1,Champions,0.8131,4.2939,3.2836,0.8508,6.331,0.5904,0.3188,0.0,0.2715,0,0.1594
598d44ba3f39cefc,free_trip,1,Dormant,0.5543,10.7204,8.5432,1.8894,1.9791,1.5794,0.5756,0.6579,0.3459,0,0.2878
5990dd1174f95d44,free_trip,4,Dormant,0.5491,10.7133,8.5487,1.8895,1.3994,1.5795,0.5502,0.6811,0.3481,0,0.2751
59a075aad84303ae,offpeak_15,0,Champions,19.2414,12.7884,7.3825,5.5294,7.2631,4.5304,-0.2469,4.9492,-0.1719,0,-0.1235
59a4dfbec89c4ada,free_trip,3,Dormant,0.5358,10.5294,8.4101,1.8579,1.682,1.5531,0.5227,0.6882,0.3422,0,0.2613
59d1c7d5f6c36eac,free_trip,3,Dormant,0.544,10.7247,8.5701,1.8929,1.6776,1.5823,0.5234,0.7012,0.3577,0,0.2617
59f8d05ce5b76305,free_trip,2,At risk,0.4354,10.1492,8.1882,1.791,2.1699,1.0276,0.34,0.5119,0.1757,0,0.17
5a0e08731fdf60b1,free_trip,5,Dormant,0.6029,10.1184,8.0939,1.8062,1.598,1.5099,0.4365,0.7167,0.3567,0,0.2183
5a19c1593f936b7f,free_trip,5,Dormant,0.5221,10.2797,8.1945,1.8103,1.017,1.5133,0.5499,0.594,0.3694,0,0.2749
5a6b8efd6f39e335,weekend_20,2,Occasional,1.9409,1.6958,1.1375,0.6393,1.8901,0.4937,-0.1621,-0.0741,0.7299,0,-0.081
5a76b84fe26c2b29,free_trip,4,Occasional,0.8107,14.3066,11.4857,2.5538,3.2315,1.196,0.5342,0.4219,0.2399,0,0.2671
5a79b5f2661f2f59,free_trip,2,Dormant,0.5857,11.286,8.9963,1.99,1.6576,1.6635,0.5994,0.6429,0.4213,0,0.2997
5a8060f2e27f5328,free_trip,5,Dormant,0.5649,11.0386,8.8317,1.9515,2.0183,1.6314,0.5106,0.7482,0.3726,0,0.2553
5a81f80a8bacd17c,weekend_20,2,Occasional,2.5556,1.9819,1.2176,0.7836,1.045,0.3717,-0.0388,-0.1667,0.5772,0,-0.0194
5a8c1f0d0ad1884d,weekend_20,0,At risk,1.1254,1.0642,0.7051,0.3802,0.9985,0.2869,-0.0421,0.0567,0.2722,0,-0.0211
5a8cd175ee971412,spend_10,4,Champions,1.9773,2.8411,1.891,0.8034,4.1932,0.3953,0.2934,0.0,0.1019,0,0.1467
5a922755cf25b6ef,weekend_20,1,Occasional,1.2249,0.8545,0.5146,0.3613,1.2695,0.3275,-0.0429,-0.0569,0.4273,0,-0.0214
5aa37de7fed96afb,spend_10,4,Champions,2.6915,2.6871,1.7273,0.9177,2.3568,0.8333,0.0842,0.0,0.7491,0,0.0421
5aa82d71a76acb7e,free_trip,4,At risk,1.1864,13.2389,10.5635,2.4403,1.8559,1.2508,0.4701,0.4656,0.3152,0,0.2351
5ac53ecf25f6c363,free_trip,2,Occasional,0.8265,11.5913,9.2355,2.0897,1.757,1.681,0.532,0.8204,0.3286,0,0.266
5ae8e54867eda121,free_trip,2,Dormant,0.5388,10.4714,8.3797,1.8522,1.8554,1.5483,0.4792,0.71,0.3592,0,0.2396
5afa2a0c209e0324,free_trip,0,Occasional,0.8266,10.5066,8.3232,1.9003,1.6863,1.1037,0.5663,0.3965,0.1409,0,0.2832
5b00d42e02dd4770,free_trip,1,Dormant,0.493,9.895,7.9031,1.7437,1.5793,1.4577,0.4964,0.6248,0.3365,0,0.2482
5b44eef4898b650f,free_trip,4,Dormant,0.5548,10.7757,8.6106,1.9035,1.7035,1.5912,0.5232,0.6464,0.4216,0,0.2616
5b4b59fd0d25ad2f,offpeak_15,4,Champions,22.7387,9.407,3.8543,5.5229,13.0979,4.8101,0.0595,4.959,-0.2083,0,0.0297
5b4bf411051f806b,spend_10,1,Champions,1.493,1.9063,1.2546,0.5706,3.9751,0.4167,0.1622,0.0,0.2545,0,0.0811
5b77f1b0c0815afa,spend_10,2,Champions,2.1346,4.7469,3.5238,1.1752,3.8336,0.799,0.0958,0.0,0.7032,0,0.0479
5b8538793e4661e7,free_trip,4,Dormant,0.4997,10.0481,8.0248,1.7704,1.0361,1.4799,0.5057,0.6077,0.3666,0,0.2529
5b8a151e589d19e1,free_trip,5,At risk,1.0161,11.4747,9.0823,2.0973,2.4388,1.7659,0.5902,0.8017,0.374,0,0.2951
5baa68d4d69af625,free_trip,1,Dormant,1.0929,11.3992,9.025,2.1013,1.3245,1.7566,0.5456,0.8227,0.3883,0,0.2728
5bb4a6d9ceff70c4,free_trip,4,Dormant,0.4968,9.9434,7.9444,1.7531,1.7169,1.4655,0.4918,0.5969,0.3768,0,0.2459
5bbab3ea56f0a168,spend_10,5,Occasional,0.3827,0.4781,0.3221,0.1464,0.9999,0.0783,0.0193,0.0,0.0589,0,0.0097
5bbce7bdb6c4b132,free_trip,3,Dormant,0.5917,11.1963,8.9615,1.984,2.761,1.6585,0.5015,0.8143,0.3427,0,0.2507
5bbd2c8e775a3ec1,spend_10,2,Champions,1.7419,4.7371,3.6079,1.1111,3.3832,0.9083,0.0364,0.0,0.8719,0,0.0182
5bc4a49103ae4fa0,free_trip,2,Dormant,0.5606,10.9544,8.7435,1.9323,1.6423,1.6153,0.5571,0.699,0.3592,0,0.2785
5bc6a8880bb8b1db,spend_10,0,Champions,1.6915,1.2732,0.6859,0.4937,3.314,0.2062,0.1871,0.0,0.0191,0,0.0936
5bd3d5ade6adc68a,free_trip,2,Dormant,0.6325,11.9411,9.519,2.1083,1.6886,1.7624,0.6276,0.7083,0.4265,0,0.3138
5be0d509e5514c68,spend_10,5,Champions,0.9183,2.0619,1.4525,0.4924,3.6449,0.5096,0.2341,0.0,0.2756,0,0.117
5bf37b83197756e9,free_trip,3,Dormant,0.5265,10.4056,8.2983,1.8328,1.1767,1.5321,0.5489,0.5704,0.4128,0,0.2745
5bf6999f4bd85aae,weekend_20,5,Champions,7.1334,3.2433,1.591,1.8119,3.0402,1.3888,-0.3193,0.273,1.4351,0,-0.1597
5c02e7542a073e2e,spend_10,3,Loyal,2.1067,9.7624,7.6512,2.0266,4.6647,0.6591,0.1693,0.0,0.4898,0,0.0846
5c060560037025df,spend_10,3,Champions,1.7078,2.6612,1.7959,0.7277,5.7513,0.2806,0.2753,0.0,0.0053,0,0.1376
5c1185566c5b2abd,free_trip,5,At risk,1.4046,21.0156,16.9282,3.8074,3.5899,1.5505,0.5601,0.5887,0.4017,0,0.28
5c2cd9f1e1b8350d,spend_10,5,Loyal,2.8291,2.366,1.4318,0.8849,1.951,0.594,0.0986,0.0,0.4954,0,0.0493
5c2f21a8f7770445,free_trip,0,Dormant,0.5109,10.0195,8.0076,1.7692,2.6543,1.4789,0.4853,0.6599,0.3337,0,0.2427
5c32173fe20790a5,free_trip,1,Dormant,0.4952,9.9192,7.9153,1.7467,1.1277,1.4602,0.5144,0.6186,0.3272,0,0.2572
5c3300089062fe56,free_trip,0,Dormant,0.5116,10.1393,8.1034,1.7892,2.5568,1.4957,0.4934,0.6066,0.3957,0,0.2467
5c33aab9bf0017e8,free_trip,4,Dormant,0.5526,10.0123,8.022,1.7808,1.4224,1.4886,0.4189,0.6926,0.3771,0,0.2095
5c4b92c289dda709,free_trip,4,Dormant,0.75,12.9351,10.2992,2.2947,1.8677,1.9183,0.6824,0.8082,0.4277,0,0.3412
5c54131f9c15889a,free_trip,4,Dormant,0.65,12.0582,9.6503,2.1392,1.3877,1.7882,0.5373,0.8429,0.408,0,0.2687
5c55bb773083f65b,free_trip,0,Dormant,0.5809,11.2005,8.9497,1.9794,0.9661,1.6546,0.5429,0.6507,0.461,0,0.2714
5c67dc7e41523497,offpeak_15,2,Champions,12.1742,9.335,5.6061,3.6927,6.7395,3.3412,0.0725,3.3267,-0.058,0,0.0363
5c75ea757b4615a8,free_trip,2,Dormant,0.5844,11.2207,8.9276,1.9755,1.3557,1.6514,0.6353,0.6503,0.3658,0,0.3176
5c7a48c349772026,rush_hour_25,2,Loyal,8.3811,4.6908,2.1844,2.1943,2.9458,0.5095,0.6243,-0.0971,-0.0178,0,0.3122
5c81978e79320a60,free_trip,4,At risk,0.6058,15.0942,12.2053,2.6607,2.7518,1.4312,0.4564,0.7186,0.2562,0,0.2282
5c88cd9778c417d3,free_trip,4,Dormant,0.5102,10.1863,8.1256,1.7935,1.2292,1.4993,0.5344,0.6378,0.3272,0,0.2672
5c8d340f3fe56a96,free_trip,1,Dormant,0.5196,10.249,8.1413,1.7987,2.1329,1.5036,0.6179,0.4678,0.4179,0,0.309
5c9c0dd92991c6c4,weekend_20,0,Occasional,1.6121,1.2549,0.8142,0.5039,1.3616,0.4271,-0.1263,0.004,0.5494,0,-0.0632
5ca497b25fb605cf,free_trip,1,Dormant,0.5376,10.6214,8.4915,1.8752,1.0928,1.5675,0.5095,0.6988,0.3592,0,0.2547
5ca8e0ac8141bda5,offpeak_pass,0,Loyal,0.6993,0.9759,0.7039,0.2914,1.5805,0.2399,-0.0388,0.2786,0.0,0,-0.0194
5caedc207c9d9fbc,free_trip,0,At risk,0.7624,12.1045,9.6696,2.1666,2.8855,1.1108,0.5368,0.2974,0.2766,0,0.2684
5cafd7563286f761,free_trip,3,Dormant,0.6369,11.9545,9.5374,2.113,1.3711,1.7664,0.6081,0.7656,0.3927,0,0.304
5cb09b1c37129409,weekend_20,4,Loyal,2.0448,1.5804,1.0148,0.6354,1.1267,0.4734,-0.1398,0.1819,0.4312,0,-0.0699
5cc0205bec30cc4b,free_trip,5,Dormant,0.5212,10.2705,8.2085,1.813,1.6006,1.5156,0.498,0.6956,0.322,0,0.249
5cca852d5fc3aa34,free_trip,3,Dormant,0.5332,10.5127,8.3742,1.8499,1.2577,1.5464,0.577,0.6062,0.3632,0,0.2885
5ccce764bf34079a,offpeak_15,5,Champions,9.6664,6.3089,3.5667,2.7483,4.9518,2.1335,-0.0122,2.2777,-0.132,0,-0.0061
5cd238097b1934a2,free_trip,3,Dormant,0.5667,10.7448,8.5726,1.8981,2.0171,1.5867,0.5482,0.6487,0.3898,0,0.2741
5cdd6e39ecd9834c,free_trip,3,Dormant,0.6202,11.7822,9.3856,2.078,1.0184,1.7371,0.6372,0.7309,0.3691,0,0.3186
5ce20a8f07b3614a,spend_10,0,Champions,1.8787,3.3475,2.3422,0.8766,5.2637,0.2492,0.2575,0.0,-0.0084,0,0.1288
5cecd3bbe8f456ab,free_trip,5,Occasional,1.1335,15.0821,12.0526,2.7385,3.1152,1.632,0.5819,0.7166,0.3335,0,0.2909
5cfc17b3e6e298c0,offpeak_15,4,Loyal,5.5139,2.6104,1.2322,1.401,3.7049,0.9955,-0.0456,1.2049,-0.1638,0,-0.0228
5d0020fa9dde405d,free_trip,4,Dormant,0.6338,11.8825,9.479,2.1003,1.7268,1.7557,0.6064,0.7595,0.3898,0,0.3032
5d0b827317ea0efc,free_trip,2,Dormant,0.5903,11.2688,9.0298,1.9979,1.3274,1.6702,0.4821,0.7957,0.3924,0,0.241
5d1125181922d8da,free_trip,3,At risk,0.7075,13.7372,10.9659,2.4244,2.0895,1.3604,0.6939,0.444,0.2224,0,0.347
5d13c2512fb5dd03,free_trip,4,Dormant,0.5446,10.5062,8.3902,1.8556,1.8966,1.5512,0.5208,0.6711,0.3592,0,0.2604
5d140a2f257dd083,free_trip,3,Dormant,0.6823,11.8385,9.4571,2.1058,1.4321,1.7603,0.5514,0.802,0.4069,0,0.2757
5d17803cdc8a054a,weekend_20,4,Occasional,1.5692,1.0404,0.6062,0.4518,0.9177,0.3283,-0.0351,0.0858,0.2775,0,-0.0175
5d2b13fb8485d0f3,weekend_20,4,At risk,1.4325,1.0343,0.622,0.4267,1.2056,0.081,-0.0289,-0.1136,0.2234,0,-0.0144
5d2ed2d382032a38,free_trip,3,Dormant,0.5128,10.205,8.1698,1.8032,1.5038,1.5074,0.4638,0.7097,0.3339,0,0.2319
5d3aaeb7c4330e3e,spend_10,4,Champions,1.7824,3.7775,2.7386,0.9389,3.3273,0.9165,0.2,0.0,0.7165,0,0.1
5d3d03e3cb5d6474,free_trip,5,Dormant,0.5076,10.174,8.1125,1.7903,0.936,1.4966,0.5423,0.6017,0.3525,0,0.2711
5d460b5acabd0a95,free_trip,3,Dormant,0.5371,10.4257,8.3265,1.8408,1.5666,1.5388,0.5167,0.6706,0.3515,0,0.2584
5d5a0200a659523d,free_trip,5,Occasional,0.6713,14.1079,11.3774,2.5023,2.6396,1.4054,0.4563,0.6767,0.2724,0,0.2281
5d5a7d99b2ec9e33,free_trip,1,Dormant,0.501,9.9948,7.9843,1.7623,1.5396,1.4732,0.4965,0.6495,0.3272,0,0.2482
5d5c0ae09be76729,free_trip,1,Dormant,0.5483,10.6543,8.5072,1.8807,1.4074,1.5721,0.5328,0.6785,0.3608,0,0.2664
5d728b2ba6a07794,offpeak_15,5,Champions,25.5955,10.847,4.6956,6.291,10.197,4.3198,-0.2791,4.6719,-0.073,0,-0.1395
5d7384847493b098,spend_10,4,Champions,0.9419,2.9999,2.2668,0.6664,4.7844,0.4832,0.1334,0.0,0.3499,0,0.0667
5d74cd2e76bf3eaf,free_trip,2,Dormant,0.5757,11.0271,8.7869,1.9444,1.5584,1.6254,0.5915,0.6727,0.3612,0,0.2958
5d7b76d17cebad8b,free_trip,0,Dormant,0.5007,9.8751,7.8954,1.7437,2.2848,1.4577,0.4718,0.6587,0.3272,0,0.2359
5d83d70e5f4993d8,rush_hour_25,0,Occasional,3.6887,2.5439,1.2483,1.0253,2.0753,0.4606,0.5406,-0.0665,-0.0135,0,0.2703
5d87dc1e57e71c0b,rush_hour_25,4,Occasional,2.0143,1.6674,0.8949,0.6042,1.2328,0.2746,0.3367,-0.0529,-0.0091,0,0.1683
5d8c76f1f223c0f1,spend_10,3,Champions,2.1891,3.9766,2.8764,1.052,4.1956,0.7508,0.0963,0.0,0.6545,0,0.0482
5da3457c7433d996,free_trip,1,Dormant,0.5126,10.2173,8.1824,1.8058,0.9009,1.5096,0.4582,0.6993,0.3521,0,0.2291
5da5b2aba06b1a59,free_trip,5,Dormant,0.5282,10.3994,8.3147,1.8365,1.4178,1.5352,0.4965,0.6781,0.3606,0,0.2482
5dad75df7fa3f688,pct_10,3,Champions,42.5541,21.5129,9.4966,10.8101,53.7341,8.6088,2.4124,4.4933,1.7031,0,1.2062
5db0685c1a2eb8d5,spend_10,0,Loyal,2.9647,1.364,0.5654,0.7331,2.1418,0.5853,0.1311,0.0,0.4543,0,0.0655
5db96c54ebf44968,rush_hour_25,4,Loyal,7.827,4.882,2.2825,2.0996,2.6815,0.969,0.9999,0.0092,-0.0401,0,0.4999
5dba178faf09f9ce,spend_10,1,Champions,2.2395,1.2403,0.5762,0.5848,3.5516,0.3148,0.1586,0.0,0.1562,0,0.0793
5dc0d2b450813282,spend_10,0,Champions,0.7887,16.1331,13.1804,2.9012,6.2344,2.5157,0.1032,0.0,2.4125,0,0.0516
5dc4d116d9f53176,free_trip,3,Dormant,0.5801,11.1051,8.8778,1.9643,1.7187,1.642,0.526,0.7732,0.3427,0,0.263
5df81369cae7a7ce,pct_10,1,Champions,39.1529,24.7246,12.2949,10.6849,40.2502,9.4613,3.4895,3.8152,2.1567,0,1.7447
5e04f16664232b8e,free_trip,2,Dormant,0.5562,10.7449,8.5744,1.8963,1.9839,1.5852,0.5483,0.6946,0.3422,0,0.2742
5e0775aa058fdd0b,free_trip,3,Dormant,0.4965,9.944,7.9429,1.7527,1.2052,1.4652,0.4968,0.5916,0.3768,0,0.2484
5e0fb8694934b8dc,free_trip,3,Dormant,0.8766,13.9333,11.0843,2.4841,2.6914,2.0765,0.73,0.8233,0.5233,0,0.365
5e1b6315c1bb69c8,rush_hour_25,1,Occasional,4.0093,1.7646,0.5648,0.95,2.2009,0.3779,0.4998,-0.0908,-0.031,0,0.2499
5e20be31475803aa,free_trip,1,Dormant,0.4984,10.0612,7.9813,1.7611,2.0911,1.4722,0.6375,0.4676,0.3671,0,0.3188
5e2f09f13b3f31aa,free_trip,1,Dormant,0.5023,9.9365,7.943,1.754,2.0139,1.4662,0.4792,0.6599,0.3272,0,0.2396
5e2fa797b81d509f,free_trip,1,Dormant,1.0703,12.1063,9.5648,2.2087,1.2332,1.8464,0.6656,0.837,0.3438,0,0.3328
5e3a96a68454307a,weekend_20,4,Occasional,1.9219,1.0883,0.6152,0.5269,1.1682,0.1839,-0.1076,-0.0493,0.3408,0,-0.0538
5e432cc885a3c29b,spend_10,3,Champions,2.4656,1.9523,1.1595,0.7529,2.526,0.7222,0.0797,0.0,0.6425,0,0.0398
5e618f429f8e8e90,offpeak_15,5,Champions,9.8293,7.0118,4.1767,2.9088,4.4854,1.8348,-0.1473,2.0004,-0.0183,0,-0.0737
5e63c5a9e8e73fe7,free_trip,1,Dormant,0.573,10.8353,8.6496,1.9154,2.0638,1.6012,0.5405,0.6953,0.3653,0,0.2703
5e71e355cbe2d3de,free_trip,1,Dormant,0.5446,10.6535,8.5016,1.8787,1.139,1.5705,0.5464,0.6517,0.3723,0,0.2732
5e94a79db2071b8e,free_trip,1,Dormant,0.4994,9.9361,7.9595,1.7568,1.4914,1.4686,0.4396,0.6323,0.3967,0,0.2198
5e98cdd2cd69bfea,spend_10,5,Loyal,3.2888,1.8831,0.9445,0.8792,2.2634,0.749,0.1189,0.0,0.6301,0,0.0595
5e9ccc347497749d,free_trip,2,Dormant,0.5353,10.5382,8.4131,1.8584,1.6148,1.5535,0.5335,0.6566,0.3635,0,0.2667
5ea0a0b0d830f57b,free_trip,0,Dormant,0.6959,12.2946,9.8134,2.1826,0.8036,1.8245,0.5973,0.8243,0.403,0,0.2986
5ea40a9941869a56,free_trip,0,Dormant,0.534,10.4919,8.3816,1.8516,0.9055,1.5479,0.5173,0.6455,0.3851,0,0.2586
5eb94d5d7f6fc8e6,free_trip,1,Dormant,0.51,10.0989,8.0784,1.7837,1.182,1.491,0.4738,0.6018,0.4155,0,0.2369
5ebf2bf8b478dca4,weekend_20,2,Occasional,1.0301,1.0328,0.6931,0.3579,1.1253,0.4485,-0.0364,0.0377,0.4472,0,-0.0182
5ed684af34b1ceca,free_trip,0,Dormant,0.5814,11.1741,8.9265,1.9746,1.5924,1.6507,0.546,0.6133,0.4914,0,0.273
5ed86e636b59ab8e,free_trip,2,Dormant,0.5275,10.442,8.2954,1.8324,1.5294,1.5318,0.6284,0.5176,0.3858,0,0.3142
5ef8b1b86d01a56c,weekend_20,0,Dormant,0.677,0.6093,0.39,0.2216,0.2492,0.1852,-0.0046,-0.0057,0.1955,0,-0.0023
5efa4918b8bb5df5,free_trip,3,Dormant,0.5312,10.4655,8.3571,1.8459,1.3648,1.5431,0.5249,0.6581,0.3601,0,0.2624
5f07679f5397b8fb,spend_10,1,Loyal,2.8079,2.8806,1.864,0.9703,2.0036,0.7023,0.0927,0.0,0.6096,0,0.0464
5f1333c35a1bf9bd,free_trip,2,Dormant,0.5233,10.4498,8.321,1.8368,1.1106,1.5355,0.5839,0.6051,0.3466,0,0.2919
5f13df9f276ce7c0,spend_10,0,Loyal,3.0938,4.9678,3.5551,1.3809,2.7145,0.677,0.0636,0.0,0.6134,0,0.0318
5f1c03ca8e9ea2cd,free_trip,5,Dormant,0.5646,10.7344,8.5705,1.8972,1.645,1.586,0.5333,0.6719,0.3808,0,0.2666
5f1c43b594fc3d9f,rush_hour_25,3,Occasional,1.8107,1.3572,0.6677,0.5147,1.1704,0.2717,0.3496,-0.0593,-0.0186,0,0.1748
5f2047180dcaf897,free_trip,0,Occasional,1.8034,12.603,9.9572,2.4425,3.8562,0.8798,0.4065,0.3337,0.1396,0,0.2033
5f48888ee1474086,weekend_20,2,Occasional,1.8003,1.2225,0.7093,0.5212,1.2127,0.2153,-0.016,-0.1337,0.365,0,-0.008
5f4bbb3bb4de42b7,weekend_20,0,At risk,1.131,1.1091,0.7367,0.3879,0.9291,0.1476,-0.031,-0.0181,0.1967,0,-0.0155
5f50e886747f3e3c,spend_10,5,Champions,1.94,8.1306,6.2929,1.7098,5.7282,1.1168,0.2558,0.0,0.861,0,0.1279
5f5daa408b951c50,free_trip,0,Dormant,0.543,10.6174,8.4857,1.8751,1.1783,1.5675,0.513,0.6557,0.3988,0,0.2565
5f82a196272a601a,free_trip,4,Dormant,0.5807,11.2289,8.9493,1.9792,1.0501,1.6545,0.6009,0.6627,0.3909,0,0.3004
5fa51d724e16c494,free_trip,2,At risk,0.8957,10.8485,8.6339,1.9791,1.16,1.5755,0.4709,0.7293,0.3752,0,0.2355
5fc239ad9ad0e213,free_trip,4,Dormant,0.9261,11.6505,9.2597,2.1154,1.3818,1.7684,0.5509,0.846,0.3715,0,0.2754
5fde5608e4cc9ec4,free_trip,0,Dormant,0.5585,10.6309,8.4944,1.8801,1.3475,1.5717,0.5127,0.7163,0.3427,0,0.2563
5fe2fb329becf985,free_trip,2,Dormant,0.5035,10.0635,8.0509,1.7766,1.3989,1.4851,0.472,0.6072,0.4059,0,0.236
5ff2e8df05312dc1,spend_10,1,Champions,2.2928,1.7573,1.0238,0.6888,2.611,0.6093,0.0893,0.0,0.52,0,0.0446
5ff61b454ebac9a5,spend_10,2,Champions,0.8044,1.4273,0.9248,0.3591,4.7055,0.1703,0.2867,0.0,-0.1164,0,0.1434
5ff6c1315abd9ace,free_trip,4,Dormant,0.5345,10.3904,8.2795,1.8305,1.4634,1.5302,0.5607,0.5923,0.3772,0,0.2804
6004cb488708e3af,weekend_20,4,Dormant,0.7754,0.8782,0.597,0.285,0.4002,0.2383,-0.0076,-0.0084,0.2542,0,-0.0038
6007ae9d987c96c8,free_trip,2,Dormant,0.5037,10.0642,8.0426,1.7749,1.7346,1.4837,0.4934,0.5922,0.3981,0,0.2467
6013273f8e8ccd82,free_trip,5,Occasional,0.9349,12.489,9.906,2.2515,1.634,1.7648,0.663,0.7778,0.3241,0,0.3315
6015b09a984dbb42,spend_10,0,Champions,0.9992,4.1713,3.1271,0.857,7.0301,0.4206,0.3745,0.0,0.0462,0,0.1872
60198650789e8b4d,free_trip,2,Dormant,0.5558,10.6732,8.5259,1.8861,1.2388,1.5767,0.5222,0.6937,0.3608,0,0.2611
601e0d1eb4860214,free_trip,0,Dormant,1.3374,11.5134,9.0812,2.1638,1.4194,1.8088,0.5368,0.8753,0.3967,0,0.2684
602850da44c0197b,free_trip,3,Dormant,0.5004,10.0205,8.0244,1.7705,1.4374,1.48,0.4511,0.6966,0.3324,0,0.2255
6044d368c3f08176,weekend_20,3,Occasional,1.85,1.0806,0.5926,0.5073,1.3604,0.3303,-0.0385,-0.1193,0.4881,0,-0.0193
6049b1d054d62885,free_trip,4,Dormant,0.5076,10.0734,8.0378,1.7747,1.1227,1.4836,0.5216,0.5896,0.3723,0,0.2608
604e378b49dc32e6,spend_10,2,Champions,1.4635,1.0272,0.5405,0.4162,3.1343,0.3277,0.1409,0.0,0.1868,0,0.0704
605039119fbd55de,spend_10,3,Champions,2.545,1.4829,0.72,0.6781,1.3504,0.6645,0.1695,0.0,0.495,0,0.0848
607061256aaaa3ee,offpeak_15,3,Champions,23.8204,10.094,4.3494,5.8504,11.7748,5.9762,-0.2115,6.2608,-0.0731,0,-0.1057
60900557f3d75ea8,free_trip,3,Dormant,0.7842,13.1718,10.5234,2.3484,1.9625,1.9631,0.5999,0.9677,0.3955,0,0.3
60905c24246dfe36,spend_10,5,Loyal,2.1748,1.4491,0.7749,0.6126,1.6057,0.5501,0.1231,0.0,0.427,0,0.0616
609be3619cb80e3f,spend_10,2,Loyal,2.5755,1.2925,0.5961,0.6587,2.0819,0.5084,0.0755,0.0,0.4329,0,0.0378
609d3af4e56ebc0c,free_trip,4,Dormant,0.5236,10.3643,8.2942,1.8313,1.3912,1.5309,0.4776,0.7067,0.3466,0,0.2388
60a7ccd9b204d8f6,offpeak_15,5,Champions,11.512,7.0293,3.9565,3.2126,4.7196,2.6666,-0.2796,3.0928,-0.1467,0,-0.1398
60aaa943fdb87cb7,free_trip,2,Dormant,0.5081,10.0068,7.9822,1.7633,1.207,1.474,0.5225,0.5783,0.3732,0,0.2612
60b6dd65f0997a74,free_trip,0,Dormant,0.6036,11.5301,9.192,2.0344,1.0766,1.7006,0.6074,0.7327,0.3606,0,0.3037
60b7e5ff82ee552f,free_trip,5,Dormant,0.5144,10.1509,8.1015,1.7894,1.7376,1.4958,0.52,0.5955,0.3803,0,0.26
60c7b8246a1ba63c,spend_10,4,Loyal,2.8683,2.4746,1.4984,0.9069,3.2314,0.5441,0.1387,0.0,0.4054,0,0.0693
60ca4f5f5230ca2a,free_trip,5,Dormant,0.5596,10.6152,8.4629,1.8738,1.0553,1.5664,0.5571,0.6511,0.3583,0,0.2785
60d67ec7ba13899e,free_trip,0,Dormant,0.5472,10.5304,8.3469,1.8472,1.9235,1.5441,0.6725,0.4702,0.4014,0,0.3363
60d9eacaa4967ca9,free_trip,0,Occasional,2.3622,12.9127,10.0768,2.5834,3.4152,0.9311,0.505,0.2248,0.2014,0,0.2525
60dcf98aef027247,free_trip,4,Dormant,0.5599,10.6629,8.5208,1.8859,2.1946,1.5765,0.5124,0.6877,0.3764,0,0.2562
60f2fdb8d43eeaf1,offpeak_15,0,Champions,38.1755,36.2152,23.4915,12.8073,18.6979,10.6612,-0.1672,10.4835,0.3448,0,-0.0836
6110cdffb59311ef,offpeak_15,1,Champions,26.8048,15.0624,7.9361,7.2151,7.2335,5.4028,-0.1777,5.6207,-0.0402,0,-0.0889
6124de3e22a060d7,free_trip,1,Dormant,0.5381,10.5236,8.4158,1.8596,1.8209,1.5545,0.4965,0.6988,0.3592,0,0.2482
6131d9555c834b11,spend_10,3,Champions,0.6384,8.8562,6.9824,1.5827,16.2292,0.9229,0.5822,0.0,0.3407,0,0.2911
6161158514296696,free_trip,3,Dormant,0.4958,9.9534,7.9428,1.7526,1.3892,1.465,0.516,0.6219,0.3272,0,0.258
61634c112b25764c,free_trip,2,Dormant,0.5132,10.2656,8.19,1.8075,0.7355,1.511,0.5362,0.5919,0.3829,0,0.2681
6163b18e355b287d,offpeak_15,4,Loyal,1.5457,1.0617,0.6257,0.451,2.1117,0.3592,-0.0299,0.5081,-0.119,0,-0.015
617564d570645efd,spend_10,1,Champions,2.283,1.3836,0.671,0.6135,2.6754,0.3165,0.1984,0.0,0.1181,0,0.0992
6185301175a916b8,free_trip,2,Dormant,0.5535,10.8841,8.7147,1.9248,1.7339,1.6091,0.4891,0.7513,0.3687,0,0.2446
618dd34b7e34f657,free_trip,3,Dormant,1.3971,10.9281,8.5772,2.0715,1.2613,1.7317,0.5587,0.7741,0.3988,0,0.2794
6190773cb37c6e61,free_trip,3,Dormant,0.5491,10.653,8.5092,1.8813,1.6714,1.5726,0.5252,0.6882,0.3592,0,0.2626
619890faf4667c8d,spend_10,2,Champions,0.6731,5.8428,4.5521,1.0852,14.068,0.7648,0.411,0.0,0.3537,0,0.2055
619e32067224cc5d,spend_10,2,Champions,1.588,4.334,3.2562,1.0061,3.5809,0.9369,0.1437,0.0,0.7932,0,0.0718
61a1f19628843cb6,free_trip,3,At risk,0.6145,15.4511,12.4646,2.7163,3.671,1.3268,0.5404,0.4722,0.3143,0,0.2702
61b1ab30aafbcbcb,offpeak_15,5,Champions,12.1031,5.5241,2.492,3.0312,4.9024,2.4179,0.0018,2.4398,-0.0238,0,0.0009
61c1300aa0db3c9c,spend_10,0,Champions,1.6223,2.0379,1.3559,0.6185,2.8606,0.654,0.127,0.0,0.5271,0,0.0635
61d91394e9ef225e,pct_10,0,Champions,45.1994,42.2689,26.2479,14.8384,39.5197,11.2765,2.3651,7.7053,1.2061,0,1.1826
61dfd5706ac10f90,spend_10,4,Champions,0.9303,1.5016,0.9943,0.3997,3.6589,0.249,0.2152,0.0,0.0338,0,0.1076
61e0779f5e34d5ad,spend_10,2,Loyal,2.3851,1.2086,0.5576,0.6111,2.8638,0.6401,0.0798,0.0,0.5604,0,0.0399
61ead26e6ea7eea8,free_trip,3,Dormant,0.5233,10.3881,8.2974,1.8319,1.1949,1.5314,0.5174,0.6548,0.3592,0,0.2587
62059530860ac47c,free_trip,4,Dormant,0.8458,12.2512,9.7352,2.1975,1.4017,1.837,0.6372,0.8146,0.3852,0,0.3186
620c5a3f78c64678,free_trip,3,Dormant,0.5092,10.1674,8.1258,1.7934,1.4349,1.4991,0.4964,0.6032,0.3995,0,0.2482
623221395634dbfb,free_trip,3,Dormant,0.606,11.4272,9.1613,2.0285,1.8182,1.6957,0.4746,0.8602,0.361,0,0.2373
624290777b067bbc,free_trip,3,Dormant,0.6966,12.287,9.8169,2.1835,1.7841,1.8253,0.5732,0.8497,0.4024,0,0.2866
624725c10a66f50d,free_trip,1,Dormant,0.5028,10.0402,8.0216,1.7704,1.4908,1.4799,0.4964,0.6039,0.3796,0,0.2482
62537a48a9929c33,free_trip,2,Dormant,0.5721,10.7517,8.5778,1.9003,2.0998,1.5885,0.5473,0.6865,0.3547,0,0.2737
626035d65f38f682,free_trip,5,Dormant,0.5172,10.1824,8.1421,1.7984,2.0595,1.5034,0.4838,0.6935,0.3261,0,0.2419
628a8b9df2d6e944,weekend_20,0,Occasional,2.0178,2.2953,1.5805,0.7473,2.2592,0.4315,-0.0649,-0.0654,0.5619,0,-0.0325
629d72511035e69e,spend_10,3,Champions,1.2004,1.3246,0.8116,0.4178,2.6033,0.264,0.1903,0.0,0.0737,0,0.0952
62a243bf7739b73f,free_trip,1,Dormant,0.4956,9.9301,7.9336,1.7506,1.4644,1.4634,0.4918,0.606,0.3656,0,0.2459
62a3a980871f8e10,free_trip,1,Dormant,0.5168,10.2323,8.1519,1.8003,1.2025,1.505,0.56,0.5858,0.3592,0,0.28
62abef454f4aefb2,spend_10,4,Loyal,3.7558,3.45,2.1721,1.2311,2.5117,0.8594,0.0935,0.0,0.766,0,0.0467
62b32c19c509545e,offpeak_15,4,Loyal,6.5825,4.5818,2.6863,1.925,3.6821,1.0985,-0.059,1.2271,-0.0696,0,-0.0295
62b75d2a37506f5f,spend_10,4,Champions,1.436,4.3906,3.3264,0.9891,3.2427,0.9825,0.1502,0.0,0.8322,0,0.0751
62b8dfa1e81faa2c,free_trip,0,Dormant,0.5027,9.9362,7.9426,1.754,1.4891,1.4662,0.4792,0.6599,0.3272,0,0.2396
62cca8a28a48c2ce,free_trip,0,Dormant,0.4939,9.9747,7.9241,1.7483,2.222,1.4614,0.6048,0.492,0.3646,0,0.3024
62cd0475cad87493,free_trip,1,Occasional,0.9246,10.0708,7.9663,1.8465,1.4081,1.505,0.516,0.6689,0.3201,0,0.258
62dcd2883e53a923,free_trip,5,At risk,0.4386,13.6836,11.1191,2.4003,4.2528,1.0208,0.3282,0.5239,0.1687,0,0.1641
62e3d0c5422e7f60,spend_10,5,Loyal,3.0211,3.1011,2.002,1.0432,2.4689,0.7602,0.1117,0.0,0.6485,0,0.0559
62e4f1e83084b2de,weekend_20,4,Dormant,0.7147,0.7549,0.5032,0.2529,0.4773,0.2114,-0.0024,-0.004,0.2178,0,-0.0012
62e6db21b684b88d,spend_10,5,Loyal,3.0004,3.9335,2.7128,1.1865,2.3397,0.7715,0.0683,0.0,0.7032,0,0.0342
62f0e08637511f5e,free_trip,3,At risk,0.6769,12.9533,10.3636,2.2929,1.7781,1.6693,0.5934,0.7591,0.3167,0,0.2967
62f80f97dbdc5fb1,spend_10,4,Champions,2.2297,1.953,1.2048,0.7133,2.5265,0.6804,0.0699,0.0,0.6105,0,0.0349
62fb0ff81e70ce8e,spend_10,1,Champions,1.2779,5.1004,3.9486,1.0855,4.0001,0.974,0.1328,0.0,0.8412,0,0.0664
62fb8b647fa174cc,spend_10,3,Champions,0.8409,0.718,0.4492,0.2679,5.5154,0.1471,0.0017,0.0,0.1454,0,0.0008
63000ff164ad6152,free_trip,0,Dormant,0.7795,11.4878,9.1839,2.0692,1.4836,1.7298,0.4693,0.8694,0.391,0,0.2347
63092b15611af3a5,free_trip,5,Dormant,0.5476,10.631,8.5002,1.8791,1.7014,1.5708,0.5035,0.7092,0.358,0,0.2518
6310484ab9591202,spend_10,2,Champions,2.1482,1.2528,0.6252,0.576,5.0111,0.4115,0.1032,0.0,0.3083,0,0.0516
633073e80c8ac26b,free_trip,0,At risk,0.7476,11.2081,8.89,2.0016,1.0172,1.7454,0.633,0.7438,0.3686,0,0.3165
633f257946e7cc11,spend_10,0,Champions,2.0482,2.0945,1.3765,0.7112,1.9122,0.5964,0.0136,0.0,0.5829,0,0.0068
634e9190e4d52b5d,free_trip,0,Dormant,0.8846,11.6874,9.2606,2.107,1.883,1.7613,0.6396,0.7169,0.4048,0,0.3198
635710b8b3b811fc,free_trip,1,Dormant,0.5534,10.7598,8.5909,1.8991,1.7701,1.5875,0.5397,0.6846,0.3633,0,0.2698
63581d6e05f741fb,free_trip,0,Dormant,0.5493,10.5829,8.4415,1.8672,1.2941,1.5609,0.5485,0.6392,0.3732,0,0.2742
635a6453079fd9ca,free_trip,4,Dormant,0.5018,10.031,8.0161,1.769,1.6875,1.4788,0.4918,0.606,0.381,0,0.2459
635bbef79a1e067c,free_trip,1,Dormant,0.6072,11.508,9.2271,2.0424,1.3363,1.7074,0.4768,0.7932,0.4373,0,0.2384
6363ebcddf8abe55,free_trip,3,Dormant,0.5513,10.6972,8.5377,1.8877,1.985,1.578,0.5435,0.6813,0.3531,0,0.2718
6377a86a4393ba73,free_trip,4,Dormant,0.5005,10.0256,8.0018,1.7658,1.3447,1.4761,0.516,0.6008,0.3592,0,0.258
639201ab5f8875f1,offpeak_15,4,Champions,5.1159,2.8686,1.4785,1.3696,2.7829,1.2103,0.0411,1.2545,-0.0853,0,0.0205
6396862a9664dedc,free_trip,4,Dormant,0.5532,10.6577,8.5003,1.8803,1.6786,1.5718,0.5543,0.6655,0.352,0,0.2771
639abf445ef85c25,spend_10,5,Champions,1.5976,3.5274,2.5658,0.8647,3.2613,0.9724,0.1939,0.0,0.7785,0,0.0969
63a4b766357558fb,free_trip,3,At risk,0.8837,10.0424,7.911,1.8265,1.4464,1.591,0.6099,0.6465,0.3346,0,0.3049
63d12b382a0be2f3,free_trip,4,Dormant,0.5071,10.0829,8.0562,1.7785,1.5354,1.4867,0.4965,0.6631,0.3272,0,0.2482
63d6d7f9e409035b,free_trip,2,Dormant,0.6888,12.4762,9.9612,2.2118,1.8513,1.849,0.6063,0.8188,0.4238,0,0.3032
63db272b22c9e6dc,spend_10,2,Champions,2.6128,4.7346,3.3795,1.2445,2.1727,0.699,0.2212,0.0,0.4778,0,0.1106
63de878597f09976,spend_10,5,Champions,2.6165,1.8287,0.9916,0.7494,1.6119,0.5954,0.1754,0.0,0.42,0,0.0877
63e5056deeaeb652,free_trip,2,At risk,0.6931,10.2231,8.1378,1.834,0.9365,1.5683,0.5025,0.6992,0.3666,0,0.2512
63e83cdad325bd4c,free_trip,3,At risk,0.971,17.776,14.267,3.1647,3.0537,1.6754,0.6887,0.6409,0.3459,0,0.3443
63ebc173143bde59,weekend_20,2,Occasional,1.301,0.8457,0.4797,0.3698,1.9442,0.3322,-0.0075,-0.1183,0.458,0,-0.0038
63ed45ba650492e1,free_trip,2,Dormant,0.5772,11.2575,8.9782,1.9845,2.1836,1.6589,0.5897,0.708,0.3613,0,0.2948
63f823de3709b2ff,free_trip,1,Dormant,0.6686,12.2286,9.7507,2.1639,1.124,1.8089,0.6281,0.7992,0.3816,0,0.314
64035b163e939b25,free_trip,0,Dormant,0.5082,10.1336,8.1081,1.7895,0.9014,1.4959,0.472,0.6072,0.4166,0,0.236
6407bc4e35fa5dbc,free_trip,5,At risk,0.4826,14.9579,12.1041,2.614,3.1415,1.1265,0.4796,0.3572,0.2897,0,0.2398
641c191c994c5cf7,spend_10,3,Champions,1.9805,2.3984,1.5001,0.7229,3.3561,0.4428,0.3508,0.0,0.092,0,0.1754
641d7d2c658c6365,free_trip,5,Dormant,0.5623,10.8667,8.6574,1.9148,1.82,1.6007,0.589,0.6114,0.4003,0,0.2945
642cbd430e2b0c10,spend_10,1,Champions,0.8916,0.9567,0.5422,0.2978,5.0499,0.2684,0.2335,0.0,0.0349,0,0.1168
64340897231f0816,free_trip,2,Dormant,0.5674,10.7805,8.5943,1.9027,1.3967,1.5906,0.5669,0.6624,0.3612,0,0.2834
643e2d5c67caf092,spend_10,5,Champions,1.398,2.768,1.966,0.6986,5.2462,0.3919,0.2068,0.0,0.1851,0,0.1034
644f5a3f7610c227,free_trip,2,Dormant,0.5548,10.6868,8.537,1.8882,1.6825,1.5784,0.5231,0.7215,0.3338,0,0.2615
644fd28e980b2e45,spend_10,4,Loyal,2.0466,2.1249,1.3223,0.6997,1.7182,0.372,0.2059,0.0,0.1661,0,0.1029
6457118fc7e1573c,spend_10,1,Loyal,2.1865,1.0874,0.4949,0.5569,3.9442,0.208,0.0713,0.0,0.1366,0,0.0357
647e1dc27434322c,free_trip,2,Dormant,0.5238,10.504,8.3848,1.8502,2.3664,1.5466,0.5381,0.6535,0.355,0,0.2691
648b849ae90c4e5f,free_trip,2,Dormant,0.5365,10.4493,8.3393,1.8434,2.0602,1.5409,0.5334,0.6343,0.3732,0,0.2667
64968ed9ecaca175,free_trip,4,Dormant,0.5175,10.3247,8.2346,1.8177,1.0842,1.5195,0.545,0.6007,0.3738,0,0.2725
649a01903aca771c,free_trip,2,Dormant,0.5995,11.3471,9.0404,2.0021,1.7308,1.6736,0.6093,0.6923,0.372,0,0.3046
64a1f98778f06507,free_trip,5,Dormant,0.5454,10.5005,8.3873,1.8552,1.4024,1.5508,0.5159,0.6743,0.3606,0,0.258
64a2ab758de2ece7,spend_10,4,Loyal,2.7162,2.599,1.6477,0.9063,3.8668,0.401,0.0901,0.0,0.3109,0,0.045
64a2e22478573096,spend_10,4,Champions,3.0474,1.7917,0.8297,0.8052,2.8554,0.5422,0.3135,0.0,0.2287,0,0.1567
64ad24ad1337955a,free_trip,2,Dormant,0.5721,11.1451,8.9158,1.9705,1.4932,1.6472,0.5176,0.7719,0.3577,0,0.2588
64cc953ef7017e22,free_trip,0,Dormant,0.5626,10.896,8.6966,1.923,1.438,1.6075,0.5529,0.7124,0.3422,0,0.2765
64d98a863a5afa43,spend_10,2,Champions,0.7892,2.7924,1.9577,0.5705,4.8987,0.251,0.5284,0.0,-0.2774,0,0.2642
64f350405a2de16d,free_trip,1,Dormant,0.602,11.3601,9.0809,2.011,1.392,1.6811,0.5364,0.7658,0.3789,0,0.2682
64fc23f95ee1ae49,free_trip,5,Dormant,0.7341,12.1904,9.7102,2.1691,2.2764,1.8133,0.6221,0.6903,0.5009,0,0.311
650ea1f54f42961f,offpeak_15,3,At risk,0.7975,0.551,0.3254,0.2332,1.2794,0.1289,-0.0153,0.1555,-0.0114,0,-0.0076
652320c8cf5efb37,spend_10,4,Occasional,0.707,0.8769,0.5776,0.2668,0.7645,0.1801,0.065,0.0,0.1152,0,0.0325
6525ac9a51ab8773,free_trip,1,Dormant,0.7609,12.0751,9.5983,2.1514,2.0457,1.7985,0.6506,0.8143,0.3336,0,0.3253
65293720605ae51b,free_trip,0,Dormant,0.5568,10.5326,8.4111,1.8625,1.5928,1.5569,0.5179,0.6592,0.3798,0,0.259
652a5de03aa16250,free_trip,0,Dormant,0.5092,10.1488,8.1104,1.7902,1.5871,1.4965,0.4964,0.6191,0.381,0,0.2482
652cf93777a4c6f0,spend_10,2,Champions,1.9928,3.2948,2.3496,0.9018,3.3581,0.7,0.0867,0.0,0.6133,0,0.0434
6533c106fc6f8ba4,free_trip,4,Dormant,0.5712,10.7843,8.6119,1.9072,2.0799,1.5943,0.5304,0.624,0.4399,0,0.2652
653c11ba861ed48d,free_trip,4,At risk,0.6994,10.1448,8.0456,1.8162,1.8538,1.5914,0.566,0.6183,0.4071,0,0.283
6545a085cc9cd42d,free_trip,1,Dormant,0.5122,10.1094,8.0282,1.7737,2.1261,1.4827,0.6151,0.4678,0.3997,0,0.3076
656f85929d8b37c3,free_trip,2,Dormant,0.5149,10.2669,8.1793,1.8057,1.0826,1.5094,0.5638,0.5864,0.3592,0,0.2819
657177ef100d47bb,spend_10,4,Loyal,2.5332,4.19,2.9853,1.1461,3.3672,0.6933,0.1171,0.0,0.5762,0,0.0586
65741f158befec98,spend_10,5,Champions,1.3493,3.5877,2.6968,0.8403,3.7524,0.6094,0.1011,0.0,0.5082,0,0.0506
658947de1d873029,spend_10,2,Champions,0.7861,11.7741,9.5345,2.1434,8.4381,1.6672,0.1926,0.0,1.4746,0,0.0963
65931ce4d85c7ded,free_trip,5,Occasional,0.5604,11.5414,9.2504,2.0375,2.6311,0.9144,0.507,0.3139,0.0935,0,0.2535
65a053ffef212c8b,spend_10,1,Champions,1.8043,3.4641,2.5273,0.8996,2.6628,0.6749,0.0744,0.0,0.6005,0,0.0372
65a4184955b0815a,free_trip,4,Dormant,0.5181,10.1178,8.0903,1.7878,1.9935,1.4945,0.4792,0.6902,0.3251,0,0.2396
65aa8630f0c10774,free_trip,2,Dormant,0.8477,12.1132,9.657,2.1817,1.4189,1.8237,0.5491,0.9031,0.3715,0,0.2746
65b522056174e097,spend_10,3,Champions,1.4721,7.3297,5.7504,1.5,4.9126,0.9334,0.1585,0.0,0.775,0,0.0792
65bb9bc01c03114b,free_trip,3,Dormant,0.5458,10.5898,8.4526,1.8688,1.6296,1.5622,0.5368,0.6368,0.3887,0,0.2684
65c088c3f59dcbb1,free_trip,4,Dormant,0.5182,10.3108,8.2376,1.8185,1.3897,1.5201,0.5095,0.6835,0.3272,0,0.2547
65e593f59fc40a9f,free_trip,4,Dormant,0.5196,10.3191,8.2496,1.8212,1.5698,1.5224,0.4965,0.6988,0.3272,0,0.2482
65f377ec973182b6,free_trip,4,Dormant,0.5179,10.257,8.1842,1.8073,0.9875,1.5108,0.531,0.6196,0.3601,0,0.2655
66030af93fd33df5,free_trip,2,Dormant,0.5471,10.6455,8.4966,1.8782,1.6554,1.5701,0.5413,0.627,0.4018,0,0.2706
660a8d0d47a4a2ff,free_trip,3,Dormant,0.5399,10.4941,8.3699,1.8504,0.9345,1.5468,0.5475,0.627,0.3723,0,0.2738
662b124c5ac53b54,free_trip,5,Dormant,0.5299,10.5089,8.3969,1.854,1.6527,1.5498,0.516,0.6689,0.3649,0,0.258
662e6b3d9283983a,free_trip,0,Dormant,0.5167,10.3816,8.293,1.8296,2.4279,1.5295,0.518,0.6565,0.355,0,0.259
664c4feeef2200eb,offpeak_15,5,Loyal,9.0525,5.6328,3.1194,2.5279,5.3898,1.2722,-0.0292,1.405,-0.1036,0,-0.0146
6665ed5368fa494f,free_trip,5,Dormant,0.532,10.3725,8.2731,1.8287,1.5517,1.5287,0.5413,0.5937,0.3937,0,0.2706
6669e74b9e8f0372,free_trip,1,At risk,0.4513,10.858,8.727,1.9062,2.5157,1.2405,0.4497,0.4973,0.2935,0,0.2249
666de4fddebd3111,free_trip,2,At risk,1.004,10.5912,8.3565,1.944,1.8694,1.2339,0.5815,0.4228,0.2297,0,0.2907
667221dbf2f12cef,spend_10,1,Champions,1.8749,2.0484,1.2717,0.6535,6.1987,0.3455,0.2463,0.0,0.0992,0,0.1232
66774ca0b3112640,spend_10,1,Champions,2.1176,1.6999,1.008,0.6491,1.67,0.6594,0.0857,0.0,0.5738,0,0.0428
668931544c215914,free_trip,5,At risk,0.704,11.3755,9.1483,2.0462,1.6114,1.0867,0.3621,0.5391,0.1856,0,0.181
668c474bb37124f6,spend_10,1,Champions,2.6855,3.1247,1.9919,0.9714,2.3944,0.9018,0.3229,0.0,0.5789,0,0.1615
66919b14f73d42e3,spend_10,3,Champions,1.269,1.302,0.8194,0.4337,2.6634,0.3625,0.0977,0.0,0.2648,0,0.0489
66af9ee1c407a285,spend_10,3,Champions,2.2695,7.9002,5.9357,1.7041,3.4304,1.2613,0.521,0.0,0.7403,0,0.2605
66cfb98653f05e00,free_trip,1,Dormant,0.5234,10.2956,8.2477,1.8216,0.6621,1.5228,0.4527,0.7265,0.3435,0,0.2264
66d4156c2525f103,free_trip,0,At risk,1.1523,12.7631,10.155,2.3483,2.376,1.5131,0.5197,0.6511,0.3423,0,0.2598
66ea01ba16f2ff9e,free_trip,1,Dormant,0.5351,10.4342,8.2692,1.8285,2.5326,1.5285,0.6729,0.4672,0.3884,0,0.3364
66f92dbb78089b87,free_trip,4,Dormant,0.5546,10.5085,8.3894,1.8575,1.5946,1.5528,0.5232,0.6652,0.3644,0,0.2616
67044f6fa1872485,spend_10,3,Champions,1.5676,1.3249,0.7455,0.4804,4.1147,0.2501,0.1982,0.0,0.0519,0,0.0991
67064ff87fa92485,spend_10,2,Champions,2.2667,4.77,3.5227,1.2024,4.1016,0.5639,0.0899,0.0,0.474,0,0.045
6711c4179d45ec69,offpeak_15,5,Champions,34.4009,35.9113,23.8942,12.1069,12.5817,7.67,-0.1797,7.6461,0.2036,0,-0.0898
672452f559e771fc,free_trip,4,Dormant,0.9879,11.1798,8.8632,2.0459,1.3076,1.7102,0.5415,0.7879,0.3808,0,0.2708
674617eb789ad036,free_trip,1,Dormant,0.5456,10.7433,8.6133,1.9021,1.2958,1.5901,0.4557,0.7227,0.4117,0,0.2278
6752667a66c3d65f,free_trip,5,Dormant,0.4954,9.9364,7.9368,1.7512,1.8718,1.4639,0.4968,0.5916,0.3755,0,0.2484
6754f68bc2d24667,spend_10,2,Loyal,3.6304,2.5136,1.4184,1.0485,2.1394,0.6772,0.0933,0.0,0.5838,0,0.0467
675765ab2b534e00,spend_10,3,Champions,1.0088,1.0756,0.6625,0.3471,2.581,0.3085,0.132,0.0,0.1766,0,0.066
675acb44cc9d2f2c,free_trip,2,Dormant,0.4959,9.976,7.9658,1.7574,1.3449,1.469,0.5057,0.6294,0.3339,0,0.2529
676207d7e56edeb6,free_trip,0,Dormant,0.5771,10.829,8.6422,1.9147,1.5,1.6006,0.5441,0.6685,0.3881,0,0.272
67635fb5d831bd2c,free_trip,3,Occasional,1.2055,15.5103,12.4287,2.8316,1.5532,1.5637,0.5001,0.7604,0.3032,0,0.25
677667a184a0c59f,spend_10,2,Champions,1.6858,1.6934,1.0608,0.5704,5.8264,0.4386,0.1245,0.0,0.3141,0,0.0622
67800e4db8e44819,free_trip,2,Dormant,0.5689,10.6486,8.5022,1.8839,1.358,1.5748,0.5249,0.668,0.382,0,0.2625
678fec2a66ca8b54,free_trip,1,At risk,0.7252,11.678,9.3381,2.09,1.9362,1.4245,0.4999,0.5967,0.328,0,0.2499
679f4ca7c265c546,free_trip,2,Dormant,0.5614,10.5118,8.3905,1.8592,1.4288,1.5542,0.5241,0.6754,0.3547,0,0.262
67a23a012016c895,free_trip,2,Dormant,0.4974,9.9693,7.9639,1.7573,1.7502,1.469,0.4964,0.5916,0.381,0,0.2482
67bec7f10799c4f3,free_trip,2,Dormant,0.5425,10.6431,8.4922,1.8764,1.1265,1.5685,0.5491,0.6039,0.4155,0,0.2745
67c636c96a3b2a6c,free_trip,5,Dormant,0.5382,10.6884,8.5255,1.8824,1.3264,1.5736,0.561,0.6601,0.3524,0,0.2805
67c6e280cd4a6832,free_trip,2,Dormant,0.5173,10.3195,8.2502,1.8209,1.0593,1.5221,0.4968,0.6072,0.4181,0,0.2484
67c9cfdb57d1d8a6,free_trip,1,Dormant,0.5078,10.0104,8.0039,1.7677,1.6992,1.4777,0.4776,0.6729,0.3272,0,0.2388
67da3d2ebb154009,spend_10,3,Champions,0.7748,4.8418,3.7372,0.9371,6.8858,0.5624,0.335,0.0,0.2274,0,0.1675
67dcea9705dd0880,spend_10,5,Champions,2.3607,2.8538,1.9293,0.8909,2.6207,0.6729,0.0672,0.0,0.6057,0,0.0336
67f0d7d2e828adb1,free_trip,5,Dormant,0.4949,9.9132,7.9178,1.7472,1.7967,1.4605,0.4965,0.6472,0.3169,0,0.2482
680637745315b927,spend_10,0,Champions,1.5881,1.471,0.8896,0.5146,3.7303,0.3331,0.1336,0.0,0.1995,0,0.0668
6822725dff4907aa,spend_10,5,Champions,1.7219,0.9458,0.4393,0.4489,3.1374,0.3015,0.1152,0.0,0.1863,0,0.0576
6835ebabb8caa05b,free_trip,1,Dormant,0.8404,11.7286,9.3375,2.1138,1.5814,1.767,0.5545,0.7934,0.4191,0,0.2773
685ff81dee2e01b4,free_trip,2,Dormant,0.4929,9.8714,7.8761,1.7381,1.2897,1.453,0.5144,0.6114,0.3272,0,0.2572
68799ad0ef019eb0,spend_10,3,Loyal,2.4023,1.4125,0.7277,0.65,1.5893,0.5684,0.0695,0.0,0.4989,0,0.0347
68876d6f118acf2d,offpeak_15,4,Champions,16.5082,6.6707,2.7027,3.9898,8.3476,3.6769,-0.0435,3.7464,-0.0261,0,-0.0217
68ab0d51644553b8,free_trip,4,At risk,0.7549,12.772,10.2105,2.2773,3.4574,1.1564,0.5683,0.3609,0.2271,0,0.2841
68c28a151b186581,spend_10,0,Champions,2.5702,2.2009,1.3309,0.8102,1.7512,0.7972,0.1197,0.0,0.6775,0,0.0599
68c4e62b57339a69,free_trip,0,Dormant,0.5513,10.7766,8.6086,1.9024,1.7142,1.5903,0.5313,0.6997,0.3592,0,0.2657
68cc3184f584a8ca,free_trip,2,Dormant,0.6328,11.8621,9.4768,2.0996,1.7423,1.7551,0.5713,0.7828,0.4011,0,0.2856
68e5f37c4eafbfee,free_trip,1,Dormant,0.5387,10.623,8.4605,1.869,1.2651,1.5624,0.5869,0.6002,0.3753,0,0.2934
68e685a3f617fd96,free_trip,2,Dormant,0.5182,10.289,8.2105,1.8128,1.3286,1.5154,0.5313,0.6504,0.3337,0,0.2657
68eb330458a796de,spend_10,0,Occasional,0.9431,1.0703,0.678,0.3367,1.2501,0.1892,0.1112,0.0,0.078,0,0.0556
68f53f82b419d803,free_trip,5,Dormant,0.6781,12.1818,9.7168,2.1589,1.6449,1.8047,0.6123,0.8253,0.3671,0,0.3061
68feae3c6ef8002f,free_trip,0,Dormant,0.5232,10.3157,8.23,1.8179,1.5887,1.5197,0.5356,0.629,0.3551,0,0.2678
690c894ce6e9d3dd,free_trip,1,Dormant,0.5555,10.7154,8.556,1.8923,1.1898,1.5819,0.5341,0.6946,0.3531,0,0.267
691ead3f1441092b,offpeak_15,4,Champions,27.8643,21.582,13.0776,8.503,13.98,6.9355,0.0028,7.1315,-0.1988,0,0.0014
6920f2f72d4f6bf1,weekend_20,1,Occasional,1.801,1.5182,0.9708,0.5757,1.3845,0.2627,-0.0565,-0.0416,0.3608,0,-0.0282
69245da8e877512c,free_trip,5,Dormant,0.5305,10.5135,8.3819,1.851,1.3754,1.5473,0.5611,0.6396,0.3466,0,0.2806
6944528b0c08be07,free_trip,0,Dormant,0.5741,10.9103,8.7065,1.9274,1.366,1.6112,0.5527,0.6403,0.4182,0,0.2763
694969be8f000c4d,free_trip,4,Dormant,0.6989,12.4071,9.9222,2.2058,1.1083,1.8439,0.5582,0.8896,0.3961,0,0.2791
6966a1fb672b64a0,free_trip,4,Dormant,0.8427,11.9323,9.5073,2.1495,1.4798,1.7969,0.5508,0.8392,0.4069,0,0.2754
696d9bbdacc0cf6e,free_trip,5,Dormant,0.5224,10.3472,8.2826,1.8287,1.5858,1.5286,0.4718,0.6988,0.358,0,0.2359
69781b4968885ed4,free_trip,5,Dormant,0.5152,10.3372,8.2379,1.8179,1.1582,1.5196,0.5628,0.6254,0.3314,0,0.2814
697efedc8aa567e1,free_trip,1,Dormant,0.5377,10.4506,8.3533,1.8465,1.4708,1.5436,0.5014,0.624,0.4182,0,0.2507
698227c1e28b6e40,free_trip,4,Dormant,0.5434,10.6077,8.4743,1.8728,1.6785,1.5656,0.521,0.6844,0.3601,0,0.2605
698bc4077984d96b,free_trip,2,Dormant,0.4994,9.9804,7.9887,1.7628,1.3288,1.4736,0.4578,0.588,0.4279,0,0.2289
699677741d25826f,spend_10,3,Champions,1.7419,5.4155,4.1632,1.2264,3.4732,1.0408,0.0517,0.0,0.9891,0,0.0259
6997f7e14646a199,free_trip,3,Dormant,0.5405,10.6624,8.5166,1.881,1.1766,1.5724,0.5297,0.699,0.3438,0,0.2648
699ecaef250ce75f,spend_10,4,Champions,0.9666,4.4525,3.4521,0.9177,2.8021,0.8119,0.1653,0.0,0.6466,0,0.0827
699f39699b30ffce,free_trip,3,Dormant,0.5102,10.2246,8.1814,1.8051,2.1913,1.509,0.476,0.684,0.3489,0,0.238
69a32eb980245fe9,offpeak_15,2,Champions,23.6571,14.1418,7.5488,6.481,8.6916,5.8574,0.2243,5.6586,-0.0254,0,0.1121
69acab4f225d5703,free_trip,5,Dormant,0.4916,9.8892,7.8985,1.7425,1.4024,1.4566,0.4964,0.5893,0.371,0,0.2482
69b2c28c530bdb04,spend_10,1,Champions,0.7703,4.0275,3.0814,0.7999,10.3586,0.4331,0.2923,0.0,0.1408,0,0.1461
69cccb979c31a202,free_trip,4,Dormant,0.512,10.1243,8.0949,1.7875,1.5358,1.4943,0.4838,0.6833,0.3272,0,0.2419
69eb692aacaf2b5d,free_trip,4,Dormant,0.5304,10.3643,8.2852,1.8309,1.556,1.5305,0.4963,0.675,0.3592,0,0.2481
69f4d8c82b577aa9,free_trip,1,Dormant,0.5487,10.6311,8.4976,1.8788,1.3726,1.5705,0.5095,0.6825,0.3785,0,0.2547
69f84f67955a9799,free_trip,0,Dormant,0.5386,10.6058,8.4639,1.8697,1.4208,1.5629,0.5445,0.6196,0.3988,0,0.2722
6a03f013ce570940,offpeak_15,5,Champions,20.3735,9.6275,4.5015,5.1661,13.1496,2.3964,-0.0804,2.7085,-0.2317,0,-0.0402
6a1c61c237879b09,spend_10,0,Champions,1.9175,3.8026,2.7715,0.9738,2.3765,0.8544,0.1145,0.0,0.7399,0,0.0572
6a30e7ff24b8550e,free_trip,2,Dormant,1.2394,13.546,10.7214,2.4841,2.0419,2.0765,0.6811,0.9413,0.4541,0,0.3405
6a31a450d8d5fc05,free_trip,5,Occasional,0.9475,13.4754,10.7738,2.4343,3.1974,0.9569,0.5346,0.2842,0.1381,0,0.2673
6a416836ca95d5bc,offpeak_15,3,Loyal,5.6415,6.1018,4.1206,2.0274,4.5955,1.4402,-0.0925,1.5845,-0.0518,0,-0.0462
6a41a9f08958e4e4,free_trip,1,Dormant,0.5466,10.6043,8.4721,1.873,1.8535,1.5657,0.5183,0.6882,0.3592,0,0.2592
6a48d224e3b9eaa7,spend_10,5,Champions,0.7007,10.7509,8.7548,1.9638,5.1962,1.4209,0.0647,0.0,1.3562,0,0.0324
6a4a45c3f8fbef11,spend_10,4,Champions,2.7758,1.3152,0.5551,0.6918,1.0908,0.7924,0.1367,0.0,0.6556,0,0.0684
6a605efcdbff6820,spend_10,2,Champions,1.4463,1.0814,0.5136,0.407,3.6684,0.3429,0.3216,0.0,0.0213,0,0.1608
6a738b3f1bacc3b2,weekend_20,1,Loyal,2.1339,1.1908,0.6434,0.5768,1.7816,0.2986,-0.0589,-0.0986,0.4561,0,-0.0294
6a7681a8f2b0df0b,spend_10,3,Champions,1.7591,1.6897,0.9669,0.5662,1.3295,0.8459,0.3131,0.0,0.5328,0,0.1566
6a7b8acab729ab53,spend_10,2,Champions,1.2463,17.0069,13.7546,3.1154,7.7193,2.9751,0.2736,0.0,2.7015,0,0.1368
6a8a94f90ac95a2c,free_trip,4,Dormant,0.4966,9.9502,7.9501,1.7542,1.5584,1.4664,0.4918,0.5936,0.381,0,0.2459
6a8cfab9fd4918bb,free_trip,1,At risk,1.1709,15.7179,12.5423,2.848,1.8487,1.6354,0.6551,0.6106,0.3698,0,0.3275
6ab250fac4369dc5,free_trip,5,Dormant,0.5225,10.3682,8.2761,1.8273,1.4085,1.5275,0.5297,0.681,0.3169,0,0.2648
6abce24eba2e9399,free_trip,5,Dormant,0.5159,10.2168,8.165,1.8029,2.1745,1.5071,0.498,0.6195,0.3897,0,0.249
6ada872f2111ed23,spend_10,1,Champions,2.7653,1.4133,0.6624,0.7119,2.1178,0.6758,0.0781,0.0,0.5977,0,0.0391
6b01d96746b24b9e,offpeak_pass,4,Loyal,0.5209,0.4898,0.3135,0.1733,1.1346,0.1954,0.006,0.1894,0.0,0,0.003
6b0c9dc95fdd3a45,spend_10,4,Loyal,2.427,2.0326,1.2132,0.756,1.4157,0.5781,0.1267,0.0,0.4514,0,0.0633
6b169f9fed348ca1,free_trip,5,Dormant,0.5132,10.1693,8.1377,1.7966,1.8745,1.5019,0.4698,0.6993,0.3328,0,0.2349
6b1ecbcbb7a6e62b,free_trip,4,Dormant,0.5696,10.8152,8.6203,1.9086,1.7562,1.5955,0.5726,0.6625,0.3604,0,0.2863
6b24b2110671805c,free_trip,1,Dormant,0.4975,10.0254,8.0064,1.7661,1.2307,1.4764,0.5057,0.6041,0.3666,0,0.2529
6b5a5764a19e3f27,spend_10,5,Loyal,2.3285,6.6341,5.0547,1.5334,4.8573,0.8982,0.0921,0.0,0.806,0,0.0461
6b5e91ebfd5fbd68,free_trip,5,Dormant,0.6146,11.5398,9.2234,2.0432,1.7199,1.708,0.5463,0.7499,0.4119,0,0.2731
6b629dcf284f4e69,free_trip,3,At risk,0.8459,12.2044,9.7311,2.1967,1.1686,1.3754,0.5533,0.5107,0.3114,0,0.2766
6b6452ac78b170e3,free_trip,1,Dormant,0.6172,11.5065,9.1924,2.0373,2.0591,1.7031,0.5535,0.7874,0.3622,0,0.2767
6b6f82bb939b6d35,free_trip,4,Dormant,0.5059,10.0911,8.0576,1.7785,1.9226,1.4867,0.5099,0.6497,0.3272,0,0.2549
6b9ca47bc8db219b,spend_10,4,Champions,0.9518,1.1725,0.7331,0.3499,4.1312,0.2784,0.1791,0.0,0.0992,0,0.0896
6bacdce55d60f9b6,free_trip,3,Dormant,0.5241,10.3519,8.2689,1.8262,1.1616,1.5266,0.5136,0.6529,0.3601,0,0.2568
6bc91ef876b97d57,offpeak_15,1,Champions,21.0003,10.1079,4.7638,5.3508,10.3353,3.1218,-0.0132,3.3308,-0.1958,0,-0.0066
6bd3c195f8d65e06,weekend_20,5,Occasional,1.4597,0.8932,0.4973,0.4064,1.4066,0.2514,-0.0211,-0.035,0.3075,0,-0.0105
6bdf3d00c414dbe7,free_trip,1,Dormant,0.5685,10.9495,8.7382,1.9328,1.4181,1.6157,0.5568,0.6997,0.3592,0,0.2784
6be975e7e35ca6ff,free_trip,2,Dormant,0.5717,10.9323,8.727,1.9312,2.4311,1.6144,0.5481,0.6784,0.3878,0,0.2741
6c29225ab098d302,free_trip,2,Dormant,0.6513,12.1298,9.681,2.1459,1.8475,1.7938,0.6058,0.7813,0.4067,0,0.3029
6c319979618bd98f,free_trip,5,Dormant,0.6335,11.6757,9.3418,2.0717,1.49,1.7318,0.5243,0.7761,0.4314,0,0.2622
6c3781a2c05038aa,spend_10,3,Champions,2.1158,2.535,1.6642,0.7851,5.3476,0.6338,0.1713,0.0,0.4625,0,0.0857
6c46dffbe89739ac,free_trip,5,Dormant,1.2038,11.3869,8.9955,2.1182,1.4142,1.7707,0.5465,0.8416,0.3826,0,0.2732
6c4901ed3a573dfd,spend_10,0,Occasional,3.1353,2.2031,1.266,0.9141,2.7007,0.3043,0.0461,0.0222,0.236,0,0.023
6c49fca05910ad9a,free_trip,5,Dormant,0.5054,10.1063,8.0615,1.7792,1.094,1.4873,0.5313,0.6275,0.3284,0,0.2657
6c4d6b7358cc5a59,free_trip,2,Dormant,0.6203,11.4588,9.1554,2.0303,1.3893,1.6972,0.5463,0.7801,0.3707,0,0.2732
6c53a724b5ebd697,free_trip,2,Dormant,0.5866,10.9097,8.7154,1.9319,2.5453,1.6149,0.5249,0.6851,0.4049,0,0.2625
6c71b887ea61d710,free_trip,0,Dormant,0.5266,10.3728,8.2918,1.8314,1.8694,1.531,0.4991,0.6834,0.3484,0,0.2496
6c7ad71e0bf5a432,spend_10,4,Loyal,2.754,1.4982,0.7582,0.7294,1.947,0.5751,0.0211,0.0,0.554,0,0.0106
6c837adccef539b0,free_trip,5,Dormant,0.7035,12.3747,9.8795,2.1979,1.483,1.8373,0.5945,0.828,0.4148,0,0.2973
6c8a0eab0407c25b,free_trip,5,Dormant,0.5204,10.2792,8.2003,1.8111,1.2705,1.514,0.5355,0.5759,0.4026,0,0.2677
6ca8074789d6ae5b,spend_10,5,Champions,2.5379,3.0459,2.0545,0.9538,2.6123,0.7265,0.0754,0.0,0.6511,0,0.0377
6cad8944f720b885,free_trip,3,Dormant,0.5133,10.3225,8.1827,1.806,1.7388,1.5097,0.6676,0.4677,0.3744,0,0.3338
6cd5438eb97c54f0,free_trip,3,At risk,0.6773,10.6098,8.4072,1.8867,1.6245,1.6637,0.6318,0.6695,0.3625,0,0.3159
6cdbba16723cc3cf,spend_10,3,Champions,2.6347,4.9078,3.5096,1.2761,2.2513,0.8638,0.2443,0.0,0.6195,0,0.1221
6cde3aee08cdb156,free_trip,3,At risk,1.0077,10.3939,8.1897,1.9102,2.4399,1.1567,0.5881,0.3138,0.2547,0,0.2941
6ce1f0f7fe24e48e,spend_10,3,Champions,1.8229,6.1927,4.7533,1.3658,5.4643,0.8777,0.1473,0.0,0.7304,0,0.0736
6ce229e739ae058b,free_trip,5,Dormant,0.5645,11.1091,8.887,1.9629,1.5661,1.6409,0.5183,0.6996,0.4231,0,0.2591
6d348e2ac74af42a,free_trip,2,Dormant,0.5576,10.3927,8.2919,1.8379,1.7015,1.5364,0.5257,0.6492,0.3614,0,0.2629
6d36b58e57365ed8,spend_10,3,Champions,1.0356,8.442,6.7088,1.6084,5.5876,1.5248,0.2495,0.0,1.2754,0,0.1247
6d4e24eb189c038f,free_trip,0,Dormant,0.5096,10.1137,8.0662,1.7811,1.2253,1.4889,0.5329,0.5856,0.3704,0,0.2664
6d6d22b4c8a9b596,free_trip,2,Dormant,1.2692,11.7942,9.3275,2.2008,1.3104,1.8397,0.5319,0.894,0.4138,0,0.2659
6d6d9e621b5e1352,free_trip,3,Dormant,0.6021,11.3732,9.0961,2.0142,1.6652,1.6837,0.5259,0.777,0.3808,0,0.263
6d772f0529a26f84,spend_10,1,Champions,2.2016,1.0809,0.4175,0.5439,1.501,0.49,0.2388,0.0,0.2512,0,0.1194
6d7bc50dd19809b4,pct_10,4,Champions,39.7113,38.7108,24.741,13.3857,26.6448,10.9584,1.1682,6.3424,3.4477,0,0.5841
6d825c20f7110782,free_trip,4,Dormant,0.5293,10.5321,8.4161,1.8578,1.175,1.553,0.5164,0.6224,0.4143,0,0.2582
6d8905676c2457a4,free_trip,0,Dormant,0.543,10.6412,8.5056,1.8792,1.1289,1.5709,0.5127,0.699,0.3592,0,0.2564
6da8c591cb7875dc,weekend_20,0,Loyal,2.8046,1.8577,1.1015,0.8112,1.3156,0.567,-0.1102,-0.016,0.6932,0,-0.0551
6db6d6a7c7f0f7ad,free_trip,2,Dormant,0.5258,10.3761,8.285,1.8299,1.3222,1.5297,0.5224,0.606,0.4012,0,0.2612
6dbeadc1816438da,free_trip,0,Dormant,0.5585,11.0082,8.8021,1.944,1.6162,1.6251,0.5242,0.7123,0.3886,0,0.2621
6dcd7a5dbdbc34a2,free_trip,0,Dormant,0.4946,9.9855,7.9647,1.7569,1.6431,1.4686,0.5278,0.4752,0.4656,0,0.2639
6dd1a316c1534728,weekend_20,3,Loyal,2.681,2.0812,1.2784,0.8223,1.6192,0.6072,-0.0391,0.1115,0.5348,0,-0.0195
6ddb0a6f97ba3ecc,free_trip,2,At risk,0.6304,16.9264,13.736,2.9837,5.1261,1.2575,0.4133,0.5161,0.3281,0,0.2066
6de7652a25fed8e4,free_trip,3,Dormant,0.4973,9.9471,7.93,1.7502,1.8152,1.4631,0.5339,0.5998,0.3293,0,0.2669
6e0b3ce74c2d7b68,spend_10,0,Champions,1.6574,1.6701,1.0593,0.5642,1.5184,0.6272,0.0932,0.0,0.534,0,0.0466
6e1a001edb1b133b,free_trip,2,Dormant,0.4965,9.8993,7.9138,1.7467,1.1777,1.4601,0.4776,0.6568,0.3256,0,0.2388
6e2d9b094fc37be0,weekend_20,3,Occasional,1.687,0.9594,0.5431,0.4632,1.7205,0.2367,-0.0939,-0.1219,0.4525,0,-0.0469
6e381c6d7063af99,free_trip,2,Dormant,0.6111,11.582,9.2563,2.0493,1.9906,1.7131,0.5529,0.8116,0.3486,0,0.2764
6e4c16b2bb57a9da,free_trip,5,Dormant,0.6406,11.9481,9.5219,2.1106,2.4683,1.7643,0.6312,0.763,0.3701,0,0.3156
6e71f0e2f9c769a6,free_trip,5,Occasional,0.7085,11.9973,9.6031,2.1416,1.6134,1.4776,0.5053,0.6657,0.3066,0,0.2526
6e77ea0e636356dd,free_trip,3,Dormant,0.5378,10.5851,8.4477,1.8661,1.129,1.56,0.5425,0.6201,0.3973,0,0.2713
6e89a34e544d7fe9,free_trip,3,Occasional,2.2644,18.4323,14.5808,3.4985,3.8835,1.9369,0.7062,0.8615,0.3692,0,0.3531
6e908ce60bfb3ed6,weekend_20,4,Dormant,0.6744,0.5352,0.3304,0.2087,0.478,0.1744,-0.0078,-0.0096,0.1918,0,-0.0039
6e92b6c8b3e4f4b2,spend_10,1,Champions,1.0511,0.7099,0.3319,0.2872,2.6827,0.2672,0.1815,0.0,0.0857,0,0.0907
6eb5ecdab496910c,free_trip,4,Dormant,0.5928,11.3622,9.0812,2.0091,1.6552,1.6795,0.5437,0.7797,0.3561,0,0.2719
6ed0bbd709b919e6,offpeak_15,3,Champions,16.1165,10.2281,5.635,4.5174,8.2861,3.7119,0.1514,3.5984,-0.0379,0,0.0757
6ee1badca01ef5e5,free_trip,1,Dormant,0.5122,10.1666,8.1295,1.7947,1.9184,1.5003,0.4847,0.596,0.4195,0,0.2424
6ee4f5e102f5d701,free_trip,4,Dormant,0.629,11.8697,9.4675,2.0969,1.651,1.7529,0.6107,0.7639,0.3783,0,0.3053
6f11b29bbaf0e804,spend_10,3,Champions,3.0274,2.7646,1.7373,0.9896,2.112,0.9017,0.0755,0.0,0.8262,0,0.0377
6f20b8a33b64c5a6,free_trip,5,Dormant,0.6211,11.5604,9.2421,2.0484,1.1947,1.7124,0.5397,0.7362,0.4365,0,0.2699
6f2654928a50396d,offpeak_15,3,Occasional,0.7665,0.9242,0.6342,0.2909,1.9165,0.1031,-0.0017,0.1255,-0.0206,0,-0.0009
6f2963291cdfcba4,free_trip,4,Dormant,0.5523,10.6918,8.5436,1.8891,1.5327,1.5791,0.5183,0.6722,0.3887,0,0.2592
6f2d5490095b52b6,free_trip,1,Dormant,0.579,11.0117,8.7945,1.9467,3.198,1.6273,0.541,0.6687,0.4176,0,0.2705
6f40b1d4ab379a50,spend_10,3,Champions,1.4017,1.9074,1.2998,0.5611,3.7942,0.4353,0.093,0.0,0.3422,0,0.0465
6f41ee08f1da3530,free_trip,5,Dormant,0.4957,9.8986,7.9109,1.7459,1.5736,1.4595,0.4836,0.6513,0.3246,0,0.2418
6f45aaf408034913,spend_10,5,Champions,1.2817,3.0042,2.1403,0.7107,4.3782,0.4285,0.3064,0.0,0.1221,0,0.1532
6f5817796e32482c,free_trip,3,Dormant,0.6539,12.1276,9.6617,2.1424,1.057,1.7909,0.6469,0.771,0.373,0,0.3235
6f5c55cddf0febb9,spend_10,2,Champions,2.4701,3.046,2.0511,0.939,2.3264,0.7947,0.112,0.0,0.6828,0,0.056
6f6f012a5f8e8eb0,spend_10,3,Champions,1.6247,27.9436,22.4273,4.9952,18.5646,4.6189,1.0423,0.0,3.5766,0,0.5211
6f6f5246869fd612,free_trip,1,Dormant,0.5305,10.4692,8.3377,1.8418,0.9939,1.5396,0.5794,0.6083,0.352,0,0.2897
6f7e4a92c69d1a33,free_trip,0,Dormant,0.5211,10.2507,8.1776,1.8066,1.7398,1.5102,0.5329,0.6069,0.3704,0,0.2664
6f87ce2dfb111167,offpeak_15,4,Champions,30.9369,13.386,5.8519,7.6404,12.5016,3.926,-0.2127,4.2592,-0.1205,0,-0.1064
6f9a7b2c7025ed75,offpeak_15,3,Champions,16.3878,8.5078,4.3051,4.2976,7.1569,3.7194,-0.1898,3.8905,0.0187,0,-0.0949
6fae307d9a1a371b,free_trip,4,Dormant,0.5186,10.2121,8.1612,1.8027,1.6675,1.5069,0.4965,0.6833,0.3272,0,0.2482
6fce964ba3192444,free_trip,0,Dormant,0.6088,11.5665,9.2553,2.0486,2.0186,1.7125,0.5251,0.7523,0.4352,0,0.2625
7017964a9e3583d2,offpeak_15,1,Champions,17.7501,7.2967,2.9533,4.2998,5.2616,4.2165,0.0872,4.3006,-0.1713,0,0.0436
701efc63d1ae1414,weekend_20,1,Occasional,1.3839,0.786,0.4383,0.3784,1.3274,0.1354,-0.0615,-0.0867,0.2836,0,-0.0308
7040bcedb6a23491,spend_10,3,Champions,0.8774,1.2151,0.7545,0.3389,3.232,0.4134,0.2434,0.0,0.17,0,0.1217
7076ee1930cd11b4,weekend_20,0,Loyal,2.1599,1.6105,0.9332,0.6424,1.4002,0.5326,0.0697,-0.0412,0.5042,0,0.0349
70811c51533c394c,spend_10,0,Champions,1.4249,5.3598,4.147,1.1572,2.4303,0.9853,0.111,0.0,0.8742,0,0.0555
70816cc6956fb012,spend_10,0,Champions,0.8583,10.3503,8.3921,1.9212,4.1433,1.4657,0.074,0.0,1.3917,0,0.037
70f4a6219c4582b4,free_trip,4,Dormant,0.5092,10.1701,8.1208,1.7923,0.9838,1.4983,0.514,0.6571,0.3272,0,0.257
70f70edc5d379926,free_trip,5,Dormant,0.5463,10.535,8.4091,1.8599,1.3354,1.5547,0.5321,0.6516,0.3711,0,0.266
710dedc84591f9ef,spend_10,5,Champions,2.9253,8.1293,6.1838,1.8918,10.2785,0.5943,0.1072,0.0,0.4871,0,0.0536
71132ace4e4f074a,spend_10,4,Champions,1.1854,5.5588,4.2484,1.1285,5.8778,0.7155,0.3637,0.0,0.3518,0,0.1819
71213e953d8f9905,free_trip,4,Dormant,0.5401,10.6106,8.4666,1.8706,1.4319,1.5637,0.5468,0.6577,0.3592,0,0.2734
712293b970c48911,free_trip,5,Dormant,0.5968,11.2382,8.9792,1.9888,1.9825,1.6625,0.5405,0.723,0.3991,0,0.2702
713a97bbb99e399c,free_trip,2,Dormant,0.7001,10.3927,8.2832,1.8657,0.7251,1.5596,0.4876,0.7141,0.3579,0,0.2438
714ae61e324a5fba,free_trip,4,Dormant,0.5394,10.6412,8.4861,1.8745,0.6889,1.5669,0.5611,0.6177,0.3881,0,0.2806
7157ce58e74c9e87,free_trip,3,Dormant,0.5587,10.6629,8.5108,1.8836,1.9927,1.5746,0.537,0.6844,0.3531,0,0.2685
7158cd9d77dbae32,rush_hour_25,5,Champions,4.6019,2.0992,0.2275,1.003,2.5533,1.6901,1.7374,0.0748,-0.1221,0,0.8687
715b5a357d02f4eb,free_trip,3,Dormant,0.5038,9.9687,7.9615,1.7581,1.7083,1.4697,0.498,0.6465,0.3251,0,0.249
7169e5681e7c5256,free_trip,0,Dormant,0.6714,12.0194,9.5657,2.1261,1.9011,1.7773,0.6552,0.6716,0.4505,0,0.3276
716c6314c9d917f9,free_trip,1,Dormant,0.5312,10.4231,8.3338,1.8411,1.632,1.5391,0.4965,0.6988,0.3438,0,0.2482
71713645944f37f1,free_trip,4,Dormant,0.5199,10.2508,8.2008,1.8112,1.8386,1.514,0.4776,0.7092,0.3272,0,0.2388
718464485db58182,spend_10,0,Champions,2.4417,5.1896,3.8178,1.3,2.458,0.8922,0.1435,0.0,0.7486,0,0.0718
7192c722099e4bbc,free_trip,5,Dormant,0.6149,11.5166,9.198,2.038,1.4286,1.7036,0.5611,0.7301,0.4124,0,0.2806
71db59dfc4aaf1cc,spend_10,2,Champions,2.0216,3.578,2.4809,0.9351,3.622,0.5268,0.324,0.0,0.2029,0,0.162
71eae6d9b5a332d8,free_trip,0,Dormant,0.5242,10.4283,8.3203,1.8369,1.0849,1.5355,0.5425,0.6297,0.3633,0,0.2712
721b5d452495d47d,offpeak_pass,1,Loyal,0.3704,0.6489,0.4832,0.1773,1.2622,0.2684,-0.0233,0.2916,0.0,0,-0.0116
72587df043bfaed6,free_trip,2,Dormant,0.5021,9.9869,7.9716,1.7599,1.4878,1.4711,0.5109,0.6095,0.3508,0,0.2554
7265c08d4df3eba8,free_trip,3,Dormant,0.5637,10.7912,8.6054,1.9043,1.5334,1.5919,0.5631,0.6555,0.3732,0,0.2816
7270b197eda22d27,spend_10,2,Champions,1.5459,6.0124,4.6903,1.2952,3.5832,1.0893,0.0537,0.0,1.0356,0,0.0269
7273a5bb2f4d77bf,free_trip,1,Dormant,0.5193,10.235,8.163,1.8032,0.9316,1.5073,0.5376,0.5965,0.3732,0,0.2688
728604131be4a56c,spend_10,5,Loyal,2.3416,3.9517,2.8207,1.0721,2.616,0.763,0.1177,0.0,0.6453,0,0.0589
728715b8858cbb2a,free_trip,1,Dormant,0.5326,10.441,8.3484,1.8444,1.6312,1.5418,0.4965,0.6988,0.3466,0,0.2482
72884b9c17a50ecd,spend_10,5,Champions,3.0256,1.9234,1.0403,0.8444,1.8546,0.7153,0.0773,0.0,0.638,0,0.0386
72933b4b0fc49966,free_trip,3,Dormant,0.5666,10.7443,8.5028,1.8836,3.0881,1.5746,0.7157,0.4639,0.395,0,0.3579
72969b2e1c372cac,spend_10,0,Champions,2.6253,6.5994,4.9612,1.5756,4.0243,0.8214,0.1254,0.0,0.696,0,0.0627
72a42cd22059ad7c,free_trip,0,Dormant,0.5029,10.0602,7.9873,1.7633,2.5793,1.474,0.6192,0.4743,0.3805,0,0.3096
72aa79aaecbf4475,free_trip,0,Dormant,0.577,10.9013,8.695,1.9256,2.3279,1.6097,0.5614,0.6867,0.3616,0,0.2807
72adad64823a4482,free_trip,1,Dormant,0.5603,10.8349,8.6548,1.9138,0.7853,1.5998,0.5326,0.661,0.4063,0,0.2663
72aeffd164365fea,spend_10,4,Champions,2.6624,2.2741,1.3574,0.8348,1.698,0.7224,0.1638,0.0,0.5586,0,0.0819
72b0d1c034282263,free_trip,0,Dormant,0.5755,11.1587,8.9374,1.9757,1.5238,1.6515,0.4913,0.8041,0.3561,0,0.2457
72c7cb72a5768956,free_trip,4,Dormant,0.5554,10.7584,8.5973,1.9009,1.8981,1.589,0.5206,0.7092,0.3592,0,0.2603
72d0d3ff1020ea96,spend_10,1,Loyal,3.5957,1.6428,0.6926,0.8906,1.9234,0.6316,0.1191,0.0,0.5124,0,0.0596
72d337d974fa7728,spend_10,5,Loyal,3.0177,1.3755,0.5907,0.7494,3.3378,0.4796,0.0709,0.0,0.4087,0,0.0354
72ec688f5741af5d,free_trip,4,Dormant,0.4948,9.9196,7.9157,1.7467,1.3085,1.4602,0.5144,0.6186,0.3272,0,0.2572
72f5e65f35823ad5,offpeak_15,5,Occasional,1.7588,0.9562,0.5278,0.4749,2.0373,0.2043,-0.093,0.3536,-0.0562,0,-0.0465
72f8cebf8590b979,free_trip,2,Dormant,0.4989,9.9615,7.949,1.7545,1.7814,1.4667,0.516,0.6079,0.3427,0,0.258
73044a29b7801294,free_trip,1,Dormant,0.5034,10.0735,8.0491,1.7762,1.8112,1.4848,0.4964,0.5916,0.3968,0,0.2482
730bd04cc48199df,spend_10,2,Occasional,0.9053,0.6883,0.3599,0.2628,0.9398,0.1653,0.1315,0.0,0.0339,0,0.0657
7325e8bd912fdc23,free_trip,1,Dormant,0.5246,10.3932,8.3101,1.8348,1.3798,1.5338,0.4965,0.6781,0.3592,0,0.2482
7331ce22f05d277f,free_trip,4,At risk,0.8213,13.6928,10.9722,2.4493,2.3595,1.5257,0.5425,0.6272,0.3559,0,0.2713
733f0b77db4e7315,free_trip,5,Dormant,0.5781,10.5898,8.4526,1.8755,2.5068,1.5678,0.5232,0.6652,0.3794,0,0.2616
7340fc9c957134db,spend_10,3,Champions,1.7629,1.2713,0.6859,0.5086,2.6604,0.3934,0.1536,0.0,0.2397,0,0.0768
734a66cb2d9d1621,free_trip,1,Dormant,1.1734,11.4494,9.0626,2.1259,1.7297,1.7771,0.5219,0.8359,0.4193,0,0.2609
734ca499a85729d4,free_trip,4,Dormant,0.5365,10.4532,8.3578,1.8472,1.2631,1.5442,0.4964,0.6946,0.3531,0,0.2482
73645cc371b906e2,free_trip,0,Dormant,0.5172,10.2737,8.1854,1.8074,1.0105,1.5109,0.5618,0.5899,0.3592,0,0.2809
7364fad92256ddd4,weekend_20,4,Loyal,2.737,1.9931,1.2044,0.8186,2.5144,0.5671,-0.0596,0.0002,0.6265,0,-0.0298
736c6690221ec1cc,free_trip,1,Dormant,0.4989,9.958,7.9595,1.7567,1.2325,1.4685,0.4836,0.6592,0.3256,0,0.2418
73942c11ee508404,rush_hour_25,2,Occasional,2.8797,1.5445,0.6203,0.7269,1.1112,0.3394,0.3946,-0.0435,-0.0116,0,0.1973
73963552ac547cf0,spend_10,0,Champions,2.1518,4.4598,3.264,1.1248,3.039,0.9486,0.1421,0.0,0.8065,0,0.0711
73ae481b2cd5ac46,free_trip,0,Dormant,0.4894,9.8687,7.8356,1.729,2.545,1.4453,0.6082,0.4734,0.3637,0,0.3041
73afc7b06ba64553,free_trip,0,Dormant,0.5203,10.2199,8.1752,1.8059,1.5401,1.5096,0.4776,0.6882,0.3438,0,0.2388
73b7a916aafb1932,spend_10,1,Champions,1.955,1.4327,0.784,0.5688,5.3739,0.3367,0.1598,0.0,0.1769,0,0.0799
73c19a34573efa8e,rush_hour_25,5,Loyal,5.0424,2.2282,0.2297,1.0949,2.5149,1.8489,1.8072,0.1223,-0.0806,0,0.9036
73d2a7b217291068,free_trip,3,At risk,0.8324,14.1479,11.3827,2.5369,2.0531,1.3887,0.4566,0.618,0.3141,0,0.2283
73ec1a2c8923387f,spend_10,5,Champions,3.0093,1.6692,0.835,0.7984,1.9788,0.6639,0.0714,0.0,0.5925,0,0.0357
73f28e4876626f41,free_trip,0,Dormant,0.5313,10.5204,8.3997,1.8548,0.8055,1.5505,0.5319,0.5921,0.4265,0,0.2659
73fd478165e0799d,spend_10,4,Champions,2.6075,1.5593,0.7796,0.7034,2.3577,0.6628,0.1525,0.0,0.5103,0,0.0763
7425c0997dbadab8,free_trip,5,Dormant,0.5752,10.9963,8.7762,1.9421,2.1433,1.6235,0.556,0.7225,0.3451,0,0.278
742b68e109d9b76c,free_trip,4,Dormant,0.5146,10.3502,8.2192,1.8139,2.5503,1.5163,0.6341,0.505,0.3772,0,0.3171
7437c8892c1600bb,spend_10,0,Loyal,4.2892,2.6298,1.4002,1.1816,3.9295,0.5805,0.096,0.0,0.4845,0,0.048
744568f43e389544,free_trip,5,Dormant,0.5596,10.8738,8.6793,1.9188,1.0584,1.604,0.5513,0.6869,0.3658,0,0.2757
74571a3b757f2b84,free_trip,2,Dormant,0.4977,9.9762,7.9614,1.7568,1.6529,1.4686,0.516,0.6254,0.3272,0,0.258
7461b012a68a31d1,spend_10,2,Loyal,1.9092,0.9866,0.3902,0.4775,3.1442,0.3188,0.2378,0.0,0.0809,0,0.1189
747514ea968c095e,free_trip,0,Dormant,0.5256,10.3922,8.3092,1.8348,1.3646,1.5338,0.4965,0.6781,0.3592,0,0.2482
748b162ac1f6b18b,weekend_20,2,Occasional,1.2576,1.0552,0.6842,0.4033,0.6934,0.1276,-0.0647,-0.0862,0.2785,0,-0.0323
74a45ad88f176f2a,free_trip,0,At risk,0.9189,16.2033,12.9822,2.887,2.3416,1.6284,0.6681,0.5899,0.3704,0,0.3341
74ae58c981eb8484,free_trip,4,At risk,0.525,13.5356,10.9064,2.3741,2.7842,1.2315,0.5101,0.4878,0.2335,0,0.2551
74b68f313423a547,free_trip,5,Dormant,0.5567,10.7426,8.5853,1.8986,1.873,1.5871,0.5173,0.7098,0.36,0,0.2587
74dc0c30ee75388b,free_trip,4,At risk,0.8122,13.4414,10.7795,2.4074,2.2309,1.4061,0.509,0.5906,0.3064,0,0.2545
74de0d013b011732,free_trip,4,At risk,0.7614,11.7049,9.3423,2.0984,2.7641,1.308,0.5286,0.4867,0.2928,0,0.2643
74e5cf7daf9c4d00,spend_10,0,Champions,0.8206,24.6592,20.1007,4.345,16.5453,2.8033,0.427,0.0,2.3763,0,0.2135
74ea336980119851,spend_10,0,Champions,0.9344,17.4999,14.293,3.1625,9.0087,2.4091,0.0889,0.0,2.3202,0,0.0445
7502f274949614a0,free_trip,0,Dormant,0.5118,10.2488,8.1635,1.8017,1.2993,1.5061,0.5671,0.5924,0.3466,0,0.2836
750502d578517c49,free_trip,2,Occasional,1.3464,10.4115,8.2072,1.9841,2.4648,0.9059,0.4403,0.2908,0.1749,0,0.2201
750abcfc7d0ccd29,free_trip,1,Dormant,0.5389,10.5396,8.4283,1.8623,1.6137,1.5568,0.498,0.6996,0.3592,0,0.249
7518de1ebf0c4577,spend_10,4,Loyal,2.6986,2.2967,1.3886,0.8488,1.6332,0.675,0.1185,0.0,0.5565,0,0.0593
751c62de728b4ba7,free_trip,5,Dormant,0.5501,10.7347,8.5695,1.894,1.3343,1.5833,0.5426,0.6846,0.3561,0,0.2713
7530e54bf6d882e7,free_trip,1,Dormant,0.5494,10.8067,8.6183,1.904,1.3732,1.5916,0.5687,0.6101,0.4128,0,0.2844
7532333ee235fb20,free_trip,2,Dormant,0.7469,11.8197,9.4214,2.1118,1.2544,1.7653,0.573,0.7905,0.4018,0,0.2865
753ad35b5a342f96,free_trip,1,Dormant,0.5488,10.4434,8.3384,1.8457,1.6645,1.5429,0.5184,0.6585,0.366,0,0.2592
754cff15ec6e8cfd,free_trip,2,Dormant,0.6805,12.3578,9.8525,2.1875,1.3399,1.8286,0.6356,0.7403,0.4528,0,0.3178
75587d50168e7c44,spend_10,3,Champions,0.8142,1.1243,0.7359,0.3219,1.8934,0.2634,0.133,0.0,0.1304,0,0.0665
755a38ab5062392f,free_trip,2,Dormant,0.5145,10.2769,8.2373,1.8176,0.9294,1.5194,0.4439,0.7106,0.365,0,0.2219
75622c5d98799e9b,free_trip,2,Dormant,0.4947,9.9506,7.9414,1.752,1.7466,1.4646,0.5144,0.6036,0.3466,0,0.2572
756690abee5d7cd2,spend_10,2,Champions,0.5983,6.4329,5.0397,1.1709,12.1819,0.8893,0.4446,0.0,0.4447,0,0.2223
756eeb2c8dd65ea0,free_trip,4,Dormant,0.5043,10.1022,8.0508,1.7768,1.1967,1.4853,0.5492,0.589,0.3471,0,0.2746
75937511f2a4f1cd,offpeak_15,5,Champions,7.6635,4.4861,2.4231,2.0948,3.5802,1.6474,-0.0637,1.7607,-0.0496,0,-0.0319
759cc65ed1fb276b,spend_10,0,Loyal,2.147,2.1857,1.4159,0.74,1.9029,0.6432,0.0597,0.0,0.5835,0,0.0298
75aa9ddee5258504,spend_10,1,Loyal,2.9979,1.5399,0.7216,0.7725,2.654,0.4341,0.0916,0.0,0.3425,0,0.0458
75ac0ab9725d8da4,free_trip,0,Dormant,0.5563,10.535,8.4117,1.8625,1.7044,1.5569,0.5215,0.6823,0.3531,0,0.2608
75b1b40944dd2031,spend_10,2,Loyal,3.1538,2.1186,1.1792,0.8999,1.5966,0.7755,0.0789,0.0,0.6966,0,0.0394
75c35aec8288dd85,free_trip,1,Dormant,0.5834,10.8608,8.6752,1.9229,2.0287,1.6074,0.5254,0.6744,0.4076,0,0.2627
75d67245cfe1774f,free_trip,0,Dormant,0.5456,10.0997,8.0883,1.7931,1.4166,1.4989,0.4365,0.7197,0.3427,0,0.2183
75ddbb6a89c37576,spend_10,5,Loyal,2.9214,1.3531,0.5613,0.7233,2.3945,0.5068,0.137,0.0,0.3698,0,0.0685
75f2a42badebb127,free_trip,1,Dormant,0.5341,10.498,8.3746,1.8502,1.1959,1.5466,0.5466,0.6469,0.3531,0,0.2733
760ee031f92a5a3e,free_trip,2,Dormant,0.5462,10.5346,8.4096,1.86,1.9229,1.5548,0.5301,0.6587,0.366,0,0.265
761148d4d34d473e,free_trip,0,Dormant,0.5156,10.1697,8.1129,1.792,1.433,1.498,0.5295,0.5921,0.3764,0,0.2648
762c7c5fd445a9ec,free_trip,2,Dormant,0.5532,10.81,8.6269,1.9066,1.641,1.5938,0.5529,0.6816,0.3592,0,0.2765
764479b8d6480eb0,spend_10,3,Champions,1.765,2.6898,1.8657,0.754,1.8584,0.9376,0.1401,0.0,0.7975,0,0.0701
7644a8693eaa6986,free_trip,5,Dormant,0.4943,9.9431,7.9352,1.7507,1.44,1.4635,0.5144,0.6036,0.3454,0,0.2572
766dd3075d7f57e1,free_trip,0,Dormant,0.5452,10.5008,8.3907,1.8559,1.934,1.5514,0.5083,0.6544,0.3887,0,0.2542
76ab72bd04d39490,free_trip,0,Dormant,0.5835,10.7972,8.6292,1.9133,1.7736,1.5994,0.5092,0.6726,0.4176,0,0.2546
76b14abf1f75ff09,spend_10,3,Loyal,3.2513,1.724,0.8278,0.8472,1.69,0.5145,0.0981,0.0,0.4164,0,0.0491
76c1f7408f5afa29,free_trip,2,Dormant,0.5223,10.2301,8.1567,1.8025,3.1556,1.5068,0.5418,0.5933,0.3716,0,0.2709
76c9a56946099171,spend_10,3,Champions,2.2923,5.6323,4.2202,1.3525,3.4598,1.1298,0.119,0.0,1.0108,0,0.0595
76d33f9181a3a984,free_trip,2,Dormant,0.5149,10.2012,8.158,1.8012,1.6178,1.5057,0.4838,0.6781,0.3438,0,0.2419
76db764231e13efc,spend_10,3,Champions,1.9153,4.8169,3.5592,1.137,3.1917,0.981,0.2416,0.0,0.7395,0,0.1208
76e941468d3438e2,free_trip,3,Dormant,0.6003,11.5125,9.2087,2.0372,1.7344,1.7029,0.5333,0.7978,0.3718,0,0.2667
76f8937d14c8df7b,spend_10,5,Loyal,3.0585,1.6481,0.8144,0.8044,2.1521,0.5726,0.0587,0.0,0.5139,0,0.0294
773a8308f109ebba,free_trip,0,Dormant,0.5539,10.7779,8.6182,1.9049,1.8436,1.5924,0.5097,0.6853,0.3973,0,0.2549
773b8477f80eaf66,offpeak_15,2,Champions,30.5486,15.9359,7.9519,7.996,12.9014,7.8874,-0.0241,8.1988,-0.2873,0,-0.012
773e902c83e0ea2d,spend_10,0,Champions,0.7265,3.5695,2.745,0.721,3.3392,0.5795,0.2069,0.0,0.3726,0,0.1035
7747fe1321837425,spend_10,5,Champions,1.7271,2.214,1.4958,0.6694,1.6666,0.5969,0.0975,0.0,0.4994,0,0.0488
774934e061a8ccb6,spend_10,2,Champions,1.0465,0.7626,0.3859,0.2975,2.8866,0.269,0.1586,0.0,0.1104,0,0.0793
7761ea7ff9ef6c4f,free_trip,4,Dormant,0.5581,10.8802,8.6958,1.9219,0.9012,1.6066,0.5251,0.7148,0.3667,0,0.2625
776ec229f97e757f,spend_10,0,Champions,2.8667,4.6973,3.3078,1.2823,3.9254,0.8483,0.2143,0.0,0.634,0,0.1072
777dfd71a35c267d,free_trip,5,Dormant,0.7202,12.5557,10.0124,2.229,1.7573,1.8633,0.6287,0.8096,0.4251,0,0.3143
777fb0a9c58e0d5c,free_trip,1,At risk,0.678,10.6486,8.4426,1.8942,2.2032,1.5146,0.6236,0.6084,0.2826,0,0.3118
77804387d6d94f15,free_trip,3,At risk,0.8478,14.3947,11.5822,2.5815,2.1153,1.4372,0.4619,0.5981,0.3771,0,0.231
779e3ce80cf3c624,free_trip,1,At risk,0.7897,11.2078,8.943,2.0213,1.6652,1.4043,0.487,0.5883,0.3289,0,0.2435
77a314c852a3b670,spend_10,5,Champions,1.8849,4.5152,3.3628,1.0899,2.9135,0.8829,0.125,0.0,0.7579,0,0.0625
77aea6dd985fcc36,free_trip,0,Dormant,0.5048,10.0881,8.0603,1.7788,2.2624,1.487,0.498,0.5922,0.3968,0,0.249
77c5a911b9d4e205,free_trip,5,Occasional,0.8958,12.1492,9.6842,2.1973,3.047,1.2131,0.5353,0.4578,0.22,0,0.2676
77d24757c9c8411f,free_trip,1,Dormant,0.7276,12.6358,10.0813,2.2448,1.4511,1.8765,0.6192,0.8585,0.3989,0,0.3096
77dd06f368b487f7,free_trip,5,Dormant,0.655,10.7039,8.5491,1.9115,1.2606,1.5979,0.4864,0.754,0.3575,0,0.2432
77e421435916ad23,free_trip,2,Dormant,0.5331,10.5583,8.4182,1.859,1.5578,1.554,0.562,0.6328,0.3592,0,0.281
77e6205669253391,spend_10,3,Champions,2.1001,12.2772,9.6814,2.4468,8.4033,1.1962,0.298,0.0,0.8981,0,0.149
77efb91684c784cc,free_trip,0,Dormant,0.5147,10.1465,8.1153,1.7923,1.626,1.4983,0.4776,0.6935,0.3272,0,0.2388
77fd6cff70fbf561,free_trip,1,Dormant,0.4975,9.8657,7.8876,1.7414,1.7808,1.4557,0.4733,0.6568,0.3256,0,0.2366
780681115dd1dc1f,free_trip,4,At risk,0.7637,12.0645,9.619,2.1563,2.4812,1.5249,0.5783,0.593,0.3537,0,0.2891
780d98c5b8a56367,rush_hour_25,1,At risk,1.8862,1.0257,0.3327,0.4608,1.222,0.3874,0.4643,-0.0544,-0.0224,0,0.2321
78163e9ed028b33a,free_trip,3,Dormant,0.5004,10.0275,8.0258,1.7707,1.2857,1.4802,0.462,0.5966,0.4217,0,0.231
7816714f4e6ac344,free_trip,2,Dormant,0.4941,9.8973,7.9055,1.7445,1.784,1.4583,0.4948,0.6223,0.3411,0,0.2474
782015caf0c4f56b,free_trip,1,Dormant,0.5697,11.0881,8.8659,1.9596,1.1396,1.6381,0.5251,0.7204,0.3927,0,0.2625
782019c378fb8b57,rush_hour_25,5,Occasional,4.2679,1.8769,0.6227,1.0157,2.0331,0.3017,0.477,-0.1505,-0.0247,0,0.2385
782fc7f8a6aefb88,free_trip,3,Occasional,1.3472,16.3403,13.0819,2.9967,3.3766,1.7179,0.5233,0.846,0.3487,0,0.2616
78400d21a36eb48b,free_trip,1,Dormant,0.6265,11.5196,9.1649,2.0335,2.0979,1.6999,0.6424,0.6324,0.4251,0,0.3212
784fe0c424274d28,free_trip,1,Dormant,0.5355,10.5395,8.4231,1.8606,1.6335,1.5553,0.5118,0.6904,0.3531,0,0.2559
78514586a6629d0c,free_trip,1,Dormant,0.522,10.3323,8.2595,1.8238,1.6871,1.5246,0.498,0.5899,0.4367,0,0.249
787341cd294c3b8a,spend_10,2,Champions,2.0375,1.4639,0.7659,0.5822,3.2417,0.3933,0.2315,0.0,0.1618,0,0.1157
787495782c2d5ada,weekend_20,5,Loyal,2.6116,1.5496,0.8937,0.728,1.9279,0.5087,-0.1442,0.0178,0.6351,0,-0.0721
7874efbe93ac8b6c,free_trip,3,Dormant,0.5382,10.6708,8.5008,1.8773,1.0479,1.5693,0.5854,0.6163,0.3675,0,0.2927
7882103425fdbfe1,free_trip,4,Dormant,0.5657,10.7319,8.5564,1.8945,2.3208,1.5837,0.562,0.6557,0.366,0,0.281
7899b7ca925f56e7,free_trip,3,Dormant,0.5281,10.4385,8.3261,1.8389,0.8177,1.5372,0.5471,0.5732,0.4169,0,0.2735
789ac6e776553790,free_trip,5,Dormant,1.2038,11.1917,8.8419,2.0863,1.6385,1.744,0.527,0.7901,0.427,0,0.2635
78b2df2d1af4ac2b,offpeak_15,3,Champions,16.9555,11.4067,6.5902,4.8901,5.9515,4.0993,-0.1471,4.2866,-0.0402,0,-0.0735
78b4a1f5ead1948a,spend_10,5,Champions,1.9038,6.2513,4.8088,1.3941,3.7823,0.8207,0.0968,0.0,0.7239,0,0.0484
78bf87447cf7fc15,free_trip,5,Dormant,0.5221,10.3931,8.2908,1.8303,1.533,1.53,0.544,0.6051,0.3809,0,0.272
78c15dbf944b3d2e,free_trip,2,Dormant,1.0866,13.0494,10.3279,2.3706,2.2656,1.9817,0.702,0.8865,0.3932,0,0.351
78d2e645f76e90a7,spend_10,2,Champions,1.9928,4.1904,3.0648,1.0504,3.878,0.7618,0.1503,0.0,0.6114,0,0.0752
78e73c036db22286,spend_10,1,Champions,1.4209,1.3153,0.7771,0.4565,5.8109,0.3999,0.1635,0.0,0.2365,0,0.0817
78f0e3dded5427f7,free_trip,5,Dormant,0.4941,9.9086,7.9135,1.7461,1.6419,1.4597,0.498,0.5858,0.3759,0,0.249
78f66869ef311a9a,free_trip,5,Dormant,0.5058,9.9898,7.9712,1.7605,1.2483,1.4717,0.516,0.5965,0.3592,0,0.258
7911c623628efe3b,free_trip,5,Dormant,0.5109,10.1657,8.1143,1.7913,1.3999,1.4974,0.5203,0.6455,0.3317,0,0.2601
7918e58ff5588e8f,free_trip,5,At risk,1.356,14.6847,11.7569,2.7233,3.534,0.9794,0.4091,0.4274,0.1429,0,0.2046
7933eb3304ecbd8e,spend_10,4,Champions,2.1175,1.2395,0.6015,0.5647,3.5398,0.3395,0.1465,0.0,0.193,0,0.0732
793412399e27308c,spend_10,5,Champions,3.0812,5.1678,3.7099,1.4104,4.8694,0.6646,0.0951,0.0,0.5695,0,0.0475
793c30246f40593a,free_trip,3,At risk,0.4461,11.4677,9.2709,2.0181,2.3769,1.1263,0.3575,0.4742,0.2945,0,0.1787
79423e21b1966e21,free_trip,2,Dormant,0.5034,9.9654,7.9648,1.7587,1.3369,1.4702,0.4838,0.6592,0.3272,0,0.2419
795fc6fcb75f5c11,spend_10,1,Loyal,3.4387,1.901,0.9424,0.9099,2.1367,0.682,0.0975,0.0,0.5845,0,0.0488
797009750ae7ceb3,weekend_20,3,Loyal,1.0704,0.7467,0.4751,0.321,1.0187,0.2772,-0.0988,-0.0115,0.3875,0,-0.0494
7973996c25a76570,weekend_20,4,Champions,15.5461,8.578,4.394,4.1412,6.6417,3.5427,0.0857,-0.0315,3.4886,0,0.0428
79751afa8f02854a,spend_10,1,Loyal,2.4155,2.2218,1.386,0.7895,1.4303,0.6884,0.0927,0.0,0.5957,0,0.0463
7983ad18bd85b13b,free_trip,3,Dormant,0.6975,11.0329,8.8198,1.9766,1.3006,1.6523,0.473,0.8125,0.3668,0,0.2365
798c1b255b6ad011,free_trip,3,Dormant,0.7247,12.4009,9.8972,2.206,1.5826,1.8441,0.5954,0.8373,0.4114,0,0.2977
798f4955e461f205,spend_10,5,Loyal,3.5662,3.0037,1.8379,1.1223,2.0617,0.5872,0.0869,0.0,0.5003,0,0.0434
79adcffb02eb9376,spend_10,3,Champions,1.852,3.4195,2.4693,0.8975,3.3409,0.7803,0.1054,0.0,0.6749,0,0.0527
79bdea598af251fc,spend_10,5,Loyal,2.2179,3.892,2.7945,1.041,1.8107,0.786,0.113,0.0,0.673,0,0.0565
79d2984c5f5f8132,free_trip,0,Dormant,0.5703,10.9246,8.7139,1.9282,0.828,1.6118,0.5651,0.6627,0.3841,0,0.2825
79d356561be6f123,free_trip,3,Dormant,0.5249,10.266,8.1853,1.809,2.0045,1.5122,0.5435,0.59,0.3787,0,0.2718
79d7fa59ad3f02ca,rush_hour_25,0,Occasional,3.2397,1.47,0.4789,0.7723,1.5598,0.2973,0.4376,-0.1355,-0.0047,0,0.2188
79d8f7d21d1e0d1b,free_trip,3,Dormant,0.5328,10.4118,8.3267,1.84,1.3195,1.5381,0.4903,0.6886,0.3592,0,0.2451
79da5d4be1809f01,spend_10,5,Occasional,0.52,0.7359,0.4834,0.2084,0.7508,0.1749,0.0884,0.0,0.0865,0,0.0442
79de6885c33c2036,free_trip,1,Dormant,0.5604,10.7196,8.5629,1.8948,1.3794,1.5839,0.5238,0.7137,0.3465,0,0.2619
79e1667648bfa84b,spend_10,5,Champions,2.3154,3.3418,2.3024,0.9591,2.4995,0.8274,0.1606,0.0,0.6668,0,0.0803
79e3149fc33d238a,free_trip,5,Dormant,0.8347,13.3506,10.6357,2.3822,1.8719,1.9914,0.6654,0.8675,0.4585,0,0.3327
79e5ed7e0c30670b,free_trip,5,Occasional,1.1174,14.4345,11.5718,2.6353,3.2034,1.257,0.4546,0.5701,0.2322,0,0.2273
7a067d952da19669,spend_10,0,Champions,2.181,3.1439,2.1735,0.9044,2.1385,0.8176,0.1321,0.0,0.6855,0,0.0661
7a0b50e48bb8bd66,weekend_20,2,Occasional,1.6527,0.9693,0.5238,0.452,1.1459,0.3696,-0.0129,0.0676,0.3148,0,-0.0064
7a1ed2ff5f0c2b3b,spend_10,2,Champions,0.7637,14.9441,11.9273,2.6357,9.7778,2.3476,0.7622,0.0,1.5854,0,0.3811
7a3bad45ad6b40c4,free_trip,2,Dormant,0.5339,10.4058,8.322,1.8392,1.3287,1.5375,0.489,0.6909,0.3576,0,0.2445
7a4154dd9d1c3071,free_trip,1,Dormant,0.5619,10.733,8.5655,1.8956,1.8327,1.5846,0.5439,0.6815,0.3592,0,0.272
7a54f8eca9af1908,weekend_20,1,Champions,9.7007,5.5772,2.968,2.6311,6.7623,2.3971,-0.0437,-0.3091,2.7499,0,-0.0218
7a602a42e0e8651a,free_trip,2,Dormant,0.5388,10.5522,8.4187,1.8603,1.3883,1.5551,0.5462,0.6208,0.3881,0,0.2731
7a6d1f60dfcd8351,spend_10,5,Loyal,3.4893,1.7257,0.7942,0.8896,2.7903,0.645,0.0838,0.0,0.5612,0,0.0419
7a76d9cd12ebbbbd,spend_10,4,Champions,0.99,3.431,2.601,0.7458,4.4491,0.5888,0.1683,0.0,0.4205,0,0.0842
7a8396007eb62c6c,rush_hour_25,3,Occasional,2.613,1.3965,0.5291,0.6526,2.2194,0.353,0.4297,-0.072,-0.0047,0,0.2149
7a9409110286b4d2,free_trip,2,Dormant,0.5924,11.3984,9.1088,2.0148,0.9101,1.6842,0.5497,0.7373,0.3972,0,0.2748
7a99fd429ddfc43b,free_trip,5,Dormant,0.6234,11.6682,9.3422,2.0697,1.4742,1.7301,0.5128,0.8494,0.368,0,0.2564
7abc9f6595079a98,spend_10,0,Champions,1.3505,1.4674,0.925,0.4726,2.4089,0.3861,0.1396,0.0,0.2465,0,0.0698
7acb6012595d7c60,free_trip,1,Dormant,1.4162,12.4692,9.8013,2.3297,2.6918,1.9475,0.6765,0.7884,0.4825,0,0.3383
7acb65f0ad667d19,free_trip,3,Dormant,0.4952,9.9502,7.9409,1.752,1.8062,1.4646,0.5144,0.6036,0.3466,0,0.2572
7aea4700974c2044,spend_10,3,Champions,0.7772,2.0489,1.4666,0.466,9.2252,0.1247,0.2326,0.0,-0.1079,0,0.1163
7aeb436bd31d3015,spend_10,2,Champions,1.8533,4.852,3.4964,1.111,3.4236,0.5031,0.489,0.0,0.0141,0,0.2445
7aec56ec535dd617,free_trip,1,Dormant,0.6402,11.8947,9.492,2.1043,0.8969,1.7591,0.5969,0.7689,0.3932,0,0.2985
7af932c1a6a9f739,free_trip,3,Dormant,0.5617,10.523,8.3996,1.8611,2.4415,1.5558,0.5245,0.6652,0.366,0,0.2623
7b0ed14d0bd899e7,free_trip,4,Dormant,0.572,10.9358,8.7313,1.9321,1.7834,1.6151,0.5448,0.7009,0.3694,0,0.2724
7b234ce5e8c7ca53,spend_10,3,Champions,3.4394,4.4681,3.0455,1.3468,3.6658,0.9869,0.1517,0.1549,0.6804,0,0.0758
7b34a38337508f0f,spend_10,2,Loyal,2.835,1.8867,1.0473,0.8063,2.3472,0.6142,0.0662,0.0,0.548,0,0.0331
7b47f121f9d2199c,free_trip,5,Occasional,1.0836,12.1532,9.6614,2.2316,1.4118,1.6373,0.5205,0.8339,0.2828,0,0.2603
7b4b1bac460437c4,spend_10,0,Champions,1.6438,1.7711,1.12,0.574,1.4995,0.848,0.1542,0.0,0.6938,0,0.0771
7b6206d467747410,free_trip,0,Dormant,0.5567,10.6633,8.5021,1.8814,1.8695,1.5727,0.5596,0.6399,0.3732,0,0.2798
7b69f1f60bcfdec9,spend_10,1,Loyal,2.3553,1.3072,0.6449,0.6231,1.9495,0.6656,0.0783,0.0,0.5873,0,0.0392
7b78980e356d9c78,spend_10,5,Champions,2.4283,2.3736,1.4684,0.8093,4.6216,0.4652,0.1919,0.0,0.2732,0,0.096
7b7b1082bf35eb74,free_trip,1,Dormant,0.5084,10.1259,8.1252,1.7931,1.3988,1.4989,0.4151,0.7007,0.3831,0,0.2076
7b87bcbfad58d539,spend_10,3,Champions,1.5673,5.5041,4.2333,1.2047,3.2222,1.1253,0.1321,0.0,0.9932,0,0.0661
7b93a954f7e287b2,free_trip,4,Dormant,0.586,10.5247,8.3997,1.8662,1.5127,1.56,0.5176,0.6829,0.3595,0,0.2588
7bb249f0b687108d,free_trip,3,Dormant,0.5566,10.6497,8.4933,1.8795,1.6409,1.5712,0.5538,0.6642,0.3531,0,0.2769
7bb41b3895b3c632,offpeak_15,5,Champions,11.2632,6.3906,3.4149,3.0484,4.5058,2.4185,-0.1453,2.8606,-0.2968,0,-0.0727
7bcc8d73d989df7c,free_trip,2,Dormant,1.0802,12.7178,10.0981,2.3216,1.1582,1.9407,0.5963,0.9593,0.3852,0,0.2981
7bd6ba9bb296d44b,free_trip,5,Dormant,0.5657,10.8084,8.6237,1.9085,1.8673,1.5954,0.5525,0.6825,0.3604,0,0.2762
7bed24671c1332eb,free_trip,2,Dormant,0.5452,10.7142,8.547,1.8883,1.486,1.5785,0.5578,0.6614,0.3592,0,0.2789
7c07d4204ccd7101,free_trip,1,Dormant,0.6044,11.443,9.1381,2.0234,2.6664,1.6914,0.563,0.7323,0.3961,0,0.2815
7c1148d745e46992,offpeak_15,1,Occasional,1.8283,0.9378,0.4813,0.4797,1.6581,0.2888,-0.0464,0.3336,0.0016,0,-0.0232
7c2b9d44d2d5ee4f,weekend_20,2,Loyal,1.9439,1.1131,0.6135,0.5311,0.7733,0.2916,-0.0631,-0.0569,0.4116,0,-0.0316
7c3f50d50675c96c,offpeak_15,5,Champions,20.7833,9.4624,4.4048,5.2312,10.0568,3.5064,-0.3473,3.9014,-0.0477,0,-0.1737
7c4a090948c06bd9,free_trip,2,Dormant,0.5321,10.5068,8.3859,1.8521,1.0722,1.5483,0.5375,0.6516,0.3592,0,0.2687
7c5287ee490b8679,free_trip,2,Dormant,0.5622,10.4451,8.335,1.8478,1.5733,1.5447,0.5245,0.6492,0.3709,0,0.2623
7c53484afa18aae2,free_trip,3,Dormant,0.5336,10.5552,8.4446,1.8646,1.4358,1.5587,0.492,0.6783,0.3884,0,0.246
7c537587a0aefa7a,free_trip,0,Dormant,0.5219,10.4125,8.303,1.8328,1.0983,1.5321,0.5535,0.6241,0.3545,0,0.2767
7c66d1ed92da91b0,free_trip,0,At risk,0.4041,11.8806,9.5711,2.0717,3.3317,0.9674,0.4757,0.3325,0.1592,0,0.2378
7c69838c8c362a7d,spend_10,5,Champions,2.0674,1.2864,0.6686,0.5682,2.3929,0.4619,0.0992,0.0,0.3627,0,0.0496
7c6d7a7c17f1ad32,spend_10,2,Champions,2.4415,5.1215,3.7829,1.2927,4.6512,0.8072,0.0919,0.0,0.7153,0,0.0459
7c8d4ab3f592af3e,spend_10,0,Occasional,0.4243,0.5839,0.3895,0.169,1.1994,0.1002,0.0509,0.0,0.0493,0,0.0255
7c91e7eccb9f6ce2,free_trip,2,Dormant,0.565,11.0668,8.7719,1.9391,1.8633,1.621,0.7115,0.4969,0.4126,0,0.3558
7cb302c69ca8239d,spend_10,5,Champions,1.572,4.737,3.6051,1.0752,2.499,0.7868,0.1134,0.0,0.6734,0,0.0567
7cb399527ffe0abc,free_trip,5,At risk,0.7913,15.739,12.732,2.8086,3.5949,1.452,0.3968,0.6612,0.394,0,0.1984
7cbc879c06c4ad2b,spend_10,2,Champions,0.6602,1.0494,0.6463,0.2713,4.6684,0.1268,0.2634,0.0,-0.1367,0,0.1317
7cc1d9d5a2f7f11c,free_trip,3,Dormant,0.5134,10.153,8.1228,1.7936,1.3284,1.4993,0.4733,0.7004,0.3256,0,0.2366
7cd3e6640dd25f22,free_trip,1,Dormant,0.5258,10.1958,8.1313,1.7979,1.1677,1.503,0.5332,0.6026,0.3672,0,0.2666
7cdbaac4991080eb,free_trip,2,Dormant,0.5059,9.9515,7.9522,1.7566,2.8531,1.4684,0.4853,0.6404,0.3427,0,0.2427
7ce13d3a56ed5fc7,free_trip,3,Dormant,0.7597,11.3741,9.0138,2.0298,1.7615,1.6968,0.661,0.6766,0.3592,0,0.3305
7ceaf7cacc3fb10f,free_trip,5,Dormant,0.5728,10.8803,8.689,1.9235,1.1798,1.6079,0.5356,0.6943,0.378,0,0.2678
7cf2d010f45a7f45,free_trip,1,Dormant,0.6526,11.9476,9.5093,2.1104,1.2091,1.7642,0.6557,0.7373,0.3712,0,0.3278
7d15665628a650ae,free_trip,0,Dormant,1.0502,11.8155,9.3754,2.1652,2.8716,1.81,0.5498,0.8561,0.4041,0,0.2749
7d25423846bedfce,free_trip,2,Dormant,0.5159,10.2984,8.2151,1.8133,0.8765,1.5158,0.5399,0.5949,0.381,0,0.2699
7d26187b83ae250f,spend_10,5,Loyal,3.0221,1.8592,0.9776,0.8307,1.1962,0.6402,0.102,0.0,0.5382,0,0.051
7d35bfffd1e863fe,spend_10,2,Loyal,2.7977,1.9204,1.0835,0.8061,2.28,0.6269,0.0616,0.0,0.5653,0,0.0308
7d3b80e50a1507c3,spend_10,1,Champions,1.6253,1.6632,1.0492,0.5555,5.9993,0.1886,0.1172,0.0,0.0715,0,0.0586
7d3b9ea3127fd3de,free_trip,3,Dormant,0.5319,10.5449,8.4202,1.8592,1.3447,1.5542,0.5311,0.6881,0.3349,0,0.2656
7d41603fdf90b97d,weekend_20,5,At risk,0.7233,0.5551,0.3371,0.2202,0.3441,0.0562,-0.0044,-0.01,0.0706,0,-0.0022
7d4db7b3942f278a,weekend_20,3,Loyal,2.9834,2.0388,1.2538,0.88,1.5357,0.387,-0.1899,0.0197,0.5572,0,-0.095
7d4f5b5c9ab0b518,spend_10,5,Champions,0.7183,1.4985,1.0121,0.3594,6.4328,0.2834,0.2538,0.0,0.0295,0,0.1269
7d54522f5b83fb45,free_trip,2,Dormant,0.5053,9.9905,7.98,1.7623,1.7002,1.4732,0.4965,0.6495,0.3272,0,0.2482
7d61013cb42c9318,free_trip,3,Dormant,0.722,12.7963,10.1929,2.2669,1.9987,1.895,0.6731,0.795,0.4268,0,0.3366
7d61349c22854f2d,free_trip,3,Dormant,0.5489,10.654,8.5011,1.8795,1.2767,1.5712,0.5466,0.6585,0.366,0,0.2733
7d7529788586d101,free_trip,1,Dormant,0.5358,10.6945,8.5454,1.886,1.4772,1.5766,0.5261,0.6649,0.3855,0,0.2631
7d75cdf7236999fb,free_trip,0,At risk,1.105,12.1677,9.6525,2.2342,2.776,1.1098,0.5621,0.3232,0.2245,0,0.2811
7d84ee66a31924c0,spend_10,3,Champions,2.0662,1.4178,0.7674,0.5885,3.8914,0.3377,0.124,0.0,0.2138,0,0.062
7d8a088438f7ee43,free_trip,3,Dormant,0.5816,11.0583,8.8441,1.9576,2.3869,1.6364,0.5133,0.764,0.3591,0,0.2566
7d8bc7cacf997994,spend_10,4,Champions,2.2606,3.599,2.5293,0.9948,4.7433,1.0055,0.1498,0.0,0.8557,0,0.0749
7da2e74f57580c6c,free_trip,3,Dormant,0.6478,11.9564,9.5529,2.1185,1.9675,1.771,0.57,0.7306,0.4704,0,0.285
7da5f8b0d0b47731,free_trip,5,Dormant,0.5684,10.9472,8.7031,1.9255,2.7766,1.6096,0.6372,0.5036,0.4688,0,0.3186
7dca7f69e9d297b1,spend_10,4,Champions,2.9261,4.4274,3.0648,1.2442,2.4229,0.8986,0.2368,0.0,0.6618,0,0.1184
7de447fb0f5372a0,free_trip,2,Dormant,0.4959,9.9479,7.9483,1.7537,1.7628,1.466,0.4918,0.576,0.3981,0,0.2459
7decca4ca99a6e7d,free_trip,1,Dormant,0.5398,10.5555,8.4209,1.861,1.2977,1.5557,0.5471,0.6211,0.3874,0,0.2735
7e17b9c37cd71a0a,offpeak_15,2,Champions,8.9428,6.241,3.6067,2.6063,4.2115,2.5451,0.0559,2.5295,-0.0404,0,0.028
7e2126d6f941516c,free_trip,5,Dormant,0.5147,10.2086,8.159,1.8014,1.846,1.5058,0.4965,0.6833,0.3261,0,0.2482
7e29d91d1ce454b5,free_trip,2,Dormant,0.504,10.072,8.0289,1.7721,1.533,1.4814,0.542,0.5886,0.3508,0,0.271
7e2dba8fc735cdd9,free_trip,5,At risk,0.4109,11.1627,8.981,1.9505,2.5908,1.0227,0.4622,0.3754,0.185,0,0.2311
7e3d7a05a776a927,free_trip,3,At risk,0.4328,13.7238,11.152,2.406,3.9767,1.0417,0.3315,0.4562,0.254,0,0.1658
7e46bdbdc53f6c84,free_trip,0,Dormant,0.5833,11.1388,8.9113,1.9719,1.7257,1.6484,0.5112,0.7767,0.3605,0,0.2556
7e6ada160b1ab866,free_trip,3,Dormant,0.6077,11.3276,9.0502,2.0058,1.2354,1.6767,0.5431,0.7849,0.3486,0,0.2716
7e6fc8b2569c9b29,free_trip,3,Dormant,0.5528,10.7328,8.5609,1.8928,0.9511,1.5822,0.5582,0.6517,0.3723,0,0.2791
7e7ee3d755989a98,free_trip,1,Dormant,0.5205,10.1441,8.0837,1.787,2.6732,1.4938,0.5469,0.5668,0.3801,0,0.2735
7e853704f4ecbf38,free_trip,0,Dormant,0.6351,11.7116,9.3362,2.0709,1.4359,1.7311,0.609,0.73,0.3921,0,0.3045
7e9f43edcc7b5532,weekend_20,4,Occasional,1.3272,0.83,0.4818,0.3757,1.2405,0.4251,-0.0549,-0.0282,0.5082,0,-0.0274
7eb00a310a71ea53,free_trip,1,Dormant,0.5081,10.0101,8.0036,1.7677,1.5314,1.4777,0.4776,0.6729,0.3272,0,0.2388
7eea8f3f21ad2355,rush_hour_25,1,Occasional,3.2524,1.7628,0.7365,0.8284,1.7543,0.2905,0.3957,-0.0951,-0.0101,0,0.1979
7f13f984bef469e2,free_trip,1,Dormant,0.5041,10.0266,8.0145,1.7692,2.7465,1.4789,0.4859,0.6502,0.3427,0,0.243
7f15a1abee33ef71,free_trip,4,Dormant,0.6649,12.0248,9.6194,2.1359,3.1165,1.7855,0.5391,0.8773,0.369,0,0.2696
7f1b5e97a6699edf,free_trip,0,Dormant,0.4968,9.9692,7.9376,1.7517,2.2056,1.4643,0.56,0.4967,0.4076,0,0.28
7f1cb0bde753c2de,free_trip,3,Dormant,0.5616,10.9207,8.7235,1.9284,1.5139,1.612,0.5377,0.6846,0.3896,0,0.2689
7f23da804732b2d4,free_trip,2,Dormant,0.5311,10.3879,8.3046,1.835,2.4104,1.534,0.4964,0.6844,0.3531,0,0.2482
7f2ceb8932c94acf,free_trip,5,Dormant,0.5355,10.3084,8.2311,1.8207,2.0847,1.522,0.5133,0.5937,0.415,0,0.2566
7f33cd8caec69b45,weekend_20,2,Champions,9.5331,3.8785,1.4966,2.2907,4.4248,2.187,0.1824,-0.3524,2.357,0,0.0912
7f3ab8e8ab843180,weekend_20,2,Dormant,0.657,0.5316,0.3283,0.2046,0.4737,0.1711,-0.0027,-0.0083,0.1821,0,-0.0014
7f416c784f4522fa,spend_10,1,Champions,2.1723,3.4415,2.3856,0.9466,1.4549,0.8142,0.2187,0.0,0.5956,0,0.1093
7f485bfd44348fb2,offpeak_15,1,Champions,29.0502,41.5451,29.2855,12.1154,19.4325,10.9468,0.2885,10.5771,0.0813,0,0.1442
7f5f41eb2e67892e,spend_10,5,Champions,2.4315,1.6458,0.9311,0.6984,2.308,0.5195,0.0327,0.0,0.4868,0,0.0163
7f6fbe2118c437e1,rush_hour_25,3,Occasional,3.687,2.1256,0.8907,0.9507,1.9614,0.3547,0.5684,-0.1672,-0.0465,0,0.2842
7f81825cbe36131e,free_trip,5,At risk,1.0234,15.8814,12.8034,2.8716,4.6067,1.0347,0.4128,0.4648,0.1571,0,0.2064
7f8b00adb5e8ed50,spend_10,4,Champions,2.2273,2.4111,1.5613,0.7868,2.8297,0.7387,0.1258,0.0,0.6129,0,0.0629
7fa36daf4e970ed6,spend_10,3,Champions,1.6503,1.9741,1.2628,0.605,3.9888,0.3263,0.2125,0.0,0.1138,0,0.1063
7fa3728cdf181ffe,spend_10,1,Champions,2.8847,4.5672,3.263,1.2768,3.8403,0.9556,0.055,0.0,0.9006,0,0.0275
7fb1f8ae11ac876c,free_trip,0,Dormant,0.5562,10.7527,8.5835,1.8982,1.6139,1.5867,0.5421,0.6854,0.3592,0,0.2711
7fb79ed847b98b7c,spend_10,3,Champions,0.8287,16.7828,13.698,3.017,10.1455,2.6949,0.1356,0.0,2.5593,0,0.0678
7fba06ee93d581a0,free_trip,1,Dormant,0.8418,12.0755,9.5786,2.1641,1.247,1.8091,0.6656,0.7813,0.3622,0,0.3328
7fbd8ab488b54cb5,spend_10,3,Champions,0.8415,11.3674,9.1451,2.0741,15.2678,1.0254,0.2964,0.0,0.729,0,0.1482
7fbf436294676b0a,free_trip,3,Dormant,0.5165,10.3071,8.2403,1.8186,1.0247,1.5203,0.4964,0.6072,0.4166,0,0.2482
7fcceb99fd9cffdc,spend_10,2,Champions,2.5125,4.4761,3.2381,1.1943,4.0261,0.8699,0.0873,0.0,0.7825,0,0.0437
7fcdce91ee936b5c,free_trip,2,Dormant,0.5241,10.2993,8.2377,1.8197,1.5883,1.5212,0.4838,0.6781,0.3592,0,0.2419
7fd1a874bcb6acf4,free_trip,1,Dormant,0.5229,10.3802,8.2828,1.8288,1.1444,1.5288,0.5372,0.6109,0.3807,0,0.2686
7fe11ea5441dead0,free_trip,5,Dormant,0.6006,11.417,9.1305,2.021,1.4954,1.6894,0.5309,0.7614,0.3971,0,0.2655
7fe13c9ede5ed18a,free_trip,4,Dormant,0.5347,10.2656,8.2131,1.8168,2.2077,1.5187,0.4716,0.6874,0.3597,0,0.2358
7ff6668e0bfd2153,spend_10,2,Champions,1.1701,8.6912,6.923,1.6808,3.6856,1.3229,0.1746,0.0,1.1482,0,0.0873
800e3e1e10a6182a,free_trip,3,Dormant,0.495,9.9623,7.951,1.7541,1.3731,1.4663,0.5144,0.6248,0.3272,0,0.2572
801590d7a2a7586e,spend_10,3,Champions,1.7035,4.8564,3.6763,1.1173,3.2895,0.8891,0.1256,0.0,0.7635,0,0.0628
801de032e967db0b,spend_10,4,Champions,2.0279,1.8374,1.1416,0.6582,1.8506,0.4674,0.0752,0.0,0.3922,0,0.0376
802af328eab3914e,spend_10,3,Champions,1.5826,6.2313,4.7196,1.3089,5.0718,0.5424,0.4056,0.0,0.1368,0,0.2028
8044677d7d5e8099,free_trip,5,Dormant,0.6547,11.5407,9.1929,2.0452,1.3705,1.7096,0.6052,0.7219,0.3825,0,0.3026
80452a89754ac5f2,free_trip,2,Dormant,0.5881,10.9209,8.7224,1.9336,1.9543,1.6164,0.5297,0.722,0.3647,0,0.2648
8046a88a129d94d5,free_trip,2,Dormant,0.5429,10.682,8.5116,1.8805,2.4955,1.572,0.5797,0.4928,0.4994,0,0.2899
80564acf606084bb,free_trip,4,Dormant,0.5459,10.7244,8.5652,1.8922,1.8369,1.5818,0.5341,0.6783,0.3694,0,0.267
80680599e0450fd3,free_trip,1,At risk,1.1305,13.374,10.6474,2.4461,1.8937,1.7519,0.561,0.818,0.3729,0,0.2805
806c8840189fbb2a,free_trip,0,Dormant,0.5417,10.5512,8.4267,1.8626,2.1061,1.557,0.5239,0.6709,0.3622,0,0.2619
808ed18981a13140,free_trip,3,At risk,1.071,15.3118,12.244,2.7653,2.9012,1.5077,0.605,0.5783,0.3244,0,0.3025
80c56b2277bd9302,free_trip,0,Dormant,0.5368,10.4245,8.3285,1.8412,1.2795,1.5391,0.5096,0.6589,0.3706,0,0.2548
80e0055f630dd529,spend_10,4,Champions,1.1583,12.0622,9.529,2.2196,14.3784,0.6593,0.6274,0.0,0.0319,0,0.3137
80f441c57d540081,free_trip,5,Dormant,0.5843,11.3573,9.0487,2.0006,2.2536,1.6724,0.6159,0.7024,0.3541,0,0.3079
80f7148244969933,spend_10,4,Champions,2.4123,5.8863,4.4146,1.4179,5.486,0.6794,0.1077,0.0,0.5717,0,0.0538
81038d07f2183f90,free_trip,2,Dormant,0.5476,10.6749,8.5108,1.8813,1.3151,1.5726,0.5656,0.6419,0.3652,0,0.2828
810e52f3d6da7fca,spend_10,5,Loyal,2.3575,4.1206,2.9692,1.1063,3.0462,0.6327,0.0901,0.0,0.5426,0,0.045
811a37bd5a3ef914,spend_10,3,Champions,2.5051,3.0642,2.0725,0.9507,2.76,0.7453,0.082,0.0,0.6634,0,0.041
8120df7f025c973e,free_trip,1,At risk,0.4359,11.1597,9.0125,1.9623,2.5974,1.1087,0.3698,0.4346,0.3043,0,0.1849
812431a327a431e4,free_trip,0,At risk,0.7891,11.0262,8.8024,1.992,2.2043,1.326,0.4637,0.6539,0.2085,0,0.2318
8124892adb2e24df,offpeak_15,0,Champions,9.4476,3.7807,1.5856,2.2914,4.2217,1.7989,-0.1928,2.0961,-0.1044,0,-0.0964
813b08cbb9b1fca6,spend_10,2,Champions,0.9606,2.0029,1.4466,0.4999,2.3951,0.4273,0.1127,0.0,0.3147,0,0.0563
81409593c66eab6a,free_trip,4,Dormant,0.5648,10.9734,8.7425,1.933,0.5838,1.6159,0.5957,0.6553,0.3649,0,0.2978
8153b4159aa98e3b,spend_10,5,Champions,2.5559,1.7384,0.9651,0.7313,2.0299,0.553,0.084,0.0,0.469,0,0.042
8161aff9d1027c0f,spend_10,5,Champions,2.0095,1.7239,1.0549,0.6364,6.6847,0.3267,0.0651,0.0,0.2616,0,0.0326
81887cf52664dc6d,free_trip,2,Dormant,0.5564,10.6223,8.4834,1.8774,1.2969,1.5694,0.5229,0.6935,0.353,0,0.2614
818b31e92027a0f4,weekend_20,2,At risk,0.8737,0.6647,0.4178,0.2682,0.6972,0.1742,-0.0427,-0.0343,0.2512,0,-0.0214
819db6778fc62711,spend_10,4,Loyal,1.8833,1.4513,0.8228,0.562,1.5545,0.6096,0.1331,0.0,0.4765,0,0.0666
81af607768c5d8aa,free_trip,5,Dormant,1.0595,11.828,9.367,2.1654,2.1046,1.8102,0.5912,0.7493,0.4696,0,0.2956
81bc540b1eef49a7,free_trip,3,Dormant,0.7296,11.2159,8.9574,2.0118,1.741,1.6818,0.4932,0.7891,0.3995,0,0.2466
81c270a1bd929e61,free_trip,3,Dormant,0.5766,11.2064,8.964,1.9814,2.0285,1.6564,0.5219,0.6807,0.4538,0,0.2609
81d07780cf427776,spend_10,2,Champions,0.7046,2.7331,2.0275,0.5674,5.0487,0.3981,0.2764,0.0,0.1216,0,0.1382
81d0d42c8142e4b0,free_trip,5,Dormant,0.5539,10.5074,8.3843,1.8563,2.7794,1.5518,0.5335,0.6709,0.3474,0,0.2667
81d35ce02f26496f,free_trip,2,Dormant,0.5711,10.9509,8.761,1.9381,1.8256,1.6202,0.5034,0.7102,0.4066,0,0.2517
81ed1da0037b6fcc,free_trip,2,Dormant,0.5272,10.3537,8.2646,1.8259,1.3891,1.5264,0.5265,0.598,0.4019,0,0.2632
81fdb07b29af63b3,free_trip,2,Dormant,0.736,10.3472,8.2268,1.8614,1.1709,1.556,0.5179,0.666,0.3721,0,0.259
8208dae1ebaf8db2,free_trip,3,Dormant,0.5642,10.9007,8.7018,1.9244,1.4927,1.6087,0.549,0.7073,0.3524,0,0.2745
82140272a7ed2d95,free_trip,2,At risk,0.8717,10.5456,8.3702,1.9194,2.071,1.4197,0.5121,0.5669,0.3408,0,0.256
8231ec0374d8926b,free_trip,4,Dormant,0.5309,10.5199,8.4134,1.8576,1.4736,1.5528,0.498,0.6956,0.3592,0,0.249
82476a1274b534cd,free_trip,1,Dormant,0.5283,10.4655,8.3198,1.8376,1.8391,1.5361,0.6163,0.5683,0.3515,0,0.3082
82480ef243aca68e,free_trip,0,Dormant,0.6702,12.303,9.8039,2.1753,1.9814,1.8184,0.6476,0.8138,0.3569,0,0.3238
82497c89a39599ea,weekend_20,2,Occasional,1.8711,2.2314,1.5415,0.7087,1.483,0.5195,-0.0378,-0.0536,0.6108,0,-0.0189
825102712fff6e4b,free_trip,4,At risk,2.302,11.4282,8.877,2.3217,3.3368,1.0752,0.459,0.4085,0.2077,0,0.2295
8267dd803b7dec88,spend_10,1,Champions,1.8571,1.7487,1.0872,0.6115,1.8721,0.7482,0.1,0.0,0.6482,0,0.05
8269e18bc837b8f4,weekend_20,4,Loyal,1.9359,1.4001,0.8818,0.5852,2.0638,0.3724,-0.1338,0.0126,0.4936,0,-0.0669
827bccd19829d40b,free_trip,0,Dormant,0.5605,10.8473,8.6551,1.9139,1.5392,1.5999,0.5567,0.684,0.3592,0,0.2783
82885ecdb862a755,weekend_20,5,Dormant,0.6881,0.7304,0.4866,0.244,0.3304,0.2039,-0.0003,0.0012,0.203,0,-0.0001
828cd0d4ff2c4817,free_trip,3,Dormant,0.5499,10.5779,8.4432,1.8677,1.6937,1.5613,0.5341,0.6741,0.3531,0,0.267
829ce8e698ba2121,free_trip,3,At risk,0.5907,11.242,9.0312,1.9983,2.1715,1.3774,0.425,0.6462,0.3062,0,0.2125
829e2fb0a5e3bc7b,free_trip,5,At risk,0.8207,21.7433,17.6178,3.8294,5.9818,1.4158,0.5924,0.6084,0.2151,0,0.2962
82a2a9ed26810929,free_trip,2,Dormant,0.5594,10.8124,8.6337,1.9093,1.7127,1.596,0.5389,0.681,0.3761,0,0.2695
82aeeb97eb2441fd,rush_hour_25,0,Champions,4.8183,2.7388,0.7174,1.1497,2.0943,1.9232,1.7434,0.204,-0.0242,0,0.8717
82ba5587cbeff0cb,free_trip,0,Dormant,0.513,10.3447,8.2092,1.8115,2.8054,1.5143,0.6479,0.4819,0.3845,0,0.3239
82be10a2145f8888,free_trip,3,Dormant,0.5008,10.0839,8.073,1.7806,0.7371,1.4885,0.4606,0.6077,0.4203,0,0.2303
82cc8e7ed20e1466,free_trip,5,Dormant,0.5369,10.3969,8.2864,1.8325,1.0094,1.5318,0.5561,0.5949,0.3809,0,0.278
82d3b43843ba548e,free_trip,5,Dormant,0.515,10.1917,8.1297,1.7954,1.4837,1.5008,0.5334,0.6006,0.3668,0,0.2667
82dac864f6a2c477,free_trip,0,Dormant,0.632,11.8384,9.4559,2.0951,1.2232,1.7514,0.5748,0.7667,0.4099,0,0.2874
82df93463dc18a82,spend_10,3,Champions,1.6108,4.6167,3.4743,1.0561,4.3513,0.9718,0.1726,0.0,0.7991,0,0.0863
82e6f48c0082451c,spend_10,3,Champions,1.2469,1.4573,0.9454,0.4553,2.7258,0.4514,0.1132,0.0,0.3381,0,0.0566
82efbeb248ceb4b4,spend_10,2,Loyal,2.7944,1.6833,0.8675,0.7605,2.8797,0.455,0.1105,0.0,0.3445,0,0.0553
830beb9cbccba5aa,spend_10,1,Champions,1.6219,1.4513,0.8772,0.519,3.6527,0.4769,0.1101,0.0,0.3668,0,0.0551
830c0d885271bc65,free_trip,0,At risk,0.7537,11.8345,9.4807,2.1255,2.3276,1.397,0.4567,0.6216,0.3187,0,0.2284
83143b9f25ad4782,free_trip,1,Dormant,0.5762,11.0942,8.8781,1.9635,1.708,1.6414,0.5053,0.7665,0.3696,0,0.2526
8315bd5b55f73fe3,spend_10,3,Champions,2.8823,1.9276,1.0366,0.8139,1.4097,0.6389,0.1544,0.0,0.4845,0,0.0772
831b419c073dfcb8,offpeak_15,5,Champions,9.5701,7.8623,4.9153,3.0084,4.4741,2.082,-0.1228,2.2533,-0.0485,0,-0.0614
8320f6fc13aa3ac2,free_trip,5,Dormant,0.5158,10.2753,8.2079,1.8118,1.4013,1.5145,0.5111,0.675,0.3284,0,0.2556
832838a051eb544a,weekend_20,4,Occasional,2.0451,2.1337,1.4375,0.7233,1.6037,0.2953,-0.054,-0.1275,0.4768,0,-0.027
832d1be6a0bfc384,spend_10,2,Champions,2.9858,1.8879,1.0326,0.8345,2.4624,0.7217,0.0415,0.0,0.6802,0,0.0207
8332b8a3395fee7e,weekend_20,1,Dormant,0.7235,0.7084,0.4651,0.2468,0.4221,0.2063,-0.007,-0.0057,0.219,0,-0.0035
833353c199aaf282,offpeak_15,3,Champions,35.1711,35.6139,23.5068,12.1865,20.389,11.0167,-0.1588,11.301,-0.1255,0,-0.0794
8348847b28c5beba,free_trip,4,Dormant,0.5057,10.0125,8.006,1.7677,1.8891,1.4777,0.4776,0.6729,0.3272,0,0.2388
8353b313aa773f6f,free_trip,1,Dormant,0.5041,9.9386,7.922,1.75,2.2632,1.4629,0.5332,0.5668,0.363,0,0.2666
8380a1bfca0b63f7,free_trip,2,Dormant,0.9395,10.0989,7.9959,1.8557,1.923,1.5513,0.4946,0.6731,0.3835,0,0.2473
8384d1259af993bf,free_trip,3,At risk,0.6261,10.5464,8.3408,1.8623,2.2235,1.391,0.6867,0.4879,0.2164,0,0.3433
8384dba9b3a72d6a,spend_10,0,Champions,1.6518,4.6938,3.5468,1.0797,4.7381,0.8073,0.1345,0.0,0.6728,0,0.0673
838a369621b3ca5b,weekend_20,5,Dormant,0.6755,0.5347,0.3292,0.2086,0.2256,0.1744,-0.0061,-0.0101,0.1907,0,-0.0031
83941d14641f889d,free_trip,3,Dormant,0.4927,9.8826,7.8512,1.7329,2.1823,1.4486,0.5969,0.4895,0.3622,0,0.2985
839f4869e6d30863,free_trip,4,Dormant,1.04,11.4582,9.0872,2.1033,1.7488,1.7582,0.5354,0.8383,0.3845,0,0.2677
83ad161e14b0621c,free_trip,4,Dormant,0.5524,10.3829,8.2859,1.8356,1.2619,1.5344,0.5229,0.6455,0.366,0,0.2614
83bd9b2250b94f2f,free_trip,1,Dormant,0.494,9.9607,7.9136,1.7461,2.5144,1.4596,0.6021,0.4721,0.3855,0,0.3011
83c00caf0e19d209,spend_10,1,Champions,1.6759,1.4143,0.8245,0.5193,3.7317,0.4418,0.141,0.0,0.3008,0,0.0705
841335df5bf23d5b,offpeak_15,2,Champions,11.661,7.3518,4.1104,3.2755,6.3141,2.7848,-0.0682,2.9781,-0.125,0,-0.0341
841c05f11ef582f5,free_trip,5,Dormant,0.5814,10.9112,8.7208,1.9319,1.6358,1.615,0.517,0.7209,0.377,0,0.2585
8420c6a84c777ca3,free_trip,4,Dormant,0.5411,10.3224,8.2523,1.8263,1.1399,1.5266,0.4877,0.6525,0.3865,0,0.2438
842e3a9da2a9db39,free_trip,0,Dormant,0.4921,9.8759,7.9023,1.7434,1.0062,1.4574,0.4606,0.592,0.4048,0,0.2303
843a45cb10aac8f8,free_trip,3,Dormant,0.585,10.9736,8.761,1.941,1.8142,1.6226,0.543,0.662,0.4175,0,0.2715
8450de3bf676f639,free_trip,5,Occasional,1.1071,15.072,12.0563,2.7338,1.6899,1.5083,0.5637,0.7035,0.2412,0,0.2819
847efd9c38bcf3f1,free_trip,1,Dormant,0.5547,10.7591,8.598,1.9009,1.7051,1.589,0.5206,0.7092,0.3592,0,0.2603
848c6c9216d921b9,spend_10,2,Champions,0.8229,3.1366,2.3695,0.663,4.0981,0.5538,0.2081,0.0,0.3457,0,0.1041
849620da42ec6c55,spend_10,2,Champions,1.2837,1.5397,0.9753,0.4692,7.2704,0.273,0.1904,0.0,0.0826,0,0.0952
84a77d4b6d90c97e,free_trip,0,Dormant,0.5558,10.6153,8.4652,1.8735,1.2884,1.5661,0.5532,0.6397,0.3732,0,0.2766
84c113b6d398e36e,free_trip,1,Dormant,0.707,11.8599,9.4323,2.1058,1.9443,1.7603,0.6438,0.7549,0.3615,0,0.3219
84c4f5bda3e22841,free_trip,4,Dormant,0.5642,10.9012,8.6995,1.9239,2.1099,1.6083,0.5557,0.6956,0.357,0,0.2779
84c92e47e1a2f9cd,free_trip,0,Dormant,0.6192,11.5773,9.2023,2.0398,1.704,1.7051,0.6703,0.6594,0.3754,0,0.3352
84d7587fb69e88d3,free_trip,5,Dormant,0.5297,10.463,8.3526,1.8447,1.5013,1.5421,0.5313,0.6803,0.3304,0,0.2657
84e1de2ab1400e12,free_trip,1,Dormant,0.5007,9.9758,7.9605,1.7573,1.828,1.469,0.516,0.6192,0.3337,0,0.258
84e2b2eff5ab7a1d,free_trip,2,Dormant,0.5524,10.8332,8.6448,1.9101,0.9701,1.5967,0.5567,0.6808,0.3592,0,0.2784
84e707e634437760,spend_10,0,Champions,2.1019,5.5823,4.1992,1.3086,4.4939,0.9178,0.149,0.0,0.7689,0,0.0745
84f88de30c2c2361,free_trip,0,Dormant,0.5204,10.2504,8.2004,1.8112,1.4748,1.514,0.4776,0.7092,0.3272,0,0.2388
8507f17e0ed48e2f,offpeak_pass,2,Loyal,0.4131,0.6185,0.4746,0.1844,0.9666,0.1974,-0.0809,0.2783,0.0,0,-0.0405
851342e1dd8b6d79,free_trip,4,Occasional,0.9184,16.1747,13.0271,2.8963,2.1988,1.5828,0.5027,0.7456,0.3346,0,0.2513
8514f9c7dbd5ab5b,free_trip,3,Occasional,1.2655,14.644,11.6443,2.6812,1.8121,1.7022,0.6369,0.7265,0.3388,0,0.3185
85202817533d4b81,free_trip,2,At risk,0.6903,12.365,9.9063,2.2007,2.1066,1.3816,0.516,0.5004,0.3651,0,0.258
8522b7ab35d5655b,free_trip,2,Dormant,0.5227,10.3362,8.2583,1.8237,2.1382,1.5245,0.5084,0.6408,0.3753,0,0.2542
85353041462c593d,free_trip,4,Dormant,0.5622,10.547,8.4219,1.8659,1.2777,1.5597,0.5184,0.6548,0.3865,0,0.2592
854b810ed4ad6317,free_trip,5,Dormant,0.5004,9.988,7.9788,1.761,1.9449,1.4721,0.4965,0.6495,0.3261,0,0.2482
85550097e1dc016e,free_trip,0,At risk,0.5754,10.2074,8.1795,1.8183,2.1565,1.0341,0.4194,0.4679,0.1468,0,0.2097
856489983cb25c24,spend_10,4,Champions,1.7605,4.2554,3.1701,1.024,3.0714,0.8875,0.1227,0.0,0.7649,0,0.0613
85694c84a28782aa,free_trip,4,Dormant,0.5371,10.5477,8.4277,1.8618,2.0928,1.5564,0.5163,0.6697,0.3704,0,0.2581
8572134de1804dd5,free_trip,0,Dormant,0.5371,10.6159,8.5082,1.8786,1.6687,1.5704,0.4583,0.7035,0.4086,0,0.2291
85832d906a85a70e,free_trip,0,Dormant,0.542,10.646,8.4993,1.8777,1.0325,1.5697,0.5379,0.6008,0.431,0,0.2689
8589ea2236afbb99,free_trip,4,Dormant,0.499,9.9668,7.9614,1.7571,1.1166,1.4688,0.4966,0.6018,0.3704,0,0.2483
859d308fd1e13af7,free_trip,5,Dormant,0.556,10.9207,8.7304,1.9286,1.2967,1.6122,0.5234,0.7323,0.3565,0,0.2617
85a7ac843e6f20d9,free_trip,4,Dormant,0.5307,10.5186,8.4021,1.8552,0.8257,1.5508,0.5226,0.6519,0.3763,0,0.2613
85b332762561ba2f,free_trip,3,Dormant,0.6042,11.4172,9.1192,2.0194,1.6604,1.6881,0.5572,0.7571,0.3738,0,0.2786
85d205a7a27696b5,free_trip,2,Dormant,0.5463,10.7424,8.5682,1.8929,1.6198,1.5824,0.5625,0.6779,0.342,0,0.2813
85dccea4979dee86,free_trip,3,Dormant,0.5536,10.7115,8.5493,1.8905,0.738,1.5804,0.5435,0.6436,0.3933,0,0.2717
85e475a9c622b8c5,free_trip,5,Dormant,0.4976,9.9173,7.931,1.7505,1.509,1.4633,0.4718,0.6631,0.3284,0,0.2359
85f06b4504e5f30f,free_trip,2,Dormant,0.516,10.316,8.232,1.8168,1.2265,1.5187,0.5344,0.6572,0.3272,0,0.2672
85fcd02a542d0c26,free_trip,5,Dormant,0.504,10.0304,8.0052,1.7672,1.7742,1.4773,0.516,0.6219,0.3394,0,0.258
86047cfa74d6f77d,spend_10,2,Champions,2.0537,3.6149,2.5853,0.9634,3.0899,0.7924,0.1323,0.0,0.6601,0,0.0661
860853d1ded48c08,free_trip,2,Dormant,0.5478,10.6343,8.4904,1.8771,1.7894,1.5691,0.5335,0.6875,0.3481,0,0.2668
862f6f64a906fa1a,free_trip,0,Dormant,0.5214,10.3905,8.2407,1.8197,2.2245,1.5212,0.6603,0.5193,0.3416,0,0.3301
8632be8d37652d97,free_trip,2,Dormant,0.5627,11.014,8.7968,1.9438,1.112,1.6249,0.5466,0.7125,0.3658,0,0.2733
864badab55470046,spend_10,3,Loyal,3.0343,1.7174,0.848,0.8063,1.5059,0.6707,0.1264,0.0,0.5443,0,0.0632
864f624591127e8d,free_trip,4,Dormant,0.5259,10.4209,8.3129,1.8357,1.1745,1.5345,0.5445,0.6196,0.3704,0,0.2722
865979854b8ba4dd,free_trip,4,Dormant,0.7334,11.4737,9.1204,2.0465,1.2526,1.7107,0.6137,0.7308,0.3663,0,0.3068
865bc80776077bcc,free_trip,0,Dormant,0.7953,11.3216,9.0358,2.0418,2.3446,1.7068,0.488,0.8654,0.3534,0,0.244
86687e6fc8e741eb,spend_10,5,Champions,2.0616,4.5136,3.3321,1.1202,3.7156,0.8026,0.1226,0.0,0.6799,0,0.0613
868223c9c46c3ac2,spend_10,2,Champions,1.4803,5.9074,4.5728,1.2571,3.7867,0.9998,0.155,0.0,0.8449,0,0.0775
869ed4aa9e5f8319,free_trip,0,Occasional,0.9829,13.1325,10.4728,2.3792,1.9781,1.4957,0.5612,0.59,0.3444,0,0.2806
86a3bd1014c8052b,spend_10,3,Champions,2.4184,2.0968,1.2608,0.7641,1.9035,0.6359,0.1437,0.0,0.4922,0,0.0718
86a4b5685a798946,free_trip,4,Dormant,0.7037,12.4045,9.8991,2.202,1.8763,1.8408,0.6069,0.8532,0.3807,0,0.3034
86ac60814b45e8a0,free_trip,2,Dormant,0.5181,10.3467,8.2476,1.8205,1.4648,1.5218,0.5572,0.6071,0.3576,0,0.2786
86ad10753f43f93a,spend_10,5,Champions,1.8394,3.281,2.3579,0.8717,4.1553,0.3417,0.1029,0.0,0.2389,0,0.0514
86b5d7aeb90f3d7b,spend_10,5,Champions,1.265,2.8523,2.0634,0.6912,3.7895,0.4129,0.1954,0.0,0.2174,0,0.0977
86bc7382fbf7d138,free_trip,0,Dormant,0.5545,10.7203,8.5656,1.8941,1.8634,1.5834,0.5212,0.6244,0.4377,0,0.2606
86cc524eb93464a6,free_trip,4,At risk,0.6562,14.1466,11.4175,2.5075,2.3997,1.4482,0.4432,0.6945,0.3105,0,0.2216
86cdc596230f2ede,free_trip,0,At risk,0.5752,10.4538,8.3532,1.8543,1.7056,1.3826,0.4925,0.5892,0.3008,0,0.2463
86de091e9ba65125,free_trip,4,At risk,0.8932,12.5467,10.0505,2.2728,1.7887,1.3958,0.4466,0.6272,0.3219,0,0.2233
86e77dffff7922a2,free_trip,5,Occasional,1.5746,18.1525,14.5681,3.3526,5.7285,1.5252,0.4637,0.7118,0.3497,0,0.2319
86fb4132a34b7a0b,spend_10,3,Champions,2.5046,2.4623,1.5885,0.8501,3.0904,0.7327,0.0475,0.0,0.6852,0,0.0238
8705ead942879fcc,free_trip,3,Dormant,0.5185,10.1197,8.0771,1.7852,1.989,1.4923,0.5149,0.6038,0.3736,0,0.2574
8708f60e79fc641b,free_trip,2,Dormant,0.5447,10.5199,8.3933,1.8563,1.0209,1.5517,0.5407,0.5971,0.4139,0,0.2703
870a318c01dd0594,free_trip,0,Dormant,0.5639,10.7266,8.5557,1.894,1.8801,1.5833,0.5538,0.6571,0.3723,0,0.2769
870f50be3304b916,free_trip,0,Dormant,0.5328,10.4346,8.3483,1.8445,1.8129,1.5419,0.4838,0.6988,0.3592,0,0.2419
8725e06a69c73378,free_trip,2,At risk,0.7401,12.1719,9.7645,2.1816,2.7815,1.2769,0.4515,0.6078,0.2175,0,0.2258
87413b677cb088f0,free_trip,1,Dormant,0.5083,10.1265,8.102,1.7882,1.215,1.4948,0.4726,0.6528,0.3694,0,0.2363
87439bef298f533f,spend_10,0,Loyal,3.1211,3.6611,2.4627,1.1597,4.4818,0.8856,0.0776,0.0,0.808,0,0.0388
874a6041ac39dd10,free_trip,0,Dormant,0.5497,10.7333,8.5684,1.8937,1.7892,1.583,0.5425,0.6521,0.3884,0,0.2712
875285065f964fcf,spend_10,2,Champions,1.1028,34.9653,28.2437,6.0948,15.1284,5.2965,1.2537,0.0,4.0427,0,0.6269
875b63eb4efc5b5c,offpeak_15,4,At risk,0.773,0.6409,0.4011,0.2438,0.7072,0.1098,-0.0079,0.1269,-0.0092,0,-0.004
875f647428c9fdc7,free_trip,4,Dormant,0.6561,11.8862,9.4982,2.1089,1.1773,1.7629,0.5583,0.7907,0.4139,0,0.2791
8764e686301a8ecb,free_trip,1,Dormant,0.5582,10.7198,8.5622,1.8942,1.6868,1.5834,0.5268,0.6996,0.357,0,0.2634
876b557d2ca49b91,free_trip,3,Dormant,0.5342,10.6184,8.4955,1.8753,1.3028,1.5677,0.4952,0.6885,0.384,0,0.2476
878b49378d99d675,free_trip,5,Dormant,0.5456,10.5965,8.4546,1.8692,1.541,1.5625,0.5453,0.6485,0.3687,0,0.2727
879d92ec56a5444d,spend_10,0,Champions,1.9559,3.4209,2.4249,0.9098,2.4972,0.5735,0.1723,0.0,0.4012,0,0.0862
87a319854b3cbcc7,free_trip,1,Dormant,0.5265,10.3417,8.2443,1.8216,1.1582,1.5227,0.5516,0.6119,0.3592,0,0.2758
87a5da0eed04c583,spend_10,5,Champions,0.9887,12.3192,9.7344,2.227,4.8638,1.3346,0.7155,0.0,0.619,0,0.3578
87b5d8076ff131d6,free_trip,1,Dormant,0.5011,10.0323,8.0079,1.7672,1.4385,1.4773,0.5144,0.6036,0.3592,0,0.2572
87bb92e424f286b0,spend_10,4,Champions,1.3328,1.6682,1.0875,0.5027,3.0098,0.4321,0.1562,0.0,0.2759,0,0.0781
87c13369f4a01640,weekend_20,2,Occasional,1.4798,1.0187,0.6241,0.4369,1.9398,0.2997,-0.0848,0.0642,0.3203,0,-0.0424
87d6014bd8585061,spend_10,0,Champions,2.0005,1.3082,0.6587,0.5523,3.1158,0.3169,0.1946,0.0,0.1223,0,0.0973
87d97a04b3da981b,free_trip,4,Dormant,0.5145,10.2777,8.2182,1.8136,1.4839,1.5161,0.4918,0.6062,0.4181,0,0.2459
87e1b6bae636ec36,spend_10,1,Champions,2.7981,2.751,1.7525,0.9451,2.5382,0.7241,0.107,0.0,0.6171,0,0.0535
87e9806bb155ecd0,weekend_20,4,Loyal,3.2957,1.5781,0.7587,0.842,1.5344,0.5321,-0.0453,-0.0128,0.5901,0,-0.0226
87ebc467d75407f0,free_trip,0,Dormant,0.5801,10.7354,8.5619,1.8986,2.6753,1.5871,0.5497,0.6662,0.3712,0,0.2749
87ec4ead6806a903,spend_10,2,Champions,2.2014,3.1559,2.1835,0.9107,4.4453,0.8536,0.1233,0.0,0.7303,0,0.0616
87ee950d390d2705,spend_10,2,Champions,1.1667,2.3024,1.6122,0.5771,2.628,0.4515,0.2261,0.0,0.2254,0,0.1131
87fcc72d87845206,spend_10,3,Loyal,1.1893,0.8145,0.4614,0.3428,0.7307,0.3547,0.0207,0.0,0.3341,0,0.0103
882da9bce9521d05,free_trip,1,At risk,0.8023,13.3737,10.7182,2.3926,2.5827,1.4306,0.5258,0.5151,0.3898,0,0.2629
88379da455599554,spend_10,0,Champions,2.2602,2.4081,1.5578,0.793,5.809,0.5569,0.1146,0.0,0.4423,0,0.0573
884d0cd311dc4656,spend_10,1,Champions,2.7686,1.3317,0.5974,0.6991,1.6333,0.6519,0.0705,0.0,0.5814,0,0.0353
884f315c84323940,free_trip,0,Dormant,0.5621,10.9933,8.7894,1.9422,1.3642,1.6235,0.5234,0.7323,0.3678,0,0.2617
88541839c0425a2d,free_trip,0,Dormant,0.5748,11.0042,8.7774,1.9423,1.73,1.6236,0.5691,0.7124,0.3422,0,0.2845
885427d63de7ebb6,spend_10,5,Champions,2.0746,2.6741,1.8378,0.8126,1.7282,0.6312,0.0475,0.0,0.5837,0,0.0238
8860dd396d57c4cd,free_trip,4,At risk,0.6503,10.688,8.4719,1.8945,2.1257,1.6041,0.643,0.6241,0.337,0,0.3215
886a674e523f7267,offpeak_15,2,Champions,10.566,4.5489,1.9174,2.5926,5.471,2.5198,0.0778,2.5196,-0.0775,0,0.0389
886b081c8f3b8692,weekend_20,1,Occasional,2.3287,1.9035,1.2089,0.7347,1.9114,0.1531,-0.0802,-0.0642,0.2974,0,-0.0401
886d716befb69a07,free_trip,1,At risk,0.7267,12.092,9.6853,2.1624,2.7188,1.4365,0.4886,0.607,0.3409,0,0.2443
887165b7e556f918,offpeak_15,1,Champions,20.3646,19.2146,12.5396,6.8337,11.5308,6.841,-0.3174,7.7184,-0.5601,0,-0.1587
887f1f12f8297f1e,free_trip,5,At risk,0.6464,16.1743,13.0555,2.8457,4.1725,1.4336,0.5463,0.6359,0.2514,0,0.2732
8883a7c95fe998f2,spend_10,5,Champions,1.9675,2.1599,1.4092,0.7013,1.7843,0.6489,0.0987,0.0,0.5502,0,0.0494
888599c432eca091,offpeak_15,2,Champions,24.1524,13.407,6.9462,6.4587,7.3836,3.6414,0.0043,3.6196,0.0175,0,0.0021
889b60c7442957d2,rush_hour_25,2,Occasional,3.1283,1.8292,0.6759,0.7901,1.7934,0.6508,0.7265,-0.0572,-0.0184,0,0.3632
88a4728085e5b3f3,free_trip,1,Dormant,0.6232,11.73,9.3379,2.0688,2.2265,1.7294,0.6466,0.7121,0.3707,0,0.3233
88b625fdd65d1ca3,spend_10,1,Occasional,0.7936,1.6967,1.2209,0.4184,1.1577,0.3273,0.1149,0.0,0.2124,0,0.0574
88c5abdc9b703ffc,spend_10,2,Champions,1.2338,1.5498,0.9893,0.4617,2.9152,0.4322,0.1977,0.0,0.2346,0,0.0988
88c8ea0315666e06,spend_10,5,Champions,0.9906,8.9618,7.1599,1.6927,4.9338,1.4668,0.2184,0.0,1.2485,0,0.1092
88cd153a012ec395,free_trip,3,At risk,0.6925,13.0029,10.4778,2.3199,3.0859,1.4819,0.4103,0.7508,0.3208,0,0.2052
88d0c7a8380036c6,spend_10,5,Loyal,2.7415,3.2304,2.1743,1.0209,2.7933,0.7855,0.0704,0.0,0.7151,0,0.0352
88db2855206d68a0,spend_10,3,Champions,0.9504,1.4057,0.9448,0.3936,3.6023,0.2787,0.1347,0.0,0.144,0,0.0673
890c401b8db3eca6,spend_10,3,Champions,2.1528,3.7085,2.6306,0.9934,2.5417,0.9377,0.1688,0.0,0.7689,0,0.0844
890f277ff4ce8165,weekend_20,5,At risk,1.4114,0.7868,0.4495,0.3865,1.0981,0.0794,-0.0984,-0.0807,0.2584,0,-0.0492
89144b7b2e453ad4,spend_10,1,Champions,0.8483,2.6967,1.9694,0.5852,4.8293,0.5304,0.2844,0.0,0.246,0,0.1422
89151208b6fbb6cf,free_trip,3,Dormant,0.5067,10.0115,8.005,1.7677,1.8386,1.4777,0.4776,0.6729,0.3272,0,0.2388
892ed049c25ccf32,free_trip,0,At risk,0.4377,12.5555,10.1347,2.1957,3.2264,1.1105,0.4502,0.4208,0.2396,0,0.2251
893efce359586c85,offpeak_15,0,Occasional,1.0054,1.5401,1.1069,0.4387,1.5671,0.1878,-0.011,0.2202,-0.0213,0,-0.0055
89606d8705c1e273,free_trip,3,Dormant,0.5505,10.8035,8.64,1.9087,1.271,1.5956,0.5096,0.7172,0.3688,0,0.2548
8960d3b9699e6cea,free_trip,2,Dormant,0.5445,10.4442,8.34,1.8452,1.3246,1.5425,0.5181,0.66,0.3643,0,0.259
896504ef7e6ae2e4,free_trip,4,Dormant,0.5014,10.0173,8.0124,1.7682,1.5871,1.4781,0.4735,0.5865,0.4181,0,0.2367
8972edd4fe8a794d,spend_10,2,Champions,2.0719,1.5857,0.9072,0.6187,3.7706,0.5865,0.1196,0.0,0.4669,0,0.0598
897ea15aa01b7e93,free_trip,2,Dormant,0.5633,10.9657,8.7519,1.9346,1.6338,1.6172,0.5584,0.6996,0.3592,0,0.2792
898415e10302b04e,spend_10,4,Champions,0.814,12.7209,10.3322,2.3149,5.4943,1.8857,0.1476,0.0,1.7381,0,0.0738
89844da121cd55f6,spend_10,0,Champions,1.9721,2.0424,1.309,0.6814,4.3245,0.4461,0.1039,0.0,0.3422,0,0.052
89b9f13ea65f1580,free_trip,5,Dormant,0.5945,11.3154,9.0245,1.9977,1.0704,1.67,0.5863,0.7062,0.3775,0,0.2931
89c6bf37d4ea45ac,spend_10,5,Champions,2.5715,1.9236,1.1078,0.7641,2.5889,0.6374,0.1033,0.0,0.5341,0,0.0517
89ccd2b906380821,spend_10,2,Champions,1.4586,5.2683,4.0479,1.1436,3.6088,1.0168,0.1535,0.0,0.8633,0,0.0768
89dfb0fecfe54c7a,free_trip,1,Dormant,0.5365,10.471,8.3685,1.8494,1.4427,1.546,0.5061,0.6823,0.3576,0,0.2531
89f59977bb1b8359,free_trip,4,Occasional,1.3181,14.5501,11.6733,2.6981,4.1936,0.9568,0.3574,0.4043,0.1951,0,0.1787
8a1679cf45a307ab,spend_10,0,Champions,1.2729,2.3108,1.6289,0.6027,4.1034,0.4827,0.1585,0.0,0.3241,0,0.0793
8a190f5cdad09447,free_trip,2,Dormant,0.5449,10.7074,8.5576,1.8904,1.2615,1.5803,0.5188,0.6994,0.3622,0,0.2594
8a1a62fc51dd0354,free_trip,5,Dormant,0.559,10.9477,8.7383,1.9309,1.816,1.6141,0.5571,0.699,0.358,0,0.2785
8a26b6fdea890fa2,free_trip,0,Dormant,0.5004,9.9626,7.9493,1.7549,0.9406,1.467,0.5169,0.6035,0.3466,0,0.2585
8a2750d17c438f02,offpeak_15,1,Champions,4.211,2.2334,1.1116,1.1054,4.3216,1.0605,0.0328,1.1809,-0.1533,0,0.0164
8a34daaf6ff3ad70,free_trip,4,Dormant,0.5296,10.4576,8.3408,1.8422,1.148,1.54,0.5492,0.5969,0.394,0,0.2746
8a36fc74460c663c,free_trip,4,Occasional,0.7636,10.9107,8.6961,1.9646,2.4029,1.1509,0.4999,0.4169,0.2341,0,0.2499
8a5f81474b8e0780,spend_10,3,Champions,0.6592,1.4513,0.9976,0.3441,7.5603,0.1824,0.2193,0.0,-0.0368,0,0.1096
8a64a46e4a04578b,free_trip,2,Dormant,0.5094,10.2401,8.1244,1.7931,2.2621,1.4989,0.6453,0.49,0.3636,0,0.3227
8a692f5c452c34f0,free_trip,1,Dormant,0.5639,10.8062,8.6323,1.9099,1.146,1.5966,0.5281,0.7092,0.3592,0,0.2641
8a6da92d34c8c76d,free_trip,2,At risk,0.7698,10.2153,8.1341,1.8492,1.8416,1.4203,0.4641,0.6673,0.2889,0,0.232
8a705ea0f9c902a1,spend_10,2,Champions,1.1489,1.1008,0.6221,0.3678,4.1177,0.2081,0.2216,0.0,-0.0135,0,0.1108
8a91eb45a3979d74,free_trip,4,Dormant,0.5333,10.5191,8.415,1.8584,1.0667,1.5535,0.4914,0.7236,0.3386,0,0.2457
8a94b72f58b67275,free_trip,2,Dormant,0.5593,10.3852,8.292,1.8383,2.118,1.5367,0.5099,0.6588,0.3679,0,0.255
8aa8b4f0e29fa603,free_trip,3,Dormant,0.6202,11.7654,9.3937,2.0797,1.1101,1.7385,0.5837,0.7513,0.4035,0,0.2919
8ab91797af10ec8c,spend_10,4,Champions,2.2486,1.2163,0.5796,0.5874,2.2623,0.5559,0.0988,0.0,0.4571,0,0.0494
8ac4d55f3c49f703,spend_10,5,Occasional,0.3787,0.3957,0.2436,0.1292,1.1361,0.0635,0.0458,0.0,0.0177,0,0.0229
8ad545d16f0710f6,free_trip,1,Dormant,0.5339,10.5385,8.4084,1.8572,1.0675,1.5525,0.5458,0.6432,0.3635,0,0.2729
8adf90b568d6911e,spend_10,2,Champions,0.8175,9.4138,7.5658,1.7411,5.9078,1.5298,0.2138,0.0,1.316,0,0.1069
8af62f55f6a19d6a,free_trip,3,Dormant,0.4967,9.9345,7.9261,1.7493,1.2833,1.4623,0.5183,0.6244,0.3196,0,0.2591
8b1e48935d9b3214,free_trip,3,Dormant,0.8147,11.1677,8.9018,2.018,2.4342,1.6869,0.4959,0.7573,0.4338,0,0.2479
8b25809cfbbe8794,free_trip,3,Dormant,0.6635,11.9866,9.5801,2.1274,1.2033,1.7784,0.5581,0.8359,0.3844,0,0.2791
8b2f4bf755675e82,spend_10,0,Champions,1.4059,3.9188,2.9391,0.9024,6.0497,0.6232,0.1545,0.0,0.4687,0,0.0773
8b316a7595043050,free_trip,2,Dormant,0.5249,10.2481,8.1971,1.8114,1.5969,1.5142,0.4792,0.71,0.3251,0,0.2396
8b3e78720cb8fbd4,free_trip,0,Dormant,0.5222,10.3492,8.2958,1.8313,1.4901,1.5309,0.4442,0.6811,0.4056,0,0.2221
8b45ab993a646825,free_trip,1,Dormant,0.5116,10.2491,8.2024,1.8097,1.2413,1.5128,0.474,0.6723,0.3666,0,0.237
8b8decfca3292196,free_trip,5,Dormant,0.5908,11.2765,9.0263,1.9973,2.1359,1.6696,0.5057,0.8183,0.3456,0,0.2529
8b971f5e1744d6b2,spend_10,5,Champions,2.2232,2.3639,1.5127,0.7759,2.469,0.6175,0.1508,0.0,0.4667,0,0.0754
8b9c3dcbaec7e85f,spend_10,3,Champions,1.2544,1.1979,0.6877,0.4033,5.542,0.0919,0.2137,0.0,-0.1217,0,0.1068
8ba3b2d57fead606,free_trip,5,Dormant,0.6257,10.9856,8.7601,1.9493,1.6198,1.6295,0.5525,0.7349,0.3421,0,0.2762
8bbbda2d3f93682a,free_trip,3,At risk,1.2201,14.3784,11.5009,2.6419,4.2706,1.1267,0.4711,0.4099,0.2458,0,0.2355
8bc4a5dd1603d44b,free_trip,3,Dormant,0.8922,10.3107,8.1865,1.8855,2.0502,1.5762,0.4773,0.6784,0.4205,0,0.2387
8be2dac52c1b9b3d,spend_10,3,Champions,0.7838,5.4513,4.2564,1.0468,13.4838,0.8287,0.2962,0.0,0.5325,0,0.1481
8be5de8dbc38e8e8,free_trip,5,At risk,0.8349,18.3325,14.8252,3.2523,2.8639,1.5472,0.51,0.6906,0.3466,0,0.255
8bed7b517d2a00e5,free_trip,0,Dormant,0.54,10.6132,8.4846,1.8743,1.3973,1.5668,0.5087,0.6988,0.3592,0,0.2544
8bf07511015988a0,spend_10,1,Champions,1.9116,1.3548,0.6882,0.5399,5.099,0.322,0.2533,0.0,0.0686,0,0.1267
8bf9b434a8848c9a,free_trip,2,Dormant,0.563,10.9448,8.6623,1.9159,2.1955,1.6016,0.7332,0.4766,0.3918,0,0.3666
8bfcb9ed5cc1cdca,offpeak_15,5,Champions,16.5551,11.7901,6.9811,4.8881,12.6436,1.8582,-0.1582,2.222,-0.2056,0,-0.0791
8c024c7cefa3a739,free_trip,5,Dormant,0.6586,12.0478,9.5902,2.1285,2.0814,1.7793,0.6581,0.7695,0.3517,0,0.3291
8c0ed6f295ed61db,rush_hour_25,0,Occasional,2.423,1.4663,0.5344,0.6142,1.2948,0.6025,0.6354,-0.0196,-0.0132,0,0.3177
8c10c2232d4dd047,spend_10,4,Champions,1.9508,3.5628,2.57,0.9389,2.4982,0.7875,0.1077,0.0,0.6798,0,0.0539
8c5857fff0522d24,spend_10,4,Champions,2.1269,5.6078,4.2563,1.3257,3.9276,0.825,0.0515,0.0,0.7735,0,0.0257
8c59aa46138e7e46,free_trip,0,Dormant,0.5446,10.7137,8.54,1.8867,2.2617,1.5772,0.5741,0.6652,0.3379,0,0.287
8c72663ddc6dd280,free_trip,3,At risk,0.7287,10.8474,8.6049,1.9384,2.6286,1.0836,0.6082,0.3592,0.1163,0,0.3041
8c763405268ec241,rush_hour_25,2,Occasional,3.1581,1.6143,0.6327,0.7873,1.2492,0.2975,0.3885,-0.082,-0.0091,0,0.1943
8c8c43fbc37ee34c,spend_10,3,Champions,1.7953,1.4543,0.8629,0.5521,2.3568,0.4851,0.0786,0.0,0.4065,0,0.0393
8c8c697c845ad853,free_trip,2,Dormant,0.557,10.7451,8.5743,1.8964,1.3506,1.5853,0.5488,0.5765,0.46,0,0.2744
8c979a4724eaebec,free_trip,4,Dormant,0.531,10.5276,8.3967,1.8541,1.0417,1.55,0.5535,0.5718,0.4247,0,0.2767
8caf3774835b2d34,free_trip,5,Dormant,0.5145,10.2088,8.1592,1.8014,1.4621,1.5058,0.4965,0.6833,0.3261,0,0.2482
8cb48f83cfa35a44,free_trip,1,Dormant,0.5574,10.6959,8.5318,1.8877,2.3325,1.578,0.5529,0.6662,0.3589,0,0.2764
8cb4fcccd4c15e38,free_trip,3,Dormant,0.4975,9.9404,7.9338,1.751,1.2052,1.4638,0.5111,0.6275,0.3251,0,0.2556
8cb67935873090d1,spend_10,4,Champions,0.8594,3.0599,2.281,0.6522,4.4502,0.6906,0.2535,0.0,0.4371,0,0.1267
8cb92e4f61c27adf,free_trip,2,Dormant,0.4959,10.0619,7.9881,1.762,2.8466,1.4729,0.6237,0.4901,0.3591,0,0.3119
8ccf48a575722c63,spend_10,5,Loyal,3.5204,6.729,4.9165,1.7522,3.3352,1.0254,0.1206,0.0,0.9048,0,0.0603
8cdf8e3b4e4f1d68,free_trip,5,Dormant,0.5688,10.8351,8.6406,1.9126,0.8594,1.5988,0.5638,0.6587,0.3763,0,0.2819
8cf272865c3afdcb,spend_10,1,Champions,1.7382,4.3553,3.2583,1.0377,3.402,0.9767,0.1185,0.0,0.8582,0,0.0593
8cf48efee33a6a6f,offpeak_15,0,Champions,26.2144,22.5366,14.3243,8.4192,19.6245,7.2306,-0.4139,7.6824,-0.038,0,-0.2069
8d09135db5a5cea9,offpeak_15,4,Champions,11.4045,8.3637,5.035,3.4142,5.9221,2.4785,-0.1712,2.7984,-0.1488,0,-0.0856
8d0d171d63b4d834,free_trip,4,At risk,0.5546,13.5594,10.9702,2.3935,3.8373,1.1687,0.3913,0.5075,0.2698,0,0.1957
8d14025fad705e3b,free_trip,5,Dormant,0.4953,9.8769,7.8972,1.743,1.5171,1.457,0.4733,0.6592,0.3246,0,0.2366
8d1d2851984db964,free_trip,1,Dormant,0.5483,10.7587,8.5719,1.8941,0.6747,1.5834,0.5854,0.6257,0.3723,0,0.2927
8d21bc4513e30cd4,free_trip,1,Dormant,0.5014,9.9945,7.984,1.7623,2.0295,1.4732,0.4965,0.6495,0.3272,0,0.2482
8d331581459809ab,rush_hour_25,1,Occasional,3.0529,1.8739,0.7137,0.7823,1.0984,0.731,0.7559,-0.0069,-0.0179,0,0.3779
8d331844afd4b59d,free_trip,0,At risk,0.5705,16.8181,13.5808,2.939,4.1949,1.2582,0.5965,0.4752,0.1865,0,0.2983
8d37a32775de0e95,spend_10,1,Champions,1.4822,5.2847,4.0615,1.1513,2.9782,1.2597,0.1439,0.0,1.1158,0,0.072
8d42263f3b625c7a,free_trip,2,Dormant,0.5234,10.2892,8.2055,1.8128,1.7622,1.5154,0.5418,0.602,0.3716,0,0.2709
8d537895c9a0ba34,free_trip,1,Dormant,0.5241,10.3392,8.2608,1.8245,1.6818,1.5252,0.5078,0.6902,0.3272,0,0.2539
8d5539d2a08bd65f,free_trip,1,At risk,1.1367,13.9257,11.1276,2.5471,2.3888,1.6409,0.5021,0.7597,0.3792,0,0.251
8d58e90ef45a6503,free_trip,3,Dormant,0.5033,9.8953,7.9087,1.747,1.9553,1.4604,0.4792,0.6561,0.3251,0,0.2396
8d7970d0e311b116,free_trip,5,Dormant,0.6049,11.4938,9.2083,2.038,0.987,1.7037,0.495,0.8354,0.3732,0,0.2475
8d83f37f800c2f28,weekend_20,4,Champions,6.3452,3.5434,1.9749,1.7279,3.223,1.7845,-0.3187,0.0053,2.0979,0,-0.1594
8d872837b4544249,free_trip,0,Dormant,0.6454,11.6515,9.2882,2.0631,1.5776,1.7246,0.6004,0.7299,0.3943,0,0.3002
8d9191051fb068e8,free_trip,4,Dormant,0.5235,10.4427,8.3518,1.8433,1.1451,1.5409,0.4952,0.7052,0.3405,0,0.2476
8d9e8b3a90b808aa,free_trip,5,Dormant,0.5694,11.1477,8.8994,1.9665,1.8698,1.6439,0.5634,0.7511,0.3294,0,0.2817
8dafd38d43aba818,free_trip,5,Dormant,0.551,10.3853,8.2935,1.8368,3.059,1.5355,0.5099,0.6357,0.3899,0,0.255
8db5e950f32a8877,free_trip,1,Dormant,0.5898,11.165,8.915,1.974,1.984,1.6501,0.552,0.6953,0.4028,0,0.276
8db926c15055ff61,free_trip,4,Occasional,1.7432,11.0555,8.7095,2.1709,3.9858,0.9659,0.3504,0.4312,0.1842,0,0.1752
8dbd7a1b503e3a40,offpeak_15,2,Champions,6.046,2.5914,1.2021,1.5053,3.1504,1.4492,-0.2321,1.7731,-0.0918,0,-0.116
8dcd07c9ba1eabd1,spend_10,3,Champions,1.9371,3.738,2.7459,0.9726,2.716,0.9196,0.039,0.0,0.8807,0,0.0195
8ddca617827fe592,free_trip,5,Dormant,0.5018,9.9064,7.911,1.7472,1.9926,1.4605,0.4965,0.6356,0.3284,0,0.2482
8ddfb4bea67ad343,free_trip,3,At risk,0.3966,10.1186,8.1479,1.7746,2.809,0.9357,0.3923,0.312,0.2314,0,0.1962
8de7e0462ac8e5b3,free_trip,1,Dormant,0.504,9.9919,7.9814,1.7623,1.8141,1.4732,0.4965,0.6495,0.3272,0,0.2482
8dfaaef53ac866bd,free_trip,2,Dormant,0.5088,10.0721,8.0548,1.7785,1.3706,1.4867,0.4776,0.6935,0.3156,0,0.2388
8e11a35be9c5d710,free_trip,4,Dormant,0.5325,10.4612,8.3729,1.8495,1.0716,1.5461,0.4776,0.7092,0.3592,0,0.2388
8e1d0b7bb0b3fea3,free_trip,3,Occasional,0.6246,12.6657,10.1868,2.2454,1.52,1.4066,0.4671,0.6286,0.311,0,0.2335
8e34f3c44c70c03a,offpeak_15,2,Champions,21.9073,14.7575,8.4158,6.2976,15.1259,6.4133,0.0881,6.4079,-0.0826,0,0.044
8e398c31de5f3321,spend_10,3,Champions,0.7841,5.5159,4.3359,1.0633,6.0341,0.8895,0.2334,0.0,0.6561,0,0.1167
8e465c43969c4c7c,offpeak_15,3,Champions,22.4585,12.7511,6.6621,6.0479,8.0403,5.4041,0.0823,5.4891,-0.1674,0,0.0412
8e51e6b686475bfb,free_trip,5,At risk,0.5917,14.4145,11.6509,2.5426,2.5896,1.3333,0.4419,0.6065,0.2848,0,0.221
8e7ac8b092f046d1,free_trip,4,At risk,0.8959,12.877,10.3443,2.3344,3.425,1.0048,0.3965,0.3703,0.238,0,0.1983
8e868e7ef0c7b510,free_trip,3,Dormant,0.4975,9.8841,7.9028,1.7446,1.4282,1.4584,0.4733,0.66,0.3251,0,0.2366
8e944262f8e3e4a9,free_trip,3,Dormant,0.4997,10.0338,8.0094,1.7672,1.3777,1.4773,0.5144,0.6036,0.3592,0,0.2572
8e9d850a03b46727,free_trip,3,Dormant,0.5466,10.572,8.4381,1.866,1.7574,1.5598,0.5358,0.6709,0.3531,0,0.2679
8eb80ec7800ae360,free_trip,2,Dormant,0.538,10.5945,8.4576,1.8683,1.2194,1.5617,0.5371,0.5893,0.4354,0,0.2686
8eca172a8efc792e,weekend_20,3,Occasional,2.1438,1.312,0.7679,0.6047,1.3283,0.2184,-0.1212,-0.0267,0.3663,0,-0.0606
8ecba57d6eb632df,spend_10,1,Champions,2.2474,1.1618,0.4611,0.5625,4.3801,0.2501,0.2765,0.0,-0.0264,0,0.1382
8ed7ac690eab9a67,free_trip,4,At risk,1.341,19.809,15.9567,3.5925,3.0861,1.5692,0.5197,0.718,0.3315,0,0.2598
8edc9e0b7958876d,spend_10,1,Champions,1.4965,1.9998,1.3551,0.5922,2.6191,0.3995,0.1048,0.0,0.2947,0,0.0524
8ee1d2f694b9a3cb,free_trip,5,Dormant,0.5234,10.2961,8.207,1.8132,1.0229,1.5157,0.5519,0.6149,0.3489,0,0.276
8ee29ae9c0e67c20,free_trip,3,Dormant,0.5856,11.1208,8.854,1.9604,1.2232,1.6388,0.6128,0.6577,0.3683,0,0.3064
8ee5430000a33400,free_trip,4,Dormant,0.5975,11.4155,9.1265,2.0195,1.3686,1.6882,0.5389,0.7122,0.4371,0,0.2694
8ef4e52841be1a5f,free_trip,1,At risk,0.7182,11.1077,8.8387,1.9848,1.79,1.3705,0.5684,0.5398,0.2623,0,0.2842
8efe967f3e4f6930,free_trip,3,Dormant,0.561,10.9998,8.7851,1.941,1.2623,1.6226,0.5473,0.7095,0.3658,0,0.2736
8f05ceb6584ded2a,free_trip,0,Dormant,0.5187,10.295,8.2134,1.8135,1.2201,1.516,0.5361,0.6528,0.3272,0,0.268
8f0f8edfc84f7903,spend_10,1,Champions,1.3569,0.8754,0.4277,0.3706,3.3715,0.2786,0.1542,0.0,0.1245,0,0.0771
8f180fca76f383d3,free_trip,4,At risk,0.9417,14.3875,11.4914,2.5822,2.2737,1.5614,0.6278,0.5432,0.3903,0,0.3139
8f191d166ac9adc7,free_trip,0,Dormant,0.6644,12.0207,9.5761,2.1268,0.7695,1.7779,0.6357,0.7253,0.4168,0,0.3179
8f2913bcebba0329,free_trip,0,At risk,1.1003,18.532,14.9449,3.3323,2.6581,1.5061,0.5096,0.7107,0.2859,0,0.2548
8f34e7994229ef57,spend_10,4,Champions,1.34,1.8039,1.1827,0.5239,6.0468,0.2577,0.1946,0.0,0.0631,0,0.0973
8f3dc4849f26871f,free_trip,1,Dormant,0.7839,11.5,9.1813,2.0696,1.639,1.7301,0.4982,0.8026,0.4293,0,0.2491
8f48e499103c18f7,free_trip,3,Dormant,0.5007,10.0223,8.0072,1.7669,1.5311,1.4771,0.4964,0.6039,0.3768,0,0.2482
8f568e8a6daeb921,offpeak_15,5,Champions,18.8196,10.8954,5.8737,5.1284,11.518,3.7713,-0.2134,3.9328,0.0519,0,-0.1067
8f7c192f61d2843e,free_trip,2,Dormant,0.6282,11.7871,9.4064,2.084,1.3355,1.7421,0.5932,0.741,0.408,0,0.2966
8f7c482f3bab5293,free_trip,1,Dormant,0.5032,10.0629,8.0423,1.7748,1.106,1.4836,0.4918,0.5936,0.3981,0,0.2459
8f836e5bc9314c28,spend_10,4,Occasional,0.4148,1.2185,0.8972,0.2725,1.1797,0.2739,0.0977,0.0,0.1763,0,0.0488
8f9fe9580c83a1a4,free_trip,3,Dormant,0.5302,10.413,8.3115,1.8363,0.9636,1.535,0.5304,0.6323,0.3723,0,0.2652
8fac21077c6446c5,spend_10,2,Loyal,2.5183,2.2709,1.3674,0.807,2.8627,0.2892,0.1929,0.0283,0.068,0,0.0965
8fb32a9b5dba494d,offpeak_pass,3,Loyal,0.5156,0.6615,0.4877,0.2084,1.1948,0.1706,-0.0692,0.2398,0.0,0,-0.0346
8fbe6364407082f8,free_trip,0,Dormant,0.6016,11.3711,9.0868,2.0121,1.5117,1.682,0.5442,0.7845,0.3532,0,0.2721
8fd229e3181cb0c2,spend_10,2,Champions,0.8055,19.5755,15.7018,3.4283,6.436,2.2485,0.891,0.0,1.3576,0,0.4455
8fd3d74f06052c3a,spend_10,5,Champions,2.2666,2.4927,1.6362,0.8106,1.6678,0.5509,0.0917,0.0,0.4592,0,0.0459
8fd3fbac5ccc7de2,free_trip,5,Occasional,0.8912,14.3404,11.4306,2.559,3.1506,1.8176,0.7014,0.8114,0.3049,0,0.3507
8fd6e8a258383c36,free_trip,3,Dormant,0.4991,10.01,7.9973,1.7646,1.7435,1.4751,0.4964,0.6248,0.3539,0,0.2482
8fdb261765a76095,spend_10,5,Champions,1.6896,1.9426,1.2152,0.6033,3.8542,0.4118,0.2481,0.0,0.1637,0,0.1241
8fdf7d7cafec2a75,free_trip,1,Dormant,0.5185,10.3095,8.2365,1.8183,1.0326,1.52,0.5095,0.6833,0.3272,0,0.2547
8fe592f7a8489cde,free_trip,0,Dormant,0.5112,10.1837,8.1388,1.7965,1.4356,1.5017,0.4968,0.5854,0.4195,0,0.2484
8fe7bf02de603c03,free_trip,0,Dormant,0.5074,10.0739,7.9991,1.7667,2.3005,1.4768,0.6162,0.4718,0.3889,0,0.3081
8fef880ff1aa1f39,spend_10,3,Champions,0.6727,1.4707,1.0241,0.3524,5.5963,0.2357,0.1884,0.0,0.0473,0,0.0942
8ff2032205a6df6f,free_trip,4,At risk,0.5177,11.4104,9.154,2.0087,1.9058,1.3638,0.4956,0.5732,0.295,0,0.2478
9000b0efc6a01ab8,free_trip,1,Dormant,0.5483,10.5035,8.3858,1.8555,0.9628,1.5511,0.5245,0.647,0.3796,0,0.2622
901144fa293bb241,free_trip,1,At risk,0.9361,11.3911,9.0404,2.0719,3.1982,1.2268,0.5576,0.4619,0.2072,0,0.2788
90116cb629ba32c7,free_trip,2,Dormant,0.5616,10.9574,8.7674,1.9375,1.0634,1.6196,0.5051,0.7584,0.3561,0,0.2526
901b3165aa8a2d31,free_trip,4,Dormant,0.5214,10.3974,8.2959,1.8312,1.5126,1.5308,0.5407,0.6724,0.3177,0,0.2703
901dc4001df2d491,offpeak_15,4,Champions,26.5216,29.3416,19.6683,9.5929,13.0447,7.3376,0.1607,7.3557,-0.1789,0,0.0804
904f278bc2873627,free_trip,0,Dormant,0.5895,11.2628,8.9996,1.9915,1.8776,1.6648,0.5435,0.756,0.3653,0,0.2717
90535e5f5ca558e1,free_trip,0,Dormant,0.7136,11.7049,9.3103,2.0818,1.9175,1.7403,0.6255,0.7399,0.3748,0,0.3128
905529a3d297ebb8,free_trip,5,Dormant,0.5109,10.0996,8.079,1.784,1.4496,1.4913,0.4733,0.6935,0.3246,0,0.2366
906179899799f3ea,free_trip,4,Occasional,1.3524,10.1997,7.9644,1.935,1.5925,1.1562,0.6008,0.3127,0.2427,0,0.3004
906c127c2c783888,free_trip,2,At risk,0.5527,10.5279,8.4511,1.8699,2.2785,1.4228,0.4137,0.6791,0.33,0,0.2069
9079a4437fa3b7b8,free_trip,0,Dormant,0.5011,9.9883,7.989,1.7633,1.1183,1.474,0.472,0.6223,0.3796,0,0.236
908e7b8467bfea3c,free_trip,0,Dormant,0.558,10.6758,8.507,1.8826,1.904,1.5738,0.5724,0.6599,0.3415,0,0.2862
90a49397aea363cc,free_trip,2,Dormant,0.4924,9.8884,7.8907,1.741,1.8229,1.4554,0.5133,0.5993,0.3429,0,0.2566
90abd674117562d3,free_trip,2,At risk,0.9556,13.0471,10.3829,2.3548,2.0813,1.6416,0.6187,0.6865,0.3363,0,0.3094
90ac51bb4c027650,free_trip,3,Dormant,0.5682,10.786,8.6111,1.9064,1.4247,1.5936,0.5372,0.6803,0.3761,0,0.2686
90bfb4134c2b5d4b,weekend_20,5,Loyal,2.4535,1.32,0.7043,0.6558,1.651,0.3293,-0.0801,-0.0762,0.4856,0,-0.04
90c64ec13fcd402b,free_trip,0,Occasional,0.7564,10.3865,8.2931,1.8794,3.3995,0.8851,0.428,0.341,0.1161,0,0.214
90cf2e92d4291974,spend_10,0,Champions,1.9502,3.742,2.7156,0.969,2.929,0.7108,0.1147,0.0,0.596,0,0.0574
90ee35239c08e94c,free_trip,2,At risk,1.0755,12.5816,9.979,2.2958,1.6257,1.6839,0.6135,0.7176,0.3528,0,0.3068
90f1e02ff4508384,spend_10,2,Champions,1.76,4.0001,2.9711,0.9826,3.0317,0.8325,0.0929,0.0,0.7396,0,0.0465
90fdd3efb2f38d0c,spend_10,5,Loyal,2.4276,5.0006,3.6533,1.2629,2.2542,0.8591,0.1688,0.0,0.6903,0,0.0844
90fe15dc9821a074,free_trip,3,Dormant,0.5287,10.4015,8.2993,1.8334,0.7742,1.5326,0.5376,0.5965,0.3985,0,0.2688
9101f2597b5dc23f,free_trip,3,At risk,1.2676,30.9276,25.1326,5.4829,6.4268,1.5772,0.6243,0.6407,0.3122,0,0.3122
9104ab8a39c9300f,free_trip,0,Occasional,1.0309,12.071,9.6084,2.2096,2.017,1.5909,0.506,0.738,0.3469,0,0.253
9106ca89a26e75bc,free_trip,2,Occasional,0.7828,11.879,9.5103,2.1377,2.0089,1.3473,0.462,0.5643,0.321,0,0.231
91171603151aa3f6,free_trip,4,Dormant,0.5558,10.6642,8.5113,1.8831,1.8677,1.5741,0.5397,0.6813,0.3531,0,0.2699
91184d03729ef949,free_trip,5,Dormant,0.6866,12.2407,9.7431,2.1661,1.4303,1.8107,0.6629,0.7165,0.4313,0,0.3315
91220e9677c3ca16,weekend_20,0,Champions,8.1153,3.973,1.813,2.062,5.0558,1.5716,0.1959,-0.2364,1.6122,0,0.0979
9165fd2501d701d2,free_trip,0,Dormant,0.5298,10.4496,8.3422,1.8426,1.115,1.5403,0.5297,0.6835,0.3272,0,0.2648
91667919fce46d4a,free_trip,2,At risk,0.7616,10.3655,8.2573,1.8731,1.1222,1.3439,0.4702,0.586,0.2876,0,0.2351
91674fcef42f2693,free_trip,3,Dormant,0.5565,10.8227,8.6336,1.9086,1.9719,1.5955,0.5609,0.6814,0.3531,0,0.2805
916d530b4f9c366d,spend_10,5,Champions,2.1981,1.1451,0.5209,0.5647,3.9785,0.3039,0.119,0.0,0.1848,0,0.0595
9182689696fc3379,free_trip,1,Dormant,0.5162,10.2527,8.1964,1.8095,2.1028,1.5126,0.4937,0.6201,0.3988,0,0.2468
91a6c9fabb151475,offpeak_15,5,Champions,8.1383,4.4448,2.257,2.1589,3.7113,1.5287,0.0577,1.6355,-0.1645,0,0.0289
91ba7e339d616c82,free_trip,1,Dormant,0.5574,10.9206,8.7077,1.9242,0.9301,1.6085,0.5773,0.6708,0.3604,0,0.2887
91d0b910fade9cfc,pct_10,5,Champions,17.9929,8.8137,3.9193,4.5508,8.5416,3.2423,0.6871,1.6228,0.9324,0,0.3435
91dd591efdd49cac,free_trip,2,At risk,0.7414,10.0248,7.9203,1.7989,1.4031,1.6994,0.6112,0.7153,0.3729,0,0.3056
91edfe7994a6ceb2,spend_10,2,Loyal,2.5906,2.0945,1.2586,0.7994,2.2185,0.758,0.0731,0.0,0.6849,0,0.0365
920220f03fd462fe,free_trip,2,Occasional,0.7511,11.8031,9.4778,2.1244,2.4284,1.2578,0.4017,0.6076,0.2485,0,0.2008
920b6e5543cf60f9,free_trip,5,Dormant,0.4997,9.9888,7.9795,1.761,1.9677,1.4721,0.4965,0.6495,0.3261,0,0.2482
920e356b92c4abb3,free_trip,1,Dormant,0.4969,9.9567,7.9462,1.7535,1.107,1.4658,0.514,0.6246,0.3272,0,0.257
92246cc8b8a029dc,spend_10,3,Champions,1.4966,1.8729,1.215,0.5632,4.4058,0.3922,0.1894,0.0,0.2029,0,0.0947
923d46680e6fb91c,weekend_20,5,Occasional,1.6106,0.8681,0.4731,0.4327,1.1302,0.2116,-0.0753,-0.0716,0.3585,0,-0.0377
92422a889fed37b2,offpeak_15,3,Champions,29.1901,37.1266,25.6776,11.3951,25.6768,11.0821,0.1077,10.6859,0.2886,0,0.0538
9243ddb64864420b,spend_10,1,Champions,1.2199,7.0918,5.6192,1.4204,3.8066,1.3474,0.1044,0.0,1.243,0,0.0522
924b7e78b122db05,free_trip,1,Dormant,0.5367,10.5357,8.4071,1.8575,1.7158,1.5527,0.5423,0.6241,0.3863,0,0.2712
9264df957168a411,free_trip,0,Occasional,0.7993,10.6733,8.5171,1.9349,2.2873,1.0868,0.4427,0.4378,0.2062,0,0.2214
926ff528f6e3b44f,spend_10,3,Champions,2.1572,2.544,1.6879,0.7986,1.8508,0.7046,0.115,0.0,0.5897,0,0.0575
92706bb318a60b60,spend_10,1,Loyal,3.2018,5.5921,4.0326,1.5024,3.7996,0.7095,0.1143,0.0,0.5952,0,0.0571
9274b35d65bad91d,spend_10,2,Champions,1.8151,4.156,3.0542,1.0113,2.4358,1.0922,0.1812,0.0,0.9109,0,0.0906
927c6d7baa0b7b54,free_trip,4,Dormant,0.5562,10.8276,8.6677,1.9157,1.202,1.6014,0.4885,0.757,0.3559,0,0.2442
927ed1c27f601d3b,free_trip,1,Dormant,0.5324,10.5196,8.3944,1.854,1.5094,1.5498,0.5425,0.5893,0.4181,0,0.2712
92903fc8e68c6601,free_trip,2,Dormant,0.544,10.4524,8.3437,1.8458,1.6128,1.543,0.5257,0.6642,0.3531,0,0.2628
92916af5fb280333,spend_10,2,Champions,0.9282,4.2004,3.0201,0.82,5.6781,0.7224,0.7205,0.0,0.0019,0,0.3602
92a0e3c2259e5f2d,spend_10,5,Loyal,2.7978,1.5954,0.8164,0.7506,1.4008,0.6963,0.0568,0.0,0.6395,0,0.0284
92a36ca0d6088619,free_trip,3,Dormant,0.8686,11.4056,9.0898,2.0682,2.0352,1.7289,0.4952,0.8497,0.3839,0,0.2476
92a5883cb59fd697,free_trip,5,At risk,0.4757,11.6361,9.3714,2.0451,2.6726,1.2446,0.4394,0.4697,0.3355,0,0.2197
92ba343521727a69,free_trip,1,Dormant,0.5117,10.2508,8.2092,1.8112,1.1299,1.514,0.461,0.6077,0.4454,0,0.2305
92ca882217e7db30,weekend_20,4,Occasional,1.5214,1.1295,0.6807,0.4573,1.1177,0.595,-0.0172,0.004,0.6082,0,-0.0086
92d6a7d33ccc7446,free_trip,2,Dormant,0.6705,12.1312,9.6868,2.151,1.981,1.7981,0.5865,0.8359,0.3757,0,0.2933
92dbbeadb08fed6c,free_trip,4,Dormant,0.5251,10.3006,8.2106,1.8143,0.9973,1.5166,0.5515,0.5936,0.3715,0,0.2757
92e1369097ed2af0,free_trip,4,Dormant,0.552,10.7097,8.5538,1.8911,1.8239,1.5809,0.5295,0.6587,0.3926,0,0.2648
92ee45c5c1e9e82b,spend_10,2,Champions,1.955,1.3935,0.7362,0.5589,3.1965,0.2921,0.1967,0.0,0.0953,0,0.0984
92f30a788fe9a041,free_trip,2,Dormant,0.5656,10.8717,8.6686,1.9178,3.2579,1.6031,0.5708,0.6646,0.3677,0,0.2854
92f66cf72d67103a,free_trip,1,Dormant,0.5315,10.4279,8.3167,1.8376,1.5117,1.5361,0.5471,0.5994,0.3897,0,0.2736
930812b3366648fa,spend_10,3,Champions,1.8191,1.088,0.5334,0.4886,3.1626,0.3504,0.1321,0.0,0.2183,0,0.0661
930e7eeb702ab323,free_trip,4,Dormant,0.5516,10.7839,8.6359,1.9081,1.7115,1.5951,0.4798,0.7786,0.3367,0,0.2399
932955f5a8730201,free_trip,0,Dormant,0.5789,10.817,8.6439,1.9154,1.881,1.6012,0.5154,0.6682,0.4175,0,0.2577
932aa100eb1d6a56,spend_10,5,Champions,2.1371,3.7657,2.7133,1.0074,3.8212,0.4375,0.0899,0.0,0.3476,0,0.045
932e0476d2269d0e,weekend_20,0,Champions,12.1523,7.5716,4.2293,3.4022,5.7303,2.8654,-0.1196,-0.0963,3.0813,0,-0.0598
934e3fac2bb31492,free_trip,1,Dormant,0.9483,11.5388,9.1624,2.0998,0.9831,1.7553,0.5532,0.7963,0.4059,0,0.2766
9351ae361ae9dd2a,free_trip,5,Dormant,0.565,10.9331,8.7193,1.9282,1.3138,1.6119,0.5712,0.6846,0.3561,0,0.2856
935782ceba620667,free_trip,0,Dormant,0.7715,12.1107,9.6204,2.1582,1.4428,1.8042,0.6642,0.7536,0.3864,0,0.3321
936b6d6b3bb814c4,free_trip,2,Dormant,0.5289,10.3694,8.2678,1.8269,0.7903,1.5272,0.5495,0.6054,0.3723,0,0.2747
9371086e70b04035,spend_10,5,Loyal,2.2951,1.1746,0.5349,0.5877,2.1793,0.309,0.1038,0.0,0.2052,0,0.0519
937d8efb34fa0fac,free_trip,1,Dormant,0.5112,10.1356,8.0955,1.7875,1.1735,1.4942,0.5052,0.6639,0.3251,0,0.2526
938a96f89a0cff96,free_trip,2,Dormant,0.5638,10.8927,8.7012,1.9242,1.092,1.6085,0.5346,0.738,0.3359,0,0.2673
938c4f91bc464e6d,free_trip,0,Dormant,0.5378,10.4734,8.3599,1.8479,1.1788,1.5447,0.5311,0.6528,0.3608,0,0.2655
9398f543913a2854,free_trip,3,Dormant,0.6813,12.0976,9.6712,2.1501,1.6165,1.7973,0.5526,0.8308,0.4139,0,0.2763
93a380935213e90a,spend_10,2,Champions,1.1911,3.1239,2.236,0.7118,4.638,0.3939,0.3522,0.0,0.0417,0,0.1761
93aea101e6d4cd55,free_trip,0,Dormant,0.5252,10.3955,8.309,1.8347,1.5254,1.5337,0.5036,0.6763,0.3539,0,0.2518
93b1f2af5c070c73,free_trip,4,Occasional,0.6752,10.9243,8.6947,1.946,1.6852,1.0232,0.5671,0.2728,0.1833,0,0.2836
93b898fc799535dd,free_trip,0,Dormant,0.5355,10.3927,8.2929,1.8335,1.5709,1.5327,0.5327,0.6469,0.3531,0,0.2663
93b9974873f89d52,weekend_20,0,Occasional,1.879,1.6394,1.0969,0.618,1.4154,0.4411,-0.1509,0.0536,0.5384,0,-0.0755
93bdfd56eed515f0,free_trip,4,Dormant,0.6206,11.7361,9.3889,2.0788,1.5256,1.7378,0.5367,0.7961,0.405,0,0.2684
93ce11755e9449ba,free_trip,4,Dormant,0.5492,10.6695,8.5062,1.8807,0.9996,1.5721,0.5652,0.6337,0.3732,0,0.2826
93d780f64a540ba9,free_trip,4,At risk,0.7436,14.394,11.5484,2.5529,2.5135,1.2494,0.5854,0.471,0.193,0,0.2927
93ea4d99dd700e6c,free_trip,2,Dormant,0.572,11.0491,8.8354,1.9538,1.1729,1.6332,0.5199,0.703,0.4104,0,0.2599
9404976006c8ee44,free_trip,2,Dormant,0.5448,10.5489,8.4004,1.8578,1.0878,1.553,0.5814,0.6007,0.3708,0,0.2907
943f171506fa376e,free_trip,3,Dormant,0.7323,12.6516,10.1031,2.2503,1.5464,1.8811,0.5962,0.8963,0.3886,0,0.2981
944f7b41615d29dd,free_trip,4,At risk,0.4811,11.3071,9.1107,1.9921,2.9816,1.2414,0.4088,0.5519,0.2807,0,0.2044
94597fd65901c959,spend_10,0,Champions,1.0314,16.7798,13.6413,3.0473,6.6209,2.81,0.1824,0.0,2.6275,0,0.0912
946f7aff6efcb9b7,free_trip,3,Dormant,0.5314,10.4423,8.3209,1.8385,1.8682,1.5369,0.5659,0.5985,0.3724,0,0.283
94748dbcbc81f574,spend_10,3,Champions,1.1265,1.2834,0.7771,0.3954,2.3265,0.4806,0.2218,0.0,0.2588,0,0.1109
94786c9607d06e62,spend_10,2,Champions,2.8174,1.3457,0.5998,0.7097,4.3419,0.5575,0.0723,0.0,0.4852,0,0.0362
947d9adada648ffd,free_trip,0,Dormant,0.5165,10.2821,8.2306,1.8166,1.0259,1.5186,0.4698,0.6951,0.3536,0,0.2349
947f6c2b95333e50,free_trip,0,Dormant,0.4992,9.9067,7.9219,1.7489,1.4591,1.462,0.4718,0.6631,0.3272,0,0.2359
94a0379717c7b1b3,spend_10,0,Champions,0.9794,8.7344,7.0006,1.6573,3.1649,1.2559,0.1529,0.0,1.103,0,0.0764
94a4cb504aada22f,free_trip,4,At risk,1.1221,12.9552,10.2626,2.3644,2.3874,1.9101,0.6563,0.8692,0.3845,0,0.3282
94af97824432a2f2,free_trip,5,Occasional,1.4984,13.7734,10.8932,2.5735,4.2229,1.1148,0.6134,0.275,0.2264,0,0.3067
94c4939442f5e1ed,free_trip,1,Dormant,0.5269,10.4671,8.3534,1.8443,1.053,1.5417,0.5388,0.5862,0.4166,0,0.2694
94ddd8264116c4cd,spend_10,4,Champions,2.5848,2.5285,1.6118,0.8715,5.8095,0.4597,0.0904,0.0,0.3693,0,0.0452
94e52ec9f08e9045,spend_10,5,Loyal,2.6517,3.1338,2.1095,0.9888,2.4562,0.8244,0.0709,0.0,0.7535,0,0.0354
94f910c7bac38545,free_trip,4,Dormant,0.4929,9.8997,7.9077,1.7447,1.0669,1.4584,0.4948,0.6072,0.3564,0,0.2474
94fd4cb49d8a00ed,free_trip,0,Dormant,0.6166,11.3057,9.0345,2.0044,2.0973,1.6755,0.5337,0.788,0.3539,0,0.2668
9501b5e806443e2b,free_trip,2,Dormant,0.5651,10.8595,8.6783,1.9197,1.2668,1.6048,0.5229,0.7354,0.3465,0,0.2614
9507c39ed2005009,free_trip,3,Dormant,0.4963,9.9038,7.9151,1.7469,1.3307,1.4603,0.4836,0.651,0.3256,0,0.2418
951593405f4cfd42,spend_10,3,Champions,2.4243,3.5871,2.5366,1.0303,3.3182,0.8494,0.0404,0.0,0.809,0,0.0202
9540ec004cead7f5,free_trip,3,Dormant,0.5363,10.5034,8.4047,1.8569,1.5995,1.5522,0.4838,0.7092,0.3592,0,0.2419
954638058a12a846,free_trip,4,At risk,1.073,10.76,8.4413,1.976,2.2404,1.6652,0.6855,0.6474,0.3322,0,0.3428
954ef94fd138760c,weekend_20,0,Loyal,1.558,0.8293,0.4996,0.4273,1.4996,0.2345,-0.1953,0.0125,0.4173,0,-0.0977
95565da8258e66b5,spend_10,4,Champions,1.6428,0.9917,0.4949,0.444,2.2567,0.4214,0.1056,0.0,0.3159,0,0.0528
9560510957036ec8,weekend_20,4,Occasional,1.6063,1.0927,0.6567,0.47,1.3659,0.2816,-0.0679,-0.0254,0.3749,0,-0.034
9566e860c31ed5aa,free_trip,0,Occasional,0.732,10.5403,8.4787,1.9129,3.2588,0.8699,0.2974,0.3796,0.1929,0,0.1487
9569d46bc35f6b87,free_trip,5,Dormant,0.5091,10.1666,8.1178,1.7917,1.6705,1.4977,0.5144,0.6572,0.3261,0,0.2572
956b3a28d0122277,free_trip,5,Occasional,0.6277,12.733,10.1698,2.2425,2.1137,1.4509,0.6414,0.5669,0.2426,0,0.3207
958db5c10ead1f62,weekend_20,0,Loyal,1.8294,1.4971,0.9643,0.5802,1.6563,0.2735,-0.0948,0.0458,0.3226,0,-0.0474
958efc6c6b4c033c,free_trip,4,Dormant,0.4934,9.933,7.9272,1.7488,0.9736,1.4619,0.514,0.6013,0.3466,0,0.257
959d1c9384ce0356,spend_10,2,Champions,2.145,2.9281,2.0297,0.867,4.8992,0.4911,0.0628,0.0,0.4282,0,0.0314
95a1e2cea62cbbda,offpeak_15,4,Champions,17.2815,8.6597,4.2971,4.4815,7.1569,3.2444,-0.238,3.6114,-0.129,0,-0.119
95ae126ed1f59a58,free_trip,5,Dormant,0.4993,9.8913,7.9061,1.7457,1.94,1.4593,0.4792,0.6561,0.324,0,0.2396
95bb39e40c3b4656,spend_10,1,Champions,1.5244,4.6077,3.4858,1.0405,3.2847,0.8495,0.1627,0.0,0.6868,0,0.0813
95c1c645f3086333,free_trip,3,Dormant,0.6038,11.3957,9.0928,2.0138,1.4714,1.6835,0.578,0.6934,0.412,0,0.289
95c82fa9ec5b07b9,spend_10,4,Champions,2.8029,3.3033,2.2168,1.0425,2.8574,0.7504,0.0879,0.0,0.6626,0,0.0439
95f778ee695a3c03,spend_10,5,Champions,1.1243,2.6562,1.8787,0.6237,4.4355,0.4521,0.3077,0.0,0.1445,0,0.1538
95f7f2a4c72b339c,spend_10,3,Loyal,3.046,2.0716,1.139,0.8692,2.7478,0.5962,0.1269,0.0,0.4693,0,0.0635
961d228d52e25df8,free_trip,0,Dormant,0.5468,10.7759,8.5486,1.889,2.7143,1.5791,0.6768,0.484,0.4183,0,0.3384
961e96c8ca201f8c,spend_10,0,Occasional,0.3591,0.3972,0.2406,0.1246,0.8225,0.1475,0.064,0.0,0.0836,0,0.032
961eaa8d6c1ef837,weekend_20,4,Loyal,1.9201,1.3109,0.7876,0.5624,1.3111,0.2811,-0.0783,-0.0289,0.3882,0,-0.0391
96642e1474930318,weekend_20,0,Occasional,1.9211,1.0857,0.631,0.53,1.8966,0.3515,-0.1505,0.0038,0.4982,0,-0.0753
966919289d489e73,free_trip,3,Dormant,0.5467,10.7763,8.6119,1.9021,1.5078,1.59,0.5247,0.7076,0.3577,0,0.2623
9674a98516a20748,spend_10,5,Champions,2.6951,2.3631,1.3714,0.8445,3.1153,0.561,0.2943,0.0,0.2667,0,0.1472
9676a3bf89c61ff7,free_trip,1,Dormant,0.627,11.6976,9.3496,2.072,1.8927,1.732,0.552,0.8147,0.3653,0,0.276
9686cae96610d89b,weekend_20,0,Dormant,0.6436,0.5356,0.3349,0.2032,0.3105,0.1699,-0.005,0.0013,0.1736,0,-0.0025
969738a844d06784,free_trip,2,Dormant,1.1531,11.499,9.0953,2.1284,2.4194,1.7792,0.5505,0.8411,0.3876,0,0.2753
96973ccdbac30f04,spend_10,5,Champions,2.7269,1.6429,0.8438,0.7416,3.551,0.4073,0.1149,0.0,0.2924,0,0.0574
969d150e10ba53e7,spend_10,2,Champions,2.0204,1.58,0.8652,0.5993,2.6536,0.3043,0.2309,0.0,0.0734,0,0.1154
969e33175ed3174a,free_trip,1,Dormant,0.4983,10.1064,8.0229,1.7697,2.1604,1.4794,0.6277,0.4794,0.3722,0,0.3139
96b416defa718a0b,free_trip,0,Dormant,0.5179,10.2187,8.1309,1.7962,2.3332,1.5015,0.5831,0.5261,0.3923,0,0.2916
96db3fce0d19f322,spend_10,1,Champions,0.903,4.5742,3.5094,0.9164,7.5751,0.5123,0.2968,0.0,0.2156,0,0.1484
96e53a2e3cbe865c,spend_10,4,Loyal,4.2837,2.7652,1.5207,1.2055,2.8068,0.8884,0.078,0.0,0.8104,0,0.039
96eab31c1ddaa362,free_trip,2,Dormant,0.5211,10.2191,8.1744,1.8059,1.9276,1.5096,0.4776,0.6882,0.3438,0,0.2388
96ed092a8dd756f7,spend_10,1,Champions,1.4346,1.2276,0.6566,0.4343,3.2534,0.3894,0.2733,0.0,0.1162,0,0.1366
9703d6e551eccf81,free_trip,4,Dormant,0.5432,10.7932,8.631,1.9053,1.4591,1.5927,0.5138,0.7023,0.3767,0,0.2569
970cfdc4c24ea686,free_trip,1,Dormant,0.683,12.3394,9.8673,2.1911,1.951,1.8317,0.5619,0.8686,0.4012,0,0.281
971c9a6ea8ad04ae,free_trip,3,Dormant,0.5516,10.3792,8.2998,1.8383,1.8208,1.5367,0.4823,0.7042,0.3502,0,0.2411
9720c08bd264e645,free_trip,5,At risk,0.4721,12.4859,10.0525,2.1858,2.4042,1.2271,0.4952,0.3976,0.3344,0,0.2476
97229c7cd2be8e24,free_trip,2,Dormant,0.5458,10.5987,8.4571,1.8697,1.3767,1.563,0.5437,0.6585,0.3608,0,0.2719
9739b8dd75b8d31c,spend_10,3,Loyal,4.1541,3.4911,2.1158,1.3022,2.7241,0.9873,0.1463,0.0,0.841,0,0.0732
973e8df03e46bcf7,spend_10,5,Loyal,2.455,2.0554,1.235,0.7663,2.3457,0.6018,0.1083,0.0,0.4935,0,0.0541
97571ff9b419a877,free_trip,4,Dormant,0.5168,10.1944,8.1597,1.802,1.4682,1.5063,0.4653,0.6745,0.3666,0,0.2327
976b835fdb70e348,free_trip,1,At risk,1.2458,17.1338,13.7584,3.1161,3.0393,1.5901,0.5186,0.7782,0.2932,0,0.2593
976c32176788734b,free_trip,0,Dormant,0.5484,10.6226,8.494,1.878,1.507,1.5699,0.5014,0.7092,0.3592,0,0.2507
9775b0bdf0e244d0,free_trip,5,Occasional,0.7567,19.6982,16.0273,3.4858,5.9147,0.9298,0.3702,0.3932,0.1663,0,0.1851
977d275d8a325b7b,free_trip,2,Dormant,0.5668,10.9927,8.7676,1.9386,0.9972,1.6205,0.5731,0.683,0.3644,0,0.2866
978bf33f6ce230cc,free_trip,5,At risk,0.5498,9.9882,7.9911,1.7738,1.6938,1.2639,0.4467,0.533,0.2842,0,0.2234
97b93fa899052449,free_trip,3,At risk,0.8023,13.9569,11.1581,2.484,2.0206,1.477,0.6296,0.553,0.2944,0,0.3148
97bb6785f5961568,offpeak_15,5,Champions,21.7962,13.9718,7.8787,6.163,11.9872,4.1343,-0.1396,4.5915,-0.3176,0,-0.0698
97c3ed1fa6db919d,free_trip,3,Dormant,0.6496,11.9403,9.539,2.116,1.8925,1.7688,0.5707,0.804,0.3941,0,0.2853
97c92540e66d4c48,spend_10,5,Champions,2.0176,5.3213,3.9632,1.2421,5.3966,0.9392,0.2319,0.0,0.7073,0,0.116
97d89e7add032107,spend_10,0,Champions,1.6718,1.9911,1.2857,0.6142,3.3698,0.4088,0.1823,0.0,0.2265,0,0.0911
97f23d5ed3819fbd,offpeak_15,4,Champions,6.0855,3.155,1.599,1.5959,5.0861,1.374,-0.0798,1.5998,-0.146,0,-0.0399
980c66df56ef7312,spend_10,5,Loyal,2.8015,4.1438,2.915,1.1872,3.3871,0.488,0.0832,0.0,0.4048,0,0.0416
9817020c9166e865,free_trip,5,Dormant,0.498,9.966,7.9709,1.7589,1.5901,1.4703,0.4724,0.6223,0.3755,0,0.2362
9825437a7f245278,free_trip,2,Dormant,0.5192,10.2994,8.2351,1.8181,1.7944,1.5198,0.4923,0.6643,0.3633,0,0.2461
98264268ca786520,spend_10,4,Champions,2.8548,4.5677,3.2565,1.2692,2.9234,0.7159,0.084,0.0,0.632,0,0.042
983ce059ccd86f55,spend_10,2,Champions,1.9141,2.2562,1.5153,0.7122,2.5752,0.6907,0.0574,0.0,0.6333,0,0.0287
98408888bb748f77,free_trip,4,Dormant,0.5344,10.5269,8.4027,1.8561,0.9888,1.5516,0.5361,0.6491,0.3665,0,0.268
984c677e6d635ae3,spend_10,5,Champions,2.6615,2.1802,1.3097,0.8248,1.6763,0.6023,0.0916,0.0,0.5107,0,0.0458
9851fad4fcd9a0a2,free_trip,4,Dormant,0.5364,10.4192,8.3169,1.8387,0.7218,1.537,0.5274,0.6565,0.3531,0,0.2637
985ceaa3dc8d3792,free_trip,5,Dormant,0.5016,9.9911,7.9804,1.7616,1.6604,1.4726,0.4982,0.6013,0.3731,0,0.2491
9864c32d6ce9ec33,free_trip,5,Dormant,0.5361,10.3839,8.2831,1.8316,2.3481,1.5311,0.5384,0.6611,0.3316,0,0.2692
987dc94542572704,spend_10,0,Champions,0.9885,6.5369,4.9933,1.2423,7.1979,0.5921,0.6024,0.0,-0.0103,0,0.3012
98901a239c3c688c,spend_10,4,Champions,2.2923,4.0864,2.9397,1.0866,3.4923,0.4685,0.1202,0.0,0.3483,0,0.0601
98a21766ddf29887,free_trip,1,Dormant,0.5262,10.3916,8.3086,1.8348,1.6624,1.5338,0.4965,0.6781,0.3592,0,0.2482
98b1f7fc1e31ac99,offpeak_15,2,Champions,15.426,6.5177,2.767,3.7784,7.1027,4.0651,-0.0553,4.102,0.0185,0,-0.0277
98bf80d877d7208f,spend_10,3,Champions,1.7311,6.3782,4.9174,1.3808,4.9572,1.0097,0.1599,0.0,0.8498,0,0.08
98c83990b45095dd,spend_10,2,Champions,2.1665,1.0784,0.4435,0.542,3.1481,0.3085,0.1857,0.0,0.1228,0,0.0929
98d177f3b59b17c9,spend_10,4,Loyal,3.6275,1.7459,0.7774,0.9148,2.6991,0.5371,0.1073,0.0,0.4298,0,0.0536
98d1e2ad2dfb3ef4,free_trip,0,Dormant,0.5107,10.1622,8.1107,1.7905,2.2094,1.4968,0.5222,0.4752,0.4994,0,0.2611
98e2171ab93abe22,free_trip,5,At risk,0.9432,12.8108,10.2579,2.3263,3.0744,1.1374,0.4533,0.5546,0.1294,0,0.2267
98f78a6f7f3f0069,free_trip,2,Dormant,0.5229,10.42,8.318,1.8361,0.9007,1.5349,0.5319,0.5949,0.4081,0,0.2659
9908b55ea12e01a5,spend_10,0,Champions,2.3203,1.3535,0.6813,0.6234,1.4658,0.6997,0.0976,0.0,0.6022,0,0.0488
9908b99f71c81ff9,spend_10,4,Champions,2.3056,2.8397,1.8908,0.8715,3.29,0.7506,0.1546,0.0,0.596,0,0.0773
990c9042423b3329,spend_10,3,Loyal,3.5431,2.3825,1.3107,1.0081,2.209,0.8132,0.1275,0.0,0.6857,0,0.0637
9916e1231ba150ec,offpeak_15,5,Occasional,2.1533,2.0611,1.3959,0.7371,2.2095,0.2196,-0.1439,0.3729,-0.0095,0,-0.0719
9917af6890d503f9,free_trip,5,Dormant,0.579,11.1362,8.9075,1.9702,1.9465,1.647,0.517,0.7783,0.3517,0,0.2585
9919e205d3699395,free_trip,1,Dormant,0.6705,11.2164,8.9594,2.0,1.4182,1.6718,0.5142,0.7198,0.4378,0,0.2571
991d526b7c1f6d84,spend_10,0,Loyal,3.5835,3.0104,1.8301,1.1243,2.6002,0.7309,0.1118,0.0,0.6191,0,0.0559
99306aa6a7a3e1a3,free_trip,3,Dormant,0.6832,12.2878,9.806,2.1784,1.2496,1.821,0.6069,0.8062,0.408,0,0.3034
9934aedfb56cdf87,spend_10,4,Champions,2.2345,2.8867,1.9576,0.8706,1.7117,0.7967,0.1168,0.0,0.68,0,0.0584
993ca34c36e3f00e,free_trip,3,Dormant,0.8857,12.18,9.7161,2.2018,1.5861,1.8406,0.5241,0.8685,0.448,0,0.2621
99480316ca7c5c35,weekend_20,0,Dormant,0.6467,0.5142,0.3155,0.1998,0.1876,0.167,-0.0022,-0.0053,0.1746,0,-0.0011
9952f5f9f2443c8f,spend_10,5,Champions,1.5224,1.0815,0.5877,0.4383,2.6437,0.3347,0.1111,0.0,0.2236,0,0.0555
9958b6c6ea542f40,offpeak_15,5,Champions,16.4189,11.1538,6.4272,4.7448,6.3941,3.6847,-0.0362,3.7512,-0.0303,0,-0.0181
995dea0be81f410d,spend_10,0,Champions,1.7662,3.285,2.3034,0.8452,7.6558,0.5273,0.2728,0.0,0.2544,0,0.1364
996b1578548dbbd6,spend_10,3,Champions,0.8355,5.9133,4.5201,1.1123,9.6674,0.6075,0.562,0.0,0.0455,0,0.281
997217b8df744387,free_trip,4,Dormant,0.5583,10.8916,8.7003,1.9229,1.3341,1.6074,0.5367,0.6734,0.3973,0,0.2683
9986198b8410b752,weekend_20,2,Occasional,1.1949,0.743,0.4259,0.3366,0.6805,0.3734,-0.039,0.0711,0.3414,0,-0.0195
998dc9d130d4e26d,free_trip,2,Dormant,0.5015,10.2004,8.106,1.7876,2.2716,1.4944,0.6135,0.4522,0.4287,0,0.3067
9992386348a0407b,free_trip,2,Dormant,0.6104,11.6203,9.2908,2.0563,1.4086,1.719,0.5464,0.7754,0.3972,0,0.2732
99ca32a4eb16bfb9,free_trip,4,Dormant,0.5249,10.4347,8.3267,1.8383,0.9862,1.5367,0.5394,0.5983,0.399,0,0.2697
99e56b5e07f82233,free_trip,1,Dormant,0.5543,10.7216,8.5651,1.894,1.4749,1.5832,0.5252,0.6988,0.3592,0,0.2626
99ed5b014572339c,free_trip,1,At risk,0.7058,10.0753,7.9078,1.7889,1.7827,1.5096,0.7572,0.4933,0.259,0,0.3786
99fa2e651376b619,free_trip,4,Dormant,0.5656,10.9307,8.7214,1.9288,1.8586,1.6123,0.5609,0.7092,0.3422,0,0.2805
99ff9b7fa75295fd,spend_10,2,Loyal,2.722,1.3459,0.6078,0.6916,1.9831,0.6455,0.0931,0.0,0.5524,0,0.0465
9a004e675aa4bb9d,free_trip,0,At risk,0.576,16.6626,13.5255,2.9286,4.6875,1.3213,0.417,0.6573,0.2471,0,0.2085
9a0b373ee18f4312,free_trip,3,Dormant,0.5463,10.6141,8.4639,1.8713,2.199,1.5643,0.5578,0.5993,0.4072,0,0.2789
9a0ec308798d73ab,free_trip,2,Dormant,0.5447,10.8129,8.6439,1.9083,1.8402,1.5952,0.5215,0.703,0.3707,0,0.2607
9a1642ec89212bbb,spend_10,3,Champions,0.7145,5.2447,4.1064,1.0012,9.2181,0.3332,0.2741,0.0,0.0591,0,0.137
9a1737bafe46c924,free_trip,5,Dormant,0.5082,10.0085,8.0016,1.7674,1.6436,1.4774,0.4792,0.6698,0.3284,0,0.2396
9a1d5396ea6b0279,free_trip,5,Dormant,0.6326,11.8829,9.5047,2.1054,1.5431,1.7599,0.5458,0.8017,0.4125,0,0.2729
9a21f41ecc7ccba7,offpeak_15,4,Champions,7.8411,3.8447,1.8882,2.0206,3.0108,1.6279,-0.128,1.8719,-0.1159,0,-0.064
9a2338416f0c19ea,spend_10,3,Champions,1.5758,1.0227,0.5139,0.434,2.1978,0.3636,0.1496,0.0,0.214,0,0.0748
9a23ec621912cfd3,free_trip,1,Dormant,0.8791,13.8982,11.0546,2.4784,2.0525,2.0718,0.7301,0.9185,0.4232,0,0.3651
9a23f5ec5b648f24,free_trip,3,Dormant,0.5572,10.6857,8.5237,1.886,0.9812,1.5766,0.552,0.6585,0.366,0,0.276
9a30c5230cde32d8,free_trip,4,Dormant,0.6517,11.1208,8.8816,1.9799,1.448,1.6551,0.5184,0.7906,0.346,0,0.2592
9a3523ceb646a887,free_trip,5,Dormant,0.5012,9.9872,7.978,1.761,1.9607,1.4721,0.4965,0.6495,0.3261,0,0.2482
9a3aafeb8b362baf,free_trip,5,Dormant,0.5592,10.7556,8.5895,1.9,1.8476,1.5883,0.5323,0.6358,0.4202,0,0.2661
9a470c3f35471b7c,free_trip,1,Dormant,0.5273,10.3708,8.2661,1.8263,1.3728,1.5266,0.5569,0.5965,0.3732,0,0.2785
9a62b0e9011e75cf,spend_10,3,Champions,1.2379,1.1979,0.6701,0.3963,1.7069,0.3193,0.2632,0.0,0.0562,0,0.1316
9a6addb845c3b294,spend_10,5,Champions,2.034,2.0022,1.236,0.6791,2.2551,0.7992,0.1741,0.0,0.6251,0,0.0871
9a706bac17ab7832,free_trip,1,At risk,0.6665,13.7608,11.0295,2.4291,3.1083,1.433,0.6043,0.5372,0.2915,0,0.3021
9a730fd34e45a397,offpeak_15,4,Occasional,0.8367,0.8186,0.5365,0.2852,0.8386,0.1282,-0.0062,0.1435,-0.009,0,-0.0031
9a758ffd99b82352,spend_10,2,Champions,2.229,4.843,3.6062,1.2119,2.6322,0.7165,0.0498,0.0,0.6667,0,0.0249
9a8e646785d6bc54,free_trip,5,Dormant,0.5709,10.9233,8.7199,1.9295,1.3974,1.613,0.5479,0.6462,0.4189,0,0.2739
9a8eefe88c7b330b,weekend_20,5,Occasional,1.9638,1.2395,0.7145,0.5562,2.4019,0.084,-0.0624,-0.115,0.2613,0,-0.0312
9aa98c42acec959f,free_trip,4,Dormant,0.5501,10.6259,8.487,1.8769,1.7109,1.5689,0.5241,0.7042,0.3406,0,0.262
9ab1fa8e1033b713,spend_10,3,Champions,1.7488,2.3449,1.5574,0.6866,5.5817,0.2697,0.2019,0.0,0.0678,0,0.101
9ac44504d918eb1c,spend_10,5,Champions,1.0886,5.5661,4.3317,1.1257,6.7679,0.755,0.2174,0.0,0.5377,0,0.1087
9ac770a644746a40,free_trip,3,At risk,0.7135,11.6752,9.3502,2.0901,1.9974,1.4951,0.4699,0.7093,0.3159,0,0.235
9aeb28702e2ff9fa,free_trip,4,Occasional,0.7221,12.188,9.7618,2.1773,1.2262,1.3919,0.4976,0.6419,0.2524,0,0.2488
9af0fab2256c3e0e,free_trip,4,Dormant,0.5005,10.0289,8.0045,1.7664,1.671,1.4766,0.516,0.6013,0.3592,0,0.258
9af4887288e5ee9c,spend_10,3,Champions,1.8568,5.6701,4.2795,1.2744,4.1986,1.1719,0.2325,0.0,0.9394,0,0.1162
9b18b36332a0be21,offpeak_15,5,Loyal,4.8328,2.5383,1.3805,1.2904,3.4823,0.7884,-0.2652,1.3102,-0.2566,0,-0.1326
9b1a3ae89c6c5618,spend_10,1,Champions,1.6521,2.8589,1.9813,0.7546,4.3605,0.4641,0.2462,0.0,0.2179,0,0.1231
9b4256657aad275f,spend_10,5,Loyal,2.6961,2.932,1.9086,0.9563,1.9146,0.6749,0.134,0.0,0.5409,0,0.067
9b57efc3768f8c72,free_trip,1,Dormant,0.5068,10.1553,8.1328,1.7943,1.0675,1.4999,0.4563,0.6139,0.4297,0,0.2282
9b5cac34d8bfb4aa,spend_10,3,Loyal,2.8034,1.9206,1.0601,0.8024,1.9154,0.6568,0.1161,0.0,0.5406,0,0.0581
9b7866a4f85c55ea,free_trip,5,Dormant,0.5393,10.6067,8.44,1.8649,2.8707,1.5589,0.6038,0.4765,0.4786,0,0.3019
9b85c3fa217eeb39,free_trip,5,At risk,0.7747,11.969,9.5831,2.1511,1.9478,1.2265,0.4695,0.5237,0.2333,0,0.2348
9b873ef5edf8a28d,free_trip,2,Dormant,0.5303,10.3717,8.2763,1.829,2.4491,1.5289,0.5329,0.5959,0.4001,0,0.2664
9b8ccd852ce8e0f7,rush_hour_25,1,At risk,1.8025,1.1176,0.5178,0.4819,1.1824,0.1894,0.2358,-0.0436,-0.0029,0,0.1179
9b945a16cc49eea9,weekend_20,5,Occasional,1.712,1.5587,1.0287,0.5692,0.865,0.386,-0.0783,0.0141,0.4503,0,-0.0392
9ba98aa36809f95b,free_trip,5,At risk,0.764,10.7491,8.5672,1.938,1.9804,1.3215,0.4879,0.565,0.2687,0,0.2439
9bbb6e3ea90d2fe4,free_trip,1,Dormant,0.5682,10.7975,8.6131,1.9068,1.3762,1.594,0.5552,0.6331,0.4057,0,0.2776
9bc893a430d0a5bc,free_trip,4,Occasional,0.9054,18.3456,14.8561,3.2734,4.2943,1.3796,0.4321,0.6706,0.2769,0,0.2161
9c100554c7b19544,spend_10,0,Champions,2.7003,2.2794,1.3902,0.8495,1.7669,0.7653,0.0794,0.0,0.6859,0,0.0397
9c32a3eb74cd3117,spend_10,3,Loyal,3.5064,1.5731,0.6575,0.8648,2.0668,0.7204,0.1016,0.0,0.6188,0,0.0508
9c4da643e20d281f,free_trip,0,At risk,0.4108,12.8094,10.3832,2.2417,2.8909,0.9865,0.3689,0.365,0.2526,0,0.1845
9c529dabb7a264fe,free_trip,4,Dormant,0.5181,10.2681,8.2016,1.8109,2.022,1.5138,0.5111,0.66,0.3427,0,0.2556
9c5a2ef41b5199e2,weekend_20,0,Occasional,0.7247,0.9863,0.6871,0.2932,1.3018,0.56,0.0119,0.0863,0.4617,0,0.006
9c60df9682fb3422,spend_10,2,Champions,1.8422,4.1407,3.0647,1.0191,3.9514,0.8882,0.1138,0.0,0.7744,0,0.0569
9c6f5b6092f411ea,free_trip,4,Dormant,0.5743,10.6837,8.5308,1.891,1.171,1.5807,0.5238,0.6844,0.3726,0,0.2619
9c75ce1dc2273e85,free_trip,0,Dormant,0.6211,11.7272,9.3731,2.0756,1.1882,1.7351,0.5569,0.8185,0.3597,0,0.2785
9c7818126ba1a6e6,spend_10,3,Champions,1.5444,7.1364,5.5885,1.4814,4.2975,1.0921,0.1329,0.0,0.9592,0,0.0665
9c836472fe05e841,free_trip,1,Dormant,0.5398,10.4353,8.3206,1.8402,1.4731,1.5383,0.5489,0.617,0.3723,0,0.2745
9c8621ef8abbc85b,free_trip,3,Dormant,0.6271,11.7862,9.4006,2.0826,1.4007,1.7409,0.606,0.763,0.3718,0,0.303
9c9a46cbc7a0dd3f,weekend_20,0,Loyal,2.3719,1.6149,0.9681,0.6937,1.7718,0.2783,-0.0936,-0.0007,0.3727,0,-0.0468
9c9fbca868666edc,spend_10,2,Champions,1.6289,4.2372,3.1837,0.9995,2.8911,0.9453,0.108,0.0,0.8373,0,0.054
9ca5696d45527017,spend_10,1,Champions,3.0444,2.9386,1.8669,1.02,4.4697,0.4882,0.1035,0.0,0.3847,0,0.0517
9cb59f87da9c54f7,pct_10,5,Champions,38.9395,41.3803,27.4563,13.7893,30.8351,10.7465,0.2694,8.0272,2.4499,0,0.1347
9cc8c720d62b0ac4,free_trip,1,Dormant,0.5601,10.9231,8.727,1.9288,1.1983,1.6123,0.5347,0.6423,0.4354,0,0.2674
9cd4787435be2c86,free_trip,4,At risk,0.7871,11.5432,9.2421,2.0829,1.3258,1.3935,0.4363,0.629,0.3282,0,0.2182
9cd9e8e8d576905f,free_trip,1,Dormant,0.5427,10.3728,8.2901,1.8344,1.3744,1.5335,0.4965,0.7093,0.3277,0,0.2482
9cedafe128e056ab,offpeak_15,5,Champions,13.7125,10.1412,6.0653,4.1075,6.303,2.8072,-0.0633,2.7601,0.1103,0,-0.0316
9d08a276b4e5c3ce,free_trip,2,Dormant,0.6198,11.7057,9.3327,2.067,1.954,1.7279,0.6119,0.7487,0.3672,0,0.306
9d0cc2af4523ede8,free_trip,2,Dormant,0.6258,11.7823,9.377,2.0774,1.8772,1.7366,0.6559,0.6928,0.388,0,0.3279
9d5804f9955c13a6,weekend_20,2,Dormant,0.6731,0.5546,0.3455,0.2115,0.4911,0.1768,-0.0049,-0.0101,0.1917,0,-0.0024
9d5faaa7b608d3c1,spend_10,4,Champions,1.0972,1.975,1.3876,0.516,3.3919,0.4464,0.1428,0.0,0.3036,0,0.0714
9d77bb8e169b1ef7,free_trip,5,Dormant,0.5261,10.3204,8.2568,1.8241,2.0982,1.5248,0.4792,0.685,0.3606,0,0.2396
9d8d9ccc44ead797,free_trip,5,Dormant,0.6501,11.8453,9.4877,2.1055,1.58,1.76,0.5043,0.8867,0.3691,0,0.2521
9d92b2b82f7c3f4f,free_trip,2,At risk,0.9402,12.3161,9.827,2.2362,1.8558,1.6395,0.5059,0.7506,0.383,0,0.253
9da42642dccc0681,rush_hour_25,2,Occasional,4.0551,2.0757,0.7888,1.006,2.2993,0.4274,0.5617,-0.1144,-0.0198,0,0.2808
9dbfdbcc5527e7bc,free_trip,5,Dormant,0.615,11.4932,9.1742,2.0331,0.9597,1.6995,0.5717,0.7503,0.3775,0,0.2859
9dc5ed40953f58bc,free_trip,1,Dormant,0.4903,9.8604,7.8592,1.734,1.5172,1.4496,0.5344,0.588,0.3272,0,0.2672
9dc7d4b0ca03ef1e,free_trip,1,Dormant,0.5921,11.3999,9.1168,2.0164,1.4133,1.6856,0.5333,0.7837,0.3686,0,0.2666
9de628e005968a60,spend_10,4,Champions,1.644,3.8133,2.7921,0.9213,2.6725,0.9092,0.1998,0.0,0.7094,0,0.0999
9de7fefe9aa71661,weekend_20,5,Occasional,1.564,1.0081,0.5961,0.4486,1.4629,0.2525,-0.0732,-0.0244,0.35,0,-0.0366
9deb66007cf293c5,free_trip,4,Dormant,0.5905,11.0989,8.859,1.9625,1.7194,1.6405,0.5546,0.712,0.3739,0,0.2773
9e08d7ce4a601016,rush_hour_25,4,Champions,10.1825,4.0828,0.8509,2.2915,2.6964,1.8118,1.8808,0.108,-0.177,0,0.9404
9e11c36d7a2fb098,spend_10,1,Champions,1.8898,18.3166,14.7562,3.4571,10.0811,1.7429,0.2067,0.0,1.5362,0,0.1033
9e11df532a17d0e4,spend_10,0,Loyal,2.9417,2.3703,1.407,0.9032,1.876,0.6113,0.1203,0.0,0.491,0,0.0601
9e19c75e889d4541,free_trip,2,Dormant,0.5558,10.7017,8.5393,1.8889,1.2526,1.579,0.5471,0.6587,0.3732,0,0.2735
9e25dbefdef54cd9,spend_10,4,Champions,1.463,3.9793,2.9808,0.9229,3.6435,0.7046,0.1512,0.0,0.5534,0,0.0756
9e2bcdfd8ebec160,free_trip,4,At risk,1.5628,17.4629,13.9845,3.2289,2.2802,1.4759,0.499,0.6422,0.3347,0,0.2495
9e2e6f746321c4a0,free_trip,1,Dormant,0.5192,10.3149,8.2462,1.8204,1.6011,1.5218,0.4964,0.6087,0.4166,0,0.2482
9e37fe92ec19154b,free_trip,3,Dormant,0.513,10.206,8.151,1.7994,1.222,1.5042,0.5111,0.6093,0.3837,0,0.2556
9e38fccea1b860c6,free_trip,1,Dormant,0.5382,10.6092,8.4655,1.8699,2.138,1.5631,0.5477,0.6621,0.3534,0,0.2738
9e4128e0d6e4de46,free_trip,0,Dormant,0.553,10.6931,8.5288,1.8861,1.4563,1.5767,0.5562,0.6673,0.3531,0,0.2781
9e4234a727acca31,free_trip,1,Dormant,0.5409,10.4798,8.3744,1.8515,1.2902,1.5478,0.5078,0.6885,0.3515,0,0.2539
9e4ce6a48ed5f9c5,free_trip,0,Dormant,0.5408,10.1056,8.0457,1.7833,1.3996,1.4907,0.5532,0.6052,0.3323,0,0.2766
9e52dd6faff65cf1,weekend_20,3,Occasional,0.9823,0.6509,0.3945,0.2859,1.2628,0.2461,-0.059,-0.0188,0.3239,0,-0.0295
9e5442d1e417d50d,free_trip,1,Dormant,0.603,11.4854,9.1395,2.0234,1.5708,1.6914,0.6451,0.6473,0.399,0,0.3225
9e5f657186ae02b4,free_trip,5,Dormant,0.5548,10.5795,8.4472,1.8696,1.4427,1.5629,0.5254,0.6683,0.3691,0,0.2627
9e67d7ada913ba6e,free_trip,5,Dormant,0.5166,10.2311,8.1953,1.8093,1.0317,1.5125,0.4531,0.703,0.3564,0,0.2266
9e6e18c5eb55b74a,spend_10,5,Champions,0.799,5.8853,4.5195,1.1046,8.4101,1.1055,0.5224,0.0,0.5831,0,0.2612
9e7e851a10233e78,free_trip,3,Dormant,0.558,10.8258,8.6354,1.9093,1.3842,1.5961,0.5621,0.6851,0.3489,0,0.281
9e8001cd3a6d7aa5,free_trip,4,Dormant,0.6746,12.1189,9.643,2.1428,1.5937,1.7912,0.6663,0.6928,0.4322,0,0.3331
9e80bf9a624184ea,spend_10,0,Champions,0.9737,12.9668,10.4832,2.3794,5.9843,1.9171,0.2083,0.0,1.7087,0,0.1042
9e8a6e10a46ed8e4,offpeak_15,5,Champions,34.7585,19.0388,9.7723,9.2483,15.3616,5.9579,0.0363,6.565,-0.6434,0,0.0182
9e97dfae941c329e,free_trip,2,Dormant,0.5142,10.3009,8.2396,1.818,1.0481,1.5198,0.4865,0.6994,0.3339,0,0.2432
9e9c815e0b05b560,weekend_20,4,Occasional,1.5141,0.8356,0.443,0.4065,1.3773,0.422,-0.0279,-0.0719,0.5218,0,-0.0139
9ea1db4e16b157ea,free_trip,4,Dormant,0.5532,10.6362,8.4997,1.8801,2.0568,1.5717,0.5127,0.7163,0.3427,0,0.2563
9ea2efaf98a40ed7,spend_10,1,Loyal,3.1028,4.3032,2.9952,1.2664,3.7373,0.7844,0.0831,0.0,0.7012,0,0.0416
9ea541ddd67d97b4,offpeak_pass,3,Loyal,0.5858,0.5792,0.42,0.2089,1.2318,0.2002,-0.0993,0.2995,0.0,0,-0.0496
9ecc1079bbb822b6,free_trip,5,At risk,0.8112,16.2163,13.1013,2.8894,2.7588,1.3371,0.4511,0.5787,0.3073,0,0.2256
9edea3dcb1202ca1,spend_10,5,Champions,1.5474,2.7746,1.9094,0.7179,5.7603,0.3425,0.2945,0.0,0.048,0,0.1472
9efe7340e5a1e331,free_trip,4,Dormant,0.5522,10.6035,8.4651,1.8728,1.8039,1.5655,0.5312,0.6754,0.3589,0,0.2656
9eff32bf0b919b35,spend_10,4,Loyal,2.9996,2.1035,1.1886,0.8698,2.4136,0.5454,0.0901,0.0,0.4553,0,0.045
9f0389d3fcdf9184,free_trip,0,Dormant,0.5098,10.0738,8.0485,1.7774,1.1989,1.4858,0.4958,0.6196,0.3704,0,0.2479
9f03a2787c5ce248,pct_10,3,Champions,76.5549,49.8399,27.83,21.6791,45.6418,11.7599,0.6616,7.01,4.0882,0,0.3308
9f05c56fb1c8ff07,free_trip,4,Dormant,0.526,10.3988,8.3091,1.8349,1.7311,1.5339,0.5097,0.6371,0.387,0,0.2548
9f1363b1235c3145,free_trip,2,Dormant,0.5613,10.4932,8.3652,1.8539,1.8801,1.5497,0.5483,0.6397,0.3617,0,0.2742
9f1ca5922cf59e35,free_trip,5,Occasional,0.6236,9.9145,7.971,1.785,2.8607,0.9432,0.317,0.3924,0.2338,0,0.1585
9f272707ef78325e,spend_10,4,Champions,2.0756,1.1696,0.5737,0.5502,2.3123,0.4548,0.0914,0.0,0.3634,0,0.0457
9f2bd1b93a6583c0,free_trip,2,Dormant,0.5506,10.7396,8.57,1.8942,1.7095,1.5834,0.5507,0.6905,0.3422,0,0.2754
9f436e12cf5afb0b,weekend_20,3,Loyal,1.2086,1.0651,0.7111,0.3987,1.3807,0.6214,-0.0895,0.0009,0.71,0,-0.0447
9f59471d0a8ea8ed,free_trip,0,Dormant,0.5252,10.2405,8.1786,1.8076,1.5402,1.5111,0.5085,0.6058,0.3968,0,0.2543
9f6f95f47cba7e25,free_trip,2,Dormant,0.9694,11.8254,9.3858,2.1506,1.2531,1.7978,0.5779,0.8357,0.3842,0,0.289
9f713f5f1419b6c1,free_trip,4,Dormant,0.4975,9.982,7.9886,1.7624,1.3215,1.4733,0.462,0.6195,0.3918,0,0.231
9f79cef69fc152d8,free_trip,3,Dormant,0.531,10.4891,8.3675,1.8481,0.7951,1.5449,0.5471,0.5969,0.4009,0,0.2735
9f8028f51629bdd3,offpeak_15,0,Champions,16.6513,18.3718,12.3516,6.0234,6.1331,5.3947,-0.0064,5.4432,-0.0422,0,-0.0032
9f80e73febd2a938,spend_10,0,Loyal,3.4455,3.8696,2.5908,1.2536,2.3152,0.5699,0.0504,0.0,0.5194,0,0.0252
9f856f8638b34c76,free_trip,5,At risk,2.5209,11.3214,8.7276,2.3361,2.6242,1.2408,0.5153,0.4628,0.2627,0,0.2577
9f85f8b53480d83f,free_trip,2,Dormant,0.701,12.5012,9.9559,2.2133,1.1174,1.8502,0.6641,0.7613,0.4248,0,0.332
9f8a9b95a637510e,spend_10,3,Champions,1.6536,1.068,0.5299,0.4535,4.5648,0.2692,0.1694,0.0,0.0998,0,0.0847
9f994116ec55b6e4,free_trip,3,Dormant,0.49,9.9781,7.9276,1.7482,1.5702,1.4614,0.6047,0.4495,0.4072,0,0.3024
9f9eda2b4210ca1f,free_trip,1,Dormant,0.5689,10.5553,8.432,1.8693,1.3503,1.5626,0.508,0.6898,0.3649,0,0.254
9fa6ec4aa2217040,free_trip,0,Dormant,0.6947,12.1894,9.7261,2.1642,2.0843,1.8092,0.5982,0.7515,0.4594,0,0.2991
9fb5e1ee0b8e8475,spend_10,3,Loyal,2.6249,1.6923,0.9211,0.7365,2.034,0.547,0.0694,0.0,0.4776,0,0.0347
9fbb4cb912b4e223,free_trip,0,Dormant,0.5645,10.9703,8.7472,1.9339,1.4322,1.6166,0.5784,0.679,0.3592,0,0.2892
9fd466bba772fe1c,free_trip,0,Dormant,0.5465,10.7246,8.5596,1.8912,1.9677,1.5809,0.5477,0.6825,0.3507,0,0.2738
9fd4b6b974efacf3,free_trip,1,Dormant,0.5753,11.1586,8.9147,1.9709,1.6272,1.6476,0.5459,0.7292,0.3724,0,0.273
9fd719862f6f5a93,spend_10,5,Champions,2.1708,2.4449,1.6152,0.7863,2.2638,0.5744,0.0867,0.0,0.4876,0,0.0434
9fe30fbbd34bfa4f,spend_10,1,Champions,1.9512,1.3589,0.7361,0.5581,5.1554,0.3599,0.1293,0.0,0.2306,0,0.0647
9fe7b5306e09ba0d,spend_10,0,Occasional,2.3812,2.2545,1.425,0.7905,2.9147,0.3821,0.078,0.0,0.3041,0,0.039
9fe872a28cf98023,spend_10,2,Champions,1.0987,6.6298,5.2317,1.3147,7.4775,1.1031,0.1666,0.0,0.9365,0,0.0833
9ff093719d3ff27d,free_trip,0,Dormant,0.5503,10.5692,8.4288,1.8648,1.9898,1.5589,0.5513,0.6343,0.3732,0,0.2757
9ff6c543bee25758,spend_10,2,Loyal,2.1503,2.3694,1.5592,0.7704,2.3879,0.7103,0.0797,0.0,0.6306,0,0.0398
a008240c12edfac5,weekend_20,2,Occasional,2.5891,1.9002,1.1483,0.7762,1.7775,0.4768,-0.0486,-0.0968,0.6223,0,-0.0243
a01a8e75ed92e9c5,free_trip,0,Dormant,0.521,10.308,8.2348,1.8185,1.1467,1.5201,0.5095,0.6835,0.3272,0,0.2547
a0406d801b8190a9,offpeak_15,5,Champions,20.9376,10.7857,5.44,5.4782,8.1644,3.7758,-0.265,4.1086,-0.0679,0,-0.1325
a04e3e976a124f86,free_trip,2,Dormant,0.531,10.3354,8.2612,1.826,1.915,1.5264,0.4965,0.6761,0.3539,0,0.2482
a06b5564dffcd853,spend_10,0,Champions,2.5894,2.9229,1.9095,0.9343,1.7235,0.7869,0.1581,0.0,0.6288,0,0.0791
a07e89d8b239eb94,spend_10,1,Champions,1.5741,3.8242,2.8593,0.9207,3.4011,0.8229,0.0882,0.0,0.7347,0,0.0441
a08ac7fd9494f85f,free_trip,3,Dormant,0.5416,10.3974,8.3144,1.8393,1.0345,1.5375,0.4876,0.6685,0.3815,0,0.2438
a093f474840eb322,free_trip,0,Dormant,0.575,10.9653,8.757,1.9381,1.6465,1.6201,0.5403,0.6216,0.4582,0,0.2702
a098c8c5ce40a977,spend_10,2,Champions,2.1646,5.9956,4.4746,1.3789,2.9832,1.1746,0.2843,0.0,0.8904,0,0.1421
a09dadc41f41c22d,offpeak_15,4,Champions,22.3955,9.9817,4.6188,5.6104,9.2083,4.8828,-0.495,5.3818,-0.004,0,-0.2475
a09eee0815b4edac,spend_10,3,Champions,2.644,1.7629,0.9686,0.7503,1.5026,0.7117,0.0881,0.0,0.6235,0,0.0441
a0baf48b18a70d82,free_trip,0,Dormant,0.4944,9.8699,7.8814,1.7395,2.2347,1.4541,0.498,0.631,0.3251,0,0.249
a0bb8fa6e5b30d0e,free_trip,5,Occasional,1.1447,22.6688,18.3695,4.0528,2.6284,1.4851,0.4931,0.7186,0.2735,0,0.2465
a0c344fa8a1ca863,free_trip,0,Dormant,0.5391,10.5661,8.4364,1.8641,2.0293,1.5582,0.5313,0.6842,0.3427,0,0.2657
a0c81f910aaf08e1,free_trip,5,Dormant,0.5542,10.7534,8.5792,1.8969,2.5164,1.5857,0.5547,0.6813,0.3497,0,0.2773
a100776e413788d4,free_trip,3,Occasional,1.004,10.297,8.112,1.8932,2.302,1.0576,0.5836,0.3065,0.1676,0,0.2918
a104fba5436ca1cb,free_trip,3,Dormant,0.6252,11.8124,9.4556,2.0936,1.1876,1.7501,0.5264,0.8327,0.391,0,0.2632
a108f2d2b6a68263,free_trip,0,Occasional,1.536,10.3138,8.0353,1.9878,1.8555,1.0077,0.5814,0.3064,0.1198,0,0.2907
a132eec684f5dcd3,offpeak_15,5,Champions,18.8722,18.297,12.0586,6.4238,6.9084,5.2013,-0.371,5.6987,-0.1264,0,-0.1855
a1379942ff442008,spend_10,4,Champions,2.1048,5.1544,3.8675,1.2404,3.3218,0.937,0.0931,0.0,0.8439,0,0.0466
a14575a96839c705,free_trip,0,Dormant,0.496,9.9185,7.9145,1.7467,1.4684,1.4602,0.5144,0.6186,0.3272,0,0.2572
a16772efcddc11a1,free_trip,0,Dormant,0.5519,10.5375,8.425,1.8644,2.1742,1.5585,0.4963,0.6968,0.3653,0,0.2482
a1685b61471381d1,spend_10,5,Champions,1.8526,4.7501,3.5637,1.1249,3.5026,0.7823,0.123,0.0,0.6593,0,0.0615
a16e9fbddc9704ce,spend_10,5,Champions,1.3737,0.927,0.4457,0.3779,5.295,0.1443,0.2067,0.0,-0.0624,0,0.1034
a173b3555d6d6405,free_trip,0,Dormant,0.5247,10.297,8.2026,1.8125,0.7207,1.5151,0.5638,0.5781,0.3732,0,0.2819
a17b206181cefbb9,free_trip,3,Dormant,0.5345,10.5069,8.381,1.8516,0.6853,1.5478,0.5485,0.627,0.3723,0,0.2743
a17d8748cf5de98c,free_trip,4,Dormant,0.876,11.6314,9.2571,2.1045,1.3833,1.7592,0.5397,0.836,0.3835,0,0.2698
a193108051fe5f5c,free_trip,0,Occasional,0.7749,11.188,8.9604,2.0219,2.3275,1.2354,0.4115,0.5719,0.252,0,0.2058
a1975a17adf6d864,free_trip,3,At risk,0.4187,13.8667,11.2726,2.4281,5.1228,0.9829,0.3321,0.3955,0.2553,0,0.166
a1a30559ab559e01,spend_10,2,Champions,1.3662,7.6786,6.0944,1.5494,4.1592,1.1666,0.0693,0.0,1.0972,0,0.0347
a1aea65f1c59a24b,spend_10,4,Champions,1.3231,3.6332,2.7181,0.8393,3.6366,0.5209,0.1517,0.0,0.3692,0,0.0758
a1b9b105deeb5687,free_trip,3,Dormant,0.5235,10.5074,8.3482,1.8425,1.4448,1.5402,0.6334,0.5129,0.394,0,0.3167
a1bdb5d932307745,free_trip,5,Dormant,0.5435,10.6307,8.4906,1.8762,1.386,1.5684,0.5279,0.6844,0.3561,0,0.2639
a1c0a06704fdeb1a,free_trip,2,Dormant,1.1675,12.3391,9.7628,2.2701,2.2431,1.8976,0.6125,0.8926,0.3925,0,0.3062
a1c7d11174f64b96,free_trip,4,Dormant,0.5428,10.7008,8.5575,1.89,1.2437,1.5799,0.5067,0.7238,0.3494,0,0.2533
a1d12e911a06d12e,free_trip,5,Dormant,0.5551,10.7083,8.556,1.8922,2.2293,1.5818,0.5201,0.7059,0.3557,0,0.2601
a1d7db2496a1dd42,free_trip,1,Dormant,0.5479,10.393,8.3,1.8375,1.2945,1.5361,0.511,0.6602,0.3649,0,0.2555
a1e75cd46d564343,weekend_20,0,Loyal,1.4708,0.855,0.4662,0.4023,1.7572,0.3983,-0.0269,-0.0201,0.4452,0,-0.0134
a1eb90e04564602d,free_trip,5,Occasional,0.78,11.1299,8.907,2.0118,1.7577,1.4127,0.4222,0.6462,0.3443,0,0.2111
a1ebb39ba380262e,offpeak_pass,2,Loyal,0.3616,0.7658,0.5929,0.1982,1.0001,0.2538,-0.0508,0.3046,0.0,0,-0.0254
a1ee85dfa0f4eb5b,free_trip,0,Occasional,0.8721,11.8166,9.3672,2.1265,2.9545,1.1597,0.6457,0.3709,0.1431,0,0.3229
a1f7cbd9a6429e43,free_trip,3,Occasional,1.0414,12.62,10.0841,2.3106,2.0906,0.8698,0.4507,0.3026,0.1165,0,0.2253
a1ff03181a31b291,spend_10,5,Champions,1.1409,15.654,12.6322,2.8605,14.7084,1.9527,0.3226,0.0,1.6302,0,0.1613
a202a6e3db552171,free_trip,4,Dormant,0.5507,10.7573,8.5991,1.9003,1.3432,1.5885,0.5159,0.6717,0.4009,0,0.2579
a20a0337d86ddf03,spend_10,4,Champions,1.3688,6.7429,5.2726,1.3793,3.2053,1.0821,0.182,0.0,0.9001,0,0.091
a22033a01432bee4,free_trip,0,Dormant,0.5445,10.7336,8.6094,1.9011,1.6132,1.5892,0.4463,0.7373,0.4056,0,0.2232
a22431c46563685f,free_trip,3,Dormant,0.5717,10.743,8.572,1.899,2.0284,1.5875,0.5439,0.6737,0.3698,0,0.272
a22709c6cfb6369f,free_trip,4,Dormant,0.4929,9.9194,7.8737,1.7376,1.4241,1.4525,0.6162,0.4533,0.383,0,0.3081
a22e675b7b00cf9e,free_trip,1,Dormant,0.5602,10.9162,8.7062,1.9245,1.3155,1.6087,0.5712,0.6844,0.3531,0,0.2856
a23674dba8b1b2ed,free_trip,2,Dormant,0.5577,10.6451,8.4923,1.8795,0.9504,1.5712,0.5466,0.6585,0.366,0,0.2733
a23975d5ff321676,spend_10,5,Champions,2.843,1.311,0.565,0.7078,1.3416,0.6659,0.0764,0.0,0.5895,0,0.0382
a2451b68856bcfba,spend_10,5,Champions,2.3352,1.382,0.6557,0.6211,1.9418,0.3395,0.2103,0.0,0.1292,0,0.1052
a25692b832af746c,spend_10,3,Champions,0.75,5.7886,4.4767,1.0855,6.845,0.8961,0.453,0.0,0.4432,0,0.2265
a26a158c374a72c9,free_trip,5,Dormant,0.5157,10.1515,8.1003,1.7894,1.0362,1.4958,0.5235,0.5959,0.3763,0,0.2618
a270087f27be4e28,free_trip,5,Dormant,0.5728,10.8858,8.7004,1.9259,1.4885,1.6099,0.519,0.648,0.443,0,0.2595
a2736003b12bc9c0,weekend_20,5,Occasional,2.6281,2.0299,1.2633,0.8082,2.5125,0.2854,-0.0831,-0.018,0.3865,0,-0.0415
a2973910607cfcc9,weekend_20,1,Loyal,1.4378,1.1647,0.7604,0.4565,1.5335,0.3482,-0.1043,0.0217,0.4308,0,-0.0522
a29e8bf9c421464d,pct_10,2,Champions,34.4757,26.1928,13.9725,10.0619,39.4783,9.8923,4.3168,3.0848,2.4907,0,2.1584
a2b169a6b188227d,spend_10,1,Loyal,2.856,2.2312,1.3051,0.8642,2.4543,0.6064,0.1237,0.0,0.4827,0,0.0618
a2b4334e009d394a,free_trip,1,At risk,0.7085,15.2887,12.36,2.7141,3.1145,1.3905,0.4292,0.6526,0.3087,0,0.2146
a2b4a5784ff3636b,free_trip,5,Dormant,0.5287,10.4307,8.3143,1.8365,1.2604,1.5352,0.5597,0.5888,0.3868,0,0.2799
a2bdb075e546e08a,spend_10,0,Loyal,3.0059,3.7324,2.5443,1.1527,1.8982,0.5908,0.0709,0.0,0.5199,0,0.0354
a2c314cb62ec41f7,free_trip,3,At risk,0.815,11.4986,9.17,2.0737,1.7292,1.6552,0.5098,0.7775,0.3679,0,0.2549
a2da6fb4590b8b4e,spend_10,4,Champions,2.1926,5.2453,3.9356,1.2727,4.1623,0.8528,0.074,0.0,0.7788,0,0.037
a2f20833b8ebe408,free_trip,4,Dormant,0.4928,9.8687,7.874,1.7377,1.1938,1.4526,0.514,0.6114,0.3272,0,0.257
a2feba7ab10365b7,free_trip,2,Dormant,0.5267,10.3617,8.2933,1.8318,1.4714,1.5313,0.4733,0.7004,0.3576,0,0.2366
a303ed1f6e89ae1e,weekend_20,1,Occasional,1.795,1.0603,0.5643,0.49,1.4703,0.4381,0.012,-0.038,0.4641,0,0.006
a31f3bda6c62df63,free_trip,0,Dormant,1.169,11.5455,9.1257,2.1381,1.5997,1.7873,0.5634,0.8042,0.4197,0,0.2817
a340359fe27bde2d,free_trip,2,Dormant,0.8155,11.9552,9.5126,2.145,1.3346,1.7931,0.5953,0.8142,0.3836,0,0.2976
a35466d47374593d,free_trip,0,Dormant,0.586,11.1311,8.873,1.9645,1.3345,1.6422,0.5872,0.6635,0.3914,0,0.2936
a3631d1de6708149,free_trip,4,Dormant,0.5491,10.7223,8.5546,1.8907,1.3526,1.5805,0.5539,0.6785,0.3481,0,0.2769
a36d32763659ddf8,free_trip,1,Dormant,0.5127,10.2279,8.1201,1.7929,1.3697,1.4987,0.6299,0.4469,0.4219,0,0.315
a36e61482e32fdf8,free_trip,5,Dormant,0.5397,10.3739,8.2866,1.8331,1.9025,1.5323,0.5085,0.6867,0.3372,0,0.2543
a37b5f281c0fff1c,spend_10,3,Occasional,0.8436,0.6885,0.3807,0.2543,1.1149,0.1786,0.107,0.0,0.0716,0,0.0535
a380f206d8ea4034,free_trip,4,Dormant,0.5357,10.5287,8.4144,1.8588,1.0748,1.5538,0.5112,0.6984,0.3442,0,0.2556
a382f8e38b59d97d,free_trip,4,Dormant,0.532,10.4538,8.3372,1.842,1.3142,1.5398,0.5491,0.5965,0.3942,0,0.2745
a38d295158bfea65,free_trip,1,Dormant,0.8829,12.3087,9.7778,2.214,1.6588,1.8508,0.6337,0.8509,0.3662,0,0.3169
a38ef72749d79597,free_trip,2,Dormant,0.5656,11.0279,8.8467,1.9548,1.1154,1.6341,0.4528,0.7903,0.391,0,0.2264
a3937a22b51bbbb7,spend_10,4,Champions,1.8875,1.0825,0.4989,0.4956,2.4478,0.2493,0.176,0.0,0.0734,0,0.088
a3a4cced64487ba3,free_trip,4,Dormant,0.6865,12.4443,9.9258,2.204,1.3614,1.8424,0.6289,0.829,0.3845,0,0.3144
a3aa5f550448e1bb,free_trip,1,At risk,0.8737,13.2464,10.5621,2.375,2.6534,1.4738,0.6185,0.5212,0.3341,0,0.3092
a3b17a93a59bd07d,free_trip,0,Dormant,0.5429,10.6516,8.513,1.8808,0.9396,1.5722,0.5157,0.6996,0.357,0,0.2578
a3c354738d94943b,weekend_20,4,Occasional,1.5119,1.2884,0.8478,0.4901,1.34,0.152,-0.099,0.0328,0.2182,0,-0.0495
a3d1248bb144e014,free_trip,3,Dormant,0.5029,9.8911,7.8884,1.7427,1.5474,1.4568,0.52,0.5907,0.3461,0,0.26
a3f2882574c4461d,spend_10,0,Champions,1.5282,0.9926,0.4986,0.4209,4.1525,0.2908,0.146,0.0,0.1447,0,0.073
a3fa3b41834756f3,free_trip,3,Dormant,0.5156,10.1915,8.1499,1.7997,1.7541,1.5044,0.4838,0.6935,0.3272,0,0.2419
a3fb5b402e820376,free_trip,1,At risk,0.7534,14.045,11.3079,2.5049,2.8356,1.4948,0.4643,0.7053,0.3252,0,0.2322
a4024c6ff3f83d00,spend_10,5,Champions,1.8776,4.5261,3.3993,1.0959,3.3309,0.7125,0.0617,0.0,0.6508,0,0.0309
a4051aa665f2ddc8,spend_10,3,Loyal,2.2816,2.8084,1.8624,0.8607,2.7587,0.3604,0.1706,0.0,0.1898,0,0.0853
a408f991e9a730fe,free_trip,4,At risk,0.7769,19.0984,15.4588,3.3719,3.5919,1.5931,0.5355,0.7975,0.2602,0,0.2677
a4152503a9413398,offpeak_15,5,Champions,15.8538,14.2171,9.0998,5.1825,8.2986,2.9779,-0.1302,3.1743,-0.0662,0,-0.0651
a4245b193facf80b,spend_10,4,Champions,0.6727,2.1294,1.5377,0.4591,3.9623,0.3764,0.2651,0.0,0.1113,0,0.1326
a42ec02f210f94ce,free_trip,3,Dormant,0.5575,10.843,8.6503,1.9123,1.1169,1.5986,0.5606,0.6714,0.3666,0,0.2803
a43a59eb27a3d7f0,free_trip,3,Dormant,0.828,11.9511,9.5286,2.1509,1.5504,1.798,0.5432,0.8849,0.37,0,0.2716
a448c318bd73e03e,free_trip,3,Dormant,0.5112,10.2053,8.1065,1.7898,2.1282,1.4961,0.6181,0.484,0.3941,0,0.3091
a44c78bef4320605,free_trip,4,Dormant,0.547,10.5927,8.4353,1.8655,1.2029,1.5594,0.5838,0.6094,0.3661,0,0.2919
a470732150177fe5,spend_10,3,Loyal,2.9475,1.5233,0.7076,0.7591,1.4741,0.6409,0.1133,0.0,0.5275,0,0.0567
a482102ff5442e04,weekend_20,5,Occasional,1.6203,2.0234,1.4016,0.6276,2.0666,0.5938,-0.0117,-0.0579,0.6634,0,-0.0058
a496987da1764880,free_trip,2,Dormant,0.5466,10.6515,8.4996,1.8787,1.313,1.5705,0.5464,0.6517,0.3723,0,0.2732
a4ad40a53773dd8b,weekend_20,3,Dormant,0.6838,0.5369,0.3291,0.2104,0.3294,0.1758,-0.005,-0.0113,0.1922,0,-0.0025
a4b048eea223823a,offpeak_15,5,Occasional,1.1114,1.3648,0.9474,0.4276,1.0008,0.2131,-0.0204,0.2424,-0.0089,0,-0.0102
a4c3566f9b7b47f1,free_trip,3,Dormant,0.557,10.8131,8.6391,1.9099,1.1667,1.5966,0.5281,0.7092,0.3592,0,0.2641
a4c986484c5d759a,free_trip,1,Dormant,0.5421,10.52,8.402,1.8576,0.9433,1.5528,0.5209,0.6613,0.3706,0,0.2605
a4e0525d6afb3c6c,spend_10,3,Champions,2.3376,2.2132,1.397,0.7756,1.4286,0.7832,0.0813,0.0,0.7019,0,0.0407
a4f8eee2c0c1669a,spend_10,0,Champions,2.5906,1.6252,0.8947,0.7238,2.3582,0.7876,0.0134,0.0,0.7741,0,0.0067
a4f97e7494873218,spend_10,4,Loyal,2.47,1.3697,0.6954,0.6574,1.4687,0.6431,0.0339,0.0,0.6092,0,0.017
a4fe30c9d7718536,free_trip,3,At risk,0.8755,11.794,9.3833,2.1306,1.313,1.63,0.5602,0.6997,0.37,0,0.2801
a50b7bb66bdc8282,free_trip,4,Dormant,0.5359,10.6299,8.4952,1.8756,1.4319,1.5679,0.518,0.6792,0.3707,0,0.259
a5198fd9f75908b3,free_trip,3,At risk,0.8679,10.9231,8.6898,1.985,1.8578,1.4772,0.4966,0.6425,0.3381,0,0.2483
a51c96cce46ad1f8,weekend_20,5,At risk,1.5611,1.2438,0.7822,0.4867,1.0297,0.1706,-0.0501,0.0064,0.2143,0,-0.0251
a52f18834f2a4783,free_trip,5,Occasional,0.7491,10.3546,8.2773,1.8746,2.9907,0.9894,0.4054,0.4642,0.1198,0,0.2027
a53e53a48da7ed8b,spend_10,2,Champions,1.1403,5.354,4.0857,1.0853,5.2116,0.6494,0.3659,0.0,0.2835,0,0.183
a549b4789d6aa5fb,free_trip,4,Dormant,0.5069,10.1754,8.1171,1.7911,1.2593,1.4972,0.5344,0.6036,0.3592,0,0.2672
a55287cd81ff28a1,free_trip,2,Occasional,0.8668,10.2936,8.1466,1.8719,2.672,1.0074,0.5501,0.2318,0.2255,0,0.2751
a565d54387f03985,free_trip,1,Dormant,0.5302,10.2328,8.1577,1.8043,2.468,1.5083,0.5416,0.5995,0.3672,0,0.2708
a5748fb7aaa165ea,free_trip,1,Dormant,0.5036,9.9923,7.9818,1.7623,1.6373,1.4732,0.4965,0.6495,0.3272,0,0.2482
a57a34107f7647ce,free_trip,2,Dormant,0.5171,10.3356,8.2636,1.8236,1.4479,1.5244,0.4967,0.6834,0.3442,0,0.2484
a57c71a20bdee37f,free_trip,0,Dormant,0.564,10.9945,8.6988,1.9237,1.9417,1.6081,0.744,0.4726,0.3915,0,0.372
a5a759f3f705683e,free_trip,5,Dormant,0.5312,10.5277,8.4059,1.8561,1.2588,1.5516,0.5313,0.6751,0.3451,0,0.2657
a5ad76132bbd11a4,free_trip,4,Dormant,0.6881,10.3061,8.2196,1.85,1.292,1.5465,0.473,0.7244,0.349,0,0.2365
a5b18713c46cd379,free_trip,4,Dormant,0.6314,11.8515,9.4369,2.091,1.557,1.748,0.647,0.7193,0.3816,0,0.3235
a5ca4b2a377526c9,weekend_20,3,Loyal,2.043,1.7813,1.1599,0.6652,1.3728,0.4262,-0.0875,0.0345,0.4792,0,-0.0437
a5e49eeb50df2225,spend_10,4,Champions,1.0914,5.5308,4.3655,1.1333,3.631,1.0727,0.0641,0.0,1.0086,0,0.0321
a5e4c4d24a2f8f9f,spend_10,5,Champions,2.3679,2.0817,1.2799,0.7576,2.6733,0.5854,0.0882,0.0,0.4972,0,0.0441
a604b48e476836ac,free_trip,1,Dormant,0.5752,11.0322,8.7945,1.9459,1.6319,1.6267,0.5835,0.6634,0.3798,0,0.2918
a6290ac7fd315ae9,spend_10,5,Champions,0.843,12.1463,9.7256,2.1949,13.6445,1.3066,0.4515,0.0,0.8552,0,0.2257
a6491ea59b2c5d72,free_trip,4,At risk,0.8005,18.1959,14.7421,3.2279,3.5865,1.4773,0.4518,0.7554,0.2701,0,0.2259
a64aea71bcc42895,free_trip,0,Dormant,0.5803,11.1192,8.8769,1.9641,1.412,1.6419,0.5564,0.6624,0.4231,0,0.2782
a651360d175c975b,free_trip,5,Dormant,0.7398,10.7855,8.5993,1.9396,1.5078,1.6214,0.4932,0.7734,0.3548,0,0.2466
a659559a376a63dc,spend_10,0,Champions,1.7593,4.7225,3.5547,1.1036,2.9825,0.9457,0.1284,0.0,0.8172,0,0.0642
a65f94fe755653f7,free_trip,4,Dormant,0.5853,11.1463,8.8757,1.9649,1.1062,1.6425,0.6112,0.6518,0.3795,0,0.3056
a683dbfc98877197,spend_10,5,Champions,2.2098,1.3655,0.716,0.6076,2.3488,0.4291,0.0836,0.0,0.3455,0,0.0418
a69b16964675d38a,offpeak_15,4,Loyal,8.3522,4.3404,2.1724,2.1858,3.7258,1.5209,-0.0356,1.6862,-0.1297,0,-0.0178
a69caf0b458a6789,free_trip,0,Dormant,0.539,10.6593,8.5095,1.8792,1.1433,1.5709,0.5411,0.6519,0.378,0,0.2705
a69efcb016d1bf31,offpeak_15,0,Loyal,0.9449,0.7839,0.4874,0.2975,0.9692,0.1946,-0.0018,0.2203,-0.0239,0,-0.0009
a6a79af282a6abb1,free_trip,4,Dormant,0.5151,10.2283,8.1514,1.7999,0.7544,1.5046,0.554,0.5913,0.3592,0,0.277
a6aea99410d24294,free_trip,2,Dormant,0.5563,10.2677,8.211,1.8208,1.2229,1.5221,0.4719,0.7047,0.3455,0,0.2359
a6c9cb38932d9694,weekend_20,1,Occasional,1.4286,0.9551,0.5456,0.41,1.385,0.4205,-0.0009,-0.0679,0.4894,0,-0.0005
a6dad0b31d7cf2fa,free_trip,0,Dormant,0.6764,12.1838,9.722,2.1596,1.8252,1.8053,0.6044,0.7822,0.4187,0,0.3022
a6e2f3d5db6cb4f6,free_trip,4,At risk,0.9595,10.8134,8.5985,1.985,1.7313,1.4823,0.4596,0.7015,0.3211,0,0.2298
a6ef23c5eb9d8ed9,weekend_20,0,Loyal,2.041,1.5064,0.9188,0.6147,1.024,0.6545,-0.0543,0.1131,0.5957,0,-0.0271
a6f3edc632ec6dba,free_trip,5,Occasional,1.3306,22.7206,18.3926,4.0962,6.2839,1.5012,0.4636,0.7719,0.2656,0,0.2318
a6f6319485493c19,free_trip,4,Dormant,0.5221,10.2565,8.1832,1.808,1.9865,1.5113,0.5306,0.6207,0.36,0,0.2653
a6f6cf98a9197171,offpeak_15,5,Occasional,2.81,2.8352,1.9074,0.9797,2.577,0.3909,-0.1037,0.5311,-0.0365,0,-0.0519
a6f95eb87b49591b,spend_10,4,Champions,1.8032,3.1945,2.282,0.8484,3.4814,0.8064,0.1283,0.0,0.6781,0,0.0642
a708c4c311799de4,free_trip,4,Dormant,0.5159,10.1291,8.079,1.785,1.2582,1.4922,0.5301,0.5905,0.3715,0,0.2651
a70f67a44737ec35,offpeak_15,4,Champions,10.5147,5.5471,2.8245,2.7703,4.9524,2.0944,-0.0956,2.2405,-0.0505,0,-0.0478
a71bc9c38fd17dbb,free_trip,3,Dormant,0.5469,10.7677,8.5969,1.899,1.2465,1.5875,0.5437,0.6121,0.4317,0,0.2719
a72a8c2de8a5eaf1,weekend_20,5,Occasional,2.3907,1.4289,0.7967,0.662,1.4686,0.6598,-0.0594,-0.0012,0.7204,0,-0.0297
a73520dcd1ff1ace,free_trip,3,Dormant,0.5643,10.8255,8.6264,1.9088,1.3159,1.5956,0.5807,0.6496,0.3653,0,0.2903
a75e9dc48da7e483,free_trip,0,Dormant,0.6432,11.7592,9.352,2.0758,1.177,1.7353,0.6626,0.6896,0.3831,0,0.3313
a76fbf6b7169951d,free_trip,1,Dormant,0.5643,10.8276,8.6474,1.9131,1.3678,1.5993,0.5341,0.723,0.3422,0,0.267
a781e5f7a067662d,free_trip,3,Dormant,0.5094,10.2022,8.1544,1.7993,1.0843,1.5041,0.4968,0.5893,0.4181,0,0.2484
a7a73b1dae37c3cd,free_trip,1,Dormant,0.5639,10.841,8.6523,1.9141,0.8547,1.6,0.5491,0.6628,0.3881,0,0.2746
a7adf79d58c9899c,free_trip,0,Dormant,0.5247,10.3102,8.2145,1.815,0.6929,1.5172,0.5614,0.5958,0.3601,0,0.2807
a7bbe7e7f608b70c,free_trip,5,Dormant,0.5546,10.8033,8.6204,1.9055,1.6841,1.5929,0.5548,0.682,0.3562,0,0.2774
a7c8535055a7a862,free_trip,4,Dormant,0.7698,13.0109,10.334,2.3061,2.6911,1.9277,0.7418,0.8053,0.3806,0,0.3709
a7d8a72f5c7017de,weekend_20,2,Dormant,0.6981,0.6196,0.3956,0.2272,0.4657,0.1899,-0.0063,-0.0089,0.2051,0,-0.0032
a7ffce56052ec3c8,spend_10,5,Champions,1.7145,5.0886,3.8536,1.1564,6.2708,0.6483,0.1571,0.0,0.4912,0,0.0785
a815659ee5a462f2,free_trip,2,Dormant,0.5788,11.2257,9.0084,1.9911,1.331,1.6644,0.4525,0.7818,0.4301,0,0.2263
a8181c3f7dc96708,free_trip,3,Dormant,0.5306,10.4847,8.3636,1.8472,1.0036,1.5441,0.5479,0.6018,0.3944,0,0.274
a826cdabd689b531,free_trip,5,Dormant,0.553,10.5687,8.4491,1.8696,2.0226,1.5629,0.5,0.685,0.3779,0,0.25
a82da54794ff4d7e,spend_10,0,Champions,1.0695,7.224,5.7333,1.4128,4.0925,1.2781,0.1558,0.0,1.1222,0,0.0779
a83af4ba2ddd6b03,free_trip,5,Dormant,0.5443,10.5197,8.3837,1.8542,1.5541,1.55,0.5635,0.6361,0.3504,0,0.2817
a83fe9d1bece9a03,free_trip,4,Dormant,0.5258,10.5151,8.4037,1.8545,1.6881,1.5503,0.5138,0.651,0.3854,0,0.2569
a852491e9475def1,free_trip,0,Dormant,0.4971,9.9632,7.9534,1.755,1.2639,1.4671,0.5095,0.6305,0.3272,0,0.2547
a85ea992ee710b95,free_trip,5,Dormant,0.5144,10.2997,8.2041,1.8107,0.9105,1.5136,0.5697,0.5915,0.3525,0,0.2848
a8789336ee26e745,free_trip,1,Dormant,0.648,11.9958,9.6027,2.1289,1.5585,1.7796,0.5283,0.7976,0.4537,0,0.2641
a895c530ffd9c3f5,spend_10,4,Loyal,2.9649,1.4736,0.68,0.757,1.79,0.53,0.0733,0.0,0.4567,0,0.0367
a899f6fcaaa0f727,free_trip,4,Dormant,0.4987,10.0952,8.0165,1.7685,2.0981,1.4783,0.6206,0.4917,0.366,0,0.3103
a89e1d12b6d9a6fb,free_trip,2,Dormant,0.5567,10.7049,8.5387,1.889,1.1791,1.5791,0.5545,0.6585,0.366,0,0.2772
a8a3edf95bd2dd2e,free_trip,3,Dormant,0.5082,10.1845,8.1332,1.7947,1.1113,1.5002,0.5133,0.6553,0.3317,0,0.2566
a8c08daaa0c1cc8e,spend_10,5,Champions,3.0712,2.6572,1.6323,0.9768,2.8563,0.6586,0.0961,0.0,0.5625,0,0.0481
a8c5f71804d4feea,free_trip,5,Dormant,0.5189,10.3016,8.2299,1.817,1.453,1.5189,0.5095,0.6833,0.3261,0,0.2547
a902822055473c70,spend_10,4,Champions,2.3854,3.2476,2.2208,0.9566,2.0296,0.6711,0.1404,0.0,0.5307,0,0.0702
a903e4b8e846bd77,spend_10,3,Champions,1.6771,4.6711,3.5507,1.0857,3.1709,0.9424,0.0693,0.0,0.8731,0,0.0347
a90928f8bc41d847,spend_10,2,Loyal,2.8743,2.1754,1.2652,0.8597,1.9899,0.5812,0.101,0.0,0.4802,0,0.0505
a937cefc614f401f,free_trip,4,At risk,0.9091,12.6849,10.0749,2.2812,2.478,1.6134,0.6577,0.5694,0.3863,0,0.3289
a945cf55e62eed03,offpeak_15,4,Champions,17.7739,8.5748,4.1459,4.5524,8.3555,3.4995,-0.2469,3.8195,-0.0732,0,-0.1234
a9513c5068e90168,free_trip,2,Dormant,0.6146,11.5831,9.2655,2.0519,1.7474,1.7153,0.5313,0.8353,0.3486,0,0.2657
a97698785583b89b,free_trip,2,Dormant,0.4982,9.8943,7.9046,1.7451,1.4773,1.4588,0.4893,0.6424,0.3272,0,0.2446
a9834c7580c0dd4c,spend_10,3,Champions,1.4125,4.8392,3.7167,1.0653,3.6743,0.9606,0.1144,0.0,0.8462,0,0.0572
a993d57bc68b5370,free_trip,3,Dormant,0.5153,10.2619,8.1942,1.8088,1.7299,1.5121,0.5176,0.6439,0.3506,0,0.2588
a99cb3557eec5f73,free_trip,1,Dormant,0.5401,10.6094,8.4686,1.871,1.263,1.564,0.5396,0.6501,0.3744,0,0.2698
a9b4f53367379e50,spend_10,4,Champions,2.4339,1.6444,0.7915,0.6699,2.9374,0.4113,0.3662,0.0,0.0451,0,0.1831
a9b7ba91cb355baf,spend_10,0,Champions,1.7773,2.4205,1.6378,0.7093,2.8993,0.7765,0.1469,0.0,0.6296,0,0.0734
a9b7ccff67a9258f,spend_10,3,Champions,1.851,5.1469,3.8712,1.1884,2.4624,0.8572,0.1745,0.0,0.6827,0,0.0873
a9c12128f2100951,free_trip,4,Dormant,0.5491,10.644,8.4887,1.877,1.3812,1.5691,0.5567,0.6475,0.3649,0,0.2784
a9c9bef38a4e9a76,free_trip,2,Dormant,0.5512,10.734,8.5682,1.894,2.1378,1.5832,0.5437,0.6024,0.4371,0,0.2719
a9e7e362943b99ff,weekend_20,3,Occasional,1.813,1.1465,0.663,0.5142,0.8925,0.2304,-0.0614,-0.0214,0.3132,0,-0.0307
a9ec5512b0501e9b,free_trip,1,Dormant,0.5391,10.4493,8.3397,1.844,1.2986,1.5415,0.5313,0.6207,0.3895,0,0.2656
aa08a7c5801fdbb3,free_trip,2,Dormant,0.5493,10.6575,8.5048,1.8804,2.5704,1.5719,0.5447,0.6066,0.4206,0,0.2723
aa0d641d55263de1,free_trip,5,Dormant,0.5005,9.9639,7.9581,1.7567,1.7778,1.4685,0.498,0.6465,0.324,0,0.249
aa1e44e9d41e87bb,free_trip,5,At risk,1.02,11.2605,8.8232,2.0443,2.0534,1.5202,0.786,0.4498,0.2844,0,0.393
aa28e33c6ecf5043,weekend_20,4,Occasional,2.3498,2.4268,1.6374,0.8281,3.8088,0.3238,-0.0773,-0.0568,0.4579,0,-0.0386
aa3751402524f6ee,free_trip,0,At risk,1.0983,15.7381,12.5767,2.8401,2.6372,1.8261,0.6426,0.7862,0.3973,0,0.3213
aa3bccc26705c7dc,offpeak_15,5,Champions,30.7578,12.6639,5.2759,7.4836,11.4017,5.4768,-0.1912,5.7682,-0.1002,0,-0.0956
aa5191eca1034443,rush_hour_25,1,Occasional,3.0731,1.5594,0.4674,0.7353,1.3436,0.6116,0.7135,-0.0948,-0.007,0,0.3567
aa6bc1fedd35c2b8,free_trip,4,Dormant,0.5182,10.1668,8.118,1.7936,0.73,1.4993,0.5103,0.6029,0.3862,0,0.2552
aa72e97051310c6e,free_trip,3,Dormant,0.5131,10.2087,8.1449,1.7981,1.6004,1.5031,0.5313,0.6467,0.3251,0,0.2657
aa794e885950d475,free_trip,0,Dormant,0.498,9.9651,7.9547,1.7555,1.561,1.4675,0.5099,0.6305,0.3272,0,0.2549
aa89b306132f242e,spend_10,3,Loyal,3.4849,2.7874,1.6604,1.0686,2.517,0.6342,0.1168,0.0,0.5174,0,0.0584
aa9e04883719685f,free_trip,2,Dormant,0.5476,10.7185,8.5389,1.8871,2.0397,1.5775,0.585,0.5955,0.397,0,0.2925
aaab08a5c38d7c08,spend_10,3,Loyal,2.9745,2.6895,1.6211,0.9544,2.1013,0.6945,0.228,0.0,0.4664,0,0.114
aaae1b3872543a4d,free_trip,2,Dormant,0.5685,10.9057,8.7194,1.9289,1.2094,1.6125,0.5148,0.7589,0.3388,0,0.2574
aac032b7100f5f69,spend_10,2,Champions,2.1875,1.1026,0.4768,0.5533,2.6039,0.2528,0.1451,0.0,0.1077,0,0.0726
aac88f651c1b5f81,free_trip,2,Occasional,0.5478,10.7665,8.6487,1.91,3.6675,0.8812,0.4156,0.2617,0.2039,0,0.2078
aaf21da811553dd2,spend_10,5,Champions,1.3392,2.4561,1.6943,0.63,6.1678,0.3017,0.2636,0.0,0.0382,0,0.1318
aaf90ff767870cd1,free_trip,0,Dormant,0.5912,11.1161,8.8724,1.9654,2.059,1.643,0.5564,0.6691,0.4175,0,0.2782
ab2df872e6fcd0bb,spend_10,4,Champions,1.502,4.3322,3.2054,0.9777,2.8152,0.7544,0.2982,0.0,0.4562,0,0.1491
ab4ae8a98aec2e69,spend_10,2,Champions,1.5452,3.5728,2.6368,0.8685,4.3593,0.8632,0.1347,0.0,0.7285,0,0.0674
ab68d61222b374f5,spend_10,0,Loyal,3.1178,2.9744,1.8724,1.0364,2.2544,0.8633,0.1314,0.0,0.7319,0,0.0657
ab6db9a65ba76b41,free_trip,0,Dormant,0.543,10.5466,8.4195,1.8614,1.0409,1.556,0.5314,0.6585,0.366,0,0.2657
ab98786f1a59f62e,free_trip,3,Dormant,0.5507,10.8108,8.655,1.9119,1.4839,1.5982,0.4879,0.7542,0.3561,0,0.244
aba0d7dc058cb1b0,free_trip,3,Dormant,0.5375,10.5992,8.4674,1.8702,1.3348,1.5634,0.5232,0.6809,0.3592,0,0.2616
aba7d5440f68e226,weekend_20,2,Champions,10.8952,10.4284,6.7227,3.659,6.0656,3.4756,0.0935,-0.0097,3.3917,0,0.0468
abc0d9b4a093bbf8,free_trip,1,Dormant,0.9348,12.075,9.6127,2.1905,2.4365,1.8312,0.5435,0.8878,0.3999,0,0.2718
abc82aa82ff2c31b,free_trip,1,Dormant,0.5254,10.3694,8.2759,1.8279,1.6871,1.528,0.5312,0.6125,0.3843,0,0.2656
abcc4c0bee34ddf7,free_trip,1,Dormant,0.5163,10.2341,8.1556,1.801,0.9766,1.5055,0.5549,0.5915,0.3592,0,0.2774
abe78552d616fac8,free_trip,1,Dormant,0.622,11.5917,9.2189,2.0438,1.292,1.7085,0.658,0.6869,0.3635,0,0.329
abef2c55520a729b,free_trip,0,Dormant,0.5765,11.1862,8.946,1.9777,1.6494,1.6532,0.5251,0.7523,0.3759,0,0.2625
abf03fab2a04da0c,spend_10,4,Champions,1.9646,2.257,1.3977,0.6983,5.0201,0.342,0.3219,0.0,0.0201,0,0.161
abfc0bbeccd48431,free_trip,5,Dormant,0.5468,10.6535,8.5216,1.8834,1.617,1.5744,0.4969,0.6846,0.3929,0,0.2484
ac0aaf1af17a4d3c,spend_10,4,Champions,2.4083,6.5691,4.9793,1.5343,3.351,0.7976,0.1109,0.0,0.6867,0,0.0554
ac108410fcdce83d,free_trip,4,Dormant,0.5005,9.9954,7.9849,1.7623,1.4457,1.4732,0.4965,0.6495,0.3272,0,0.2482
ac1996bca2d24f1c,free_trip,1,At risk,1.1564,17.9633,14.4476,3.2407,2.3865,1.6393,0.5498,0.6957,0.3939,0,0.2749
ac236cbb377f928b,offpeak_15,3,Champions,24.8602,14.5848,7.8856,6.8008,7.1573,6.2617,-0.2032,6.4774,-0.0125,0,-0.1016
ac27bc1acff6ab13,free_trip,2,At risk,2.5885,16.7743,13.2644,3.2924,2.4757,1.1616,0.435,0.4744,0.2522,0,0.2175
ac41257b2a8c6b25,free_trip,0,Dormant,0.531,10.3411,8.2569,1.8251,1.6848,1.5257,0.5184,0.6666,0.3407,0,0.2592
ac4222e917b0aff0,free_trip,5,Dormant,0.5578,10.6184,8.4719,1.8753,1.1383,1.5677,0.5422,0.6564,0.3691,0,0.2711
ac472cf3fcc0f563,free_trip,5,Dormant,0.4973,9.9571,7.9069,1.7454,1.7193,1.4591,0.6097,0.4895,0.3599,0,0.3048
ac4fe3434193a473,free_trip,4,Dormant,1.829,11.3343,8.8198,2.2116,1.6611,1.8487,0.6058,0.8239,0.4191,0,0.3029
ac572892aa034167,offpeak_15,3,Champions,4.7289,2.4061,1.2119,1.2338,3.2644,1.2582,-0.0793,1.4009,-0.0635,0,-0.0396
ac5838919d878e93,free_trip,0,At risk,1.2825,21.9743,17.7467,3.9521,3.9459,1.6337,0.5512,0.6774,0.4051,0,0.2756
ac5b20f1bb7c4788,free_trip,5,At risk,0.681,14.3944,11.6142,2.5535,2.5119,1.4123,0.4534,0.6849,0.274,0,0.2267
ac660cb3353b06fa,free_trip,4,At risk,0.7894,12.1252,9.6913,2.1767,1.1707,1.5191,0.5144,0.6939,0.3108,0,0.2572
ac8b19c3cfbd81da,offpeak_15,0,Champions,8.6567,3.4919,1.4759,2.1044,3.7762,1.4903,-0.1768,1.7138,-0.0467,0,-0.0884
acf18c65b39c726d,offpeak_15,4,Loyal,9.4393,5.8841,3.2592,2.6373,3.5106,0.9587,-0.0246,1.0343,-0.051,0,-0.0123
acfb4083b40d1dfb,spend_10,2,Champions,0.9767,1.164,0.7131,0.3509,2.9839,0.3484,0.2,0.0,0.1484,0,0.1
ad08f7b05007d847,free_trip,0,Occasional,1.129,17.2877,13.8905,3.1193,2.4439,1.5694,0.5558,0.6758,0.3379,0,0.2779
ad125667e9350810,free_trip,3,At risk,0.8566,12.3112,9.7964,2.2124,3.5931,1.2359,0.6049,0.3662,0.2648,0,0.3024
ad129f24e2033cc0,free_trip,3,Dormant,0.5173,10.1594,8.123,1.7945,1.5589,1.5001,0.4838,0.6891,0.3272,0,0.2419
ad25dda0df705c08,free_trip,0,Dormant,0.7913,11.8409,9.437,2.1243,1.4636,1.7758,0.5594,0.8322,0.3842,0,0.2797
ad2d4d80013b875f,free_trip,5,At risk,0.6416,10.7237,8.5429,1.9075,1.6872,1.3955,0.5466,0.5501,0.2988,0,0.2733
ad2f235258ae7be1,spend_10,0,Champions,0.928,6.2352,4.7261,1.1743,7.1845,0.6782,0.6696,0.0,0.0086,0,0.3348
ad3a24d0c5f0419a,free_trip,0,Dormant,1.0055,10.3639,8.1884,1.9094,1.1182,1.5962,0.532,0.6358,0.4283,0,0.266
ad49505663a1599b,spend_10,4,Champions,2.6377,2.6139,1.6846,0.8977,3.1974,0.6148,0.0632,0.0,0.5516,0,0.0316
ad54129f5135991d,free_trip,5,Dormant,0.4943,9.9568,7.911,1.7456,1.8881,1.4593,0.6004,0.4849,0.3739,0,0.3002
ad6b3aa3b003e09d,spend_10,0,Champions,1.4316,1.8291,1.1828,0.543,4.6846,0.2221,0.2066,0.0,0.0155,0,0.1033
ad7c3a804a20f7ce,free_trip,4,Dormant,0.5601,10.9747,8.7772,1.9392,1.2119,1.6211,0.5164,0.7441,0.3605,0,0.2582
ad8b099403d9bb67,free_trip,5,Dormant,0.7667,12.3188,9.7918,2.1928,1.6476,1.8331,0.6682,0.7759,0.389,0,0.3341
ad8ff51632cf5940,free_trip,1,Dormant,0.5516,10.6602,8.5223,1.8845,1.8634,1.5753,0.5069,0.7177,0.3508,0,0.2535
ad9872b4f14bce59,free_trip,5,Dormant,0.5186,10.2973,8.2145,1.8137,1.2528,1.5162,0.538,0.6093,0.3688,0,0.269
ad9a135cfd82a7f6,free_trip,2,Dormant,0.5667,10.9864,8.7686,1.9388,0.6414,1.6207,0.5581,0.6976,0.365,0,0.279
ada36f345e035e55,free_trip,2,Dormant,0.5858,11.1825,8.9157,1.9733,0.6809,1.6496,0.587,0.682,0.3805,0,0.2935
ada407d504d725d7,free_trip,4,Dormant,1.2259,11.4337,9.0269,2.1294,1.2886,1.78,0.555,0.806,0.4191,0,0.2775
adaf38a0a8e4adcd,spend_10,4,Champions,0.8364,2.1496,1.4555,0.476,3.861,0.3787,0.4361,0.0,-0.0573,0,0.218
adb90780fb629886,weekend_20,0,Loyal,3.8114,1.8292,0.8927,0.977,2.759,0.2656,-0.0809,-0.0745,0.421,0,-0.0405
adc2692e69db6e41,free_trip,2,Dormant,0.5646,10.6308,8.4796,1.8783,0.8019,1.5702,0.5456,0.6585,0.366,0,0.2728
ade88d960489ae03,free_trip,4,Dormant,0.5147,10.1233,8.0793,1.7848,1.9214,1.492,0.5184,0.5949,0.3787,0,0.2592
adf41b8ece58ad66,weekend_20,3,Champions,21.8682,10.996,5.2244,5.6267,9.4033,4.742,0.2899,0.0774,4.3748,0,0.1449
adfad6863711d702,spend_10,1,Loyal,2.5143,1.8959,1.1326,0.7574,2.0214,0.6384,0.0118,0.0,0.6266,0,0.0059
ae122633fa9bd462,free_trip,3,At risk,0.9726,12.646,10.0708,2.2935,2.4228,1.8866,0.5634,0.9286,0.3946,0,0.2817
ae16d8c9af3dae1b,free_trip,4,At risk,0.9129,18.1291,14.6573,3.2337,2.5197,1.4357,0.4764,0.6848,0.2744,0,0.2382
ae1794d3b863da85,free_trip,1,Dormant,0.7216,12.7641,10.16,2.2599,2.3297,1.8892,0.6883,0.8207,0.3801,0,0.3442
ae25b2133f689419,free_trip,5,At risk,1.2614,14.4876,11.6175,2.6747,2.2234,1.2595,0.3907,0.4727,0.3961,0,0.1953
ae32259edfaa496a,free_trip,4,Dormant,0.5649,10.9854,8.7881,1.9425,1.1227,1.6238,0.5096,0.7706,0.3436,0,0.2548
ae52cd39de0e7b96,free_trip,2,Dormant,0.4876,9.9275,7.879,1.7376,1.6014,1.4525,0.6218,0.4871,0.3436,0,0.3109
ae614e7d5690f6f0,weekend_20,2,Occasional,0.9633,0.6151,0.3631,0.2755,0.7898,0.2854,-0.0469,0.0097,0.3226,0,-0.0235
ae6613d1d14bcca6,spend_10,4,Loyal,2.9657,3.6603,2.4861,1.1322,1.7902,0.7466,0.084,0.0,0.6627,0,0.042
ae663ff52f22d092,free_trip,0,Dormant,0.889,14.1073,11.2173,2.5143,1.8605,2.1018,0.7514,0.8902,0.4601,0,0.3757
ae69c8eb72126096,spend_10,2,Champions,2.1369,2.3144,1.4953,0.7543,1.9649,0.8363,0.1295,0.0,0.7068,0,0.0647
ae7562a36ed8666f,weekend_20,0,Occasional,2.4775,1.6831,0.9877,0.7197,2.3879,0.1025,-0.0485,-0.0734,0.2244,0,-0.0243
ae7ea1145b95c4b8,spend_10,1,Occasional,0.5956,0.9244,0.6361,0.2558,1.4786,0.1358,0.0651,0.0,0.0707,0,0.0326
ae85ac402c450c8c,free_trip,5,Dormant,0.7545,12.7984,10.1882,2.2726,1.8459,1.8998,0.6751,0.8244,0.4003,0,0.3375
ae91db2ec72e6c79,free_trip,1,Dormant,0.5451,10.7933,8.6308,1.9057,1.7542,1.593,0.5138,0.6996,0.3796,0,0.2569
ae94e5d403c415e9,free_trip,5,Dormant,0.693,12.3619,9.8848,2.1968,1.4188,1.8364,0.5606,0.8517,0.4241,0,0.2803
aea6f115fd713034,free_trip,2,Dormant,0.5136,10.1228,8.0933,1.7875,1.6816,1.4943,0.4838,0.6833,0.3272,0,0.2419
aeb57f2f4f433bf2,spend_10,1,Champions,0.7073,2.5206,1.8486,0.5308,4.5902,0.4869,0.2822,0.0,0.2047,0,0.1411
aebe4a799c647d97,free_trip,4,Dormant,0.5505,10.8518,8.7001,1.9212,1.2758,1.606,0.461,0.7237,0.4213,0,0.2305
aeeb7a0061a3316f,free_trip,3,Dormant,1.0326,11.8089,9.3542,2.1572,1.3971,1.8033,0.595,0.8196,0.3887,0,0.2975
af0ec5b8a9fb81a9,spend_10,3,Champions,1.2776,6.7956,5.317,1.3696,3.3132,1.2798,0.2181,0.0,1.0617,0,0.109
af1c437b4930f25c,free_trip,1,Dormant,0.5011,9.9048,7.92,1.7489,1.5765,1.462,0.4718,0.6631,0.3272,0,0.2359
af28e0bd52dfbc29,free_trip,1,At risk,0.5178,10.2048,8.1954,1.8096,2.1074,1.1451,0.3996,0.5143,0.2312,0,0.1998
af2915d74da19cd9,spend_10,3,Champions,1.1143,1.6456,1.1014,0.4602,3.3759,0.3206,0.1679,0.0,0.1527,0,0.084
af48f83f9049ca14,free_trip,5,Dormant,1.3035,11.8488,9.2971,2.2016,1.5164,1.8404,0.7003,0.7252,0.4149,0,0.3501
af4c13bc5ba69127,free_trip,3,Dormant,0.5004,10.0021,7.9935,1.764,1.419,1.4746,0.4891,0.6584,0.3272,0,0.2445
af67ed14cb58951f,free_trip,1,At risk,0.4993,14.7549,11.909,2.577,2.7098,1.2481,0.5378,0.3471,0.3632,0,0.2689
af6cdc2639ea9ee0,free_trip,5,Dormant,0.5534,10.7362,8.5677,1.8943,1.2841,1.5835,0.5485,0.6587,0.3763,0,0.2742
af70711e41d4f0dd,spend_10,2,Loyal,2.2753,1.4276,0.7678,0.632,1.8947,0.6296,0.0556,0.0,0.5739,0,0.0278
af71ddecec381e29,spend_10,3,Champions,1.3562,1.6529,1.0536,0.5005,3.2208,0.3803,0.1976,0.0,0.1827,0,0.0988
af99f2e55975329b,free_trip,3,Dormant,0.512,10.0931,8.0533,1.7789,1.6394,1.487,0.5219,0.5999,0.3652,0,0.261
afafb6733169c736,free_trip,2,Dormant,0.5158,10.3651,8.2411,1.8187,2.282,1.5203,0.6106,0.4671,0.4426,0,0.3053
afc88d4be67ec42f,spend_10,4,Champions,2.413,1.9126,1.1309,0.736,2.7455,0.7894,0.0915,0.0,0.6979,0,0.0457
afe37735946e00c9,free_trip,0,Dormant,0.6787,12.245,9.7813,2.1724,2.0951,1.816,0.5827,0.8519,0.3814,0,0.2913
afe8606885214338,spend_10,4,Loyal,2.4996,2.169,1.3097,0.7911,3.1022,0.6912,0.1363,0.0,0.5549,0,0.0682
aff7301aeccdc03b,spend_10,2,Champions,1.7446,0.9375,0.4156,0.4486,4.3802,0.289,0.1465,0.0,0.1424,0,0.0733
b0005f6062b3f76a,spend_10,4,Champions,2.7358,2.0844,1.1995,0.8173,3.0142,0.6835,0.1352,0.0,0.5483,0,0.0676
b0021f5eca415b90,spend_10,0,Loyal,2.2705,5.1373,3.8351,1.268,3.8491,0.6759,0.0685,0.0,0.6074,0,0.0342
b00ee1dc818659fb,spend_10,4,Champions,1.3077,2.0354,1.363,0.5547,5.542,0.2867,0.2356,0.0,0.0512,0,0.1178
b0316eda4e167e1c,spend_10,5,Loyal,3.6403,2.2945,1.2364,1.0128,3.0546,0.4163,0.0905,0.0,0.3258,0,0.0452
b0477a0f6d032ac8,free_trip,4,Dormant,0.5238,10.2996,8.238,1.8197,1.5845,1.5212,0.4838,0.6781,0.3592,0,0.2419
b04e08a4f2f0f4b3,spend_10,1,Champions,1.8563,3.3485,2.3832,0.8805,2.2899,0.8635,0.1696,0.0,0.6939,0,0.0848
b058b175f27d2db8,spend_10,4,Champions,1.4574,1.2144,0.7009,0.4482,3.0897,0.3481,0.1306,0.0,0.2175,0,0.0653
b05ba9d29a878f01,weekend_20,4,Loyal,2.0416,1.8599,1.2265,0.6787,1.2026,0.3313,-0.0907,-0.027,0.4489,0,-0.0453
b06135f34434a69d,spend_10,5,Champions,2.3656,1.3658,0.6905,0.6347,2.0274,0.666,0.0811,0.0,0.585,0,0.0405
b06ad761cfe590d0,spend_10,2,Champions,1.5898,1.7072,1.034,0.5449,2.0021,0.3789,0.2566,0.0,0.1223,0,0.1283
b085b3c9e648eab5,free_trip,0,Dormant,0.5529,10.4789,8.3634,1.8518,2.8218,1.548,0.5273,0.6592,0.3614,0,0.2637
b08da114a5ce34e6,free_trip,1,At risk,0.5116,12.8919,10.3585,2.2576,2.2588,1.3492,0.5515,0.3852,0.4125,0,0.2758
b094f04ffec1ead8,pct_10,1,Champions,41.0588,31.5919,17.859,12.2363,40.7792,10.906,2.9933,5.1582,2.7546,0,1.4966
b0ab196ef27e2621,free_trip,4,Dormant,0.5667,11.037,8.8365,1.9529,1.3766,1.6325,0.4952,0.7563,0.3811,0,0.2476
b0ab9b83b62abcd9,spend_10,5,Champions,0.8566,10.9305,8.7625,1.9977,5.359,1.5229,0.3406,0.0,1.1823,0,0.1703
b0ada9545789fa47,spend_10,2,Champions,2.1654,2.4782,1.6108,0.7843,7.2982,0.2836,0.1663,0.0,0.1173,0,0.0831
b0c113b231f04f49,free_trip,3,Dormant,0.5591,10.6139,8.4733,1.8759,2.3288,1.5681,0.5293,0.6557,0.3832,0,0.2647
b0d9f7a371541207,free_trip,1,At risk,0.57,10.9657,8.8194,1.95,2.2313,1.3216,0.3925,0.6072,0.3218,0,0.1962
b0e0c9b0b9fa5582,spend_10,1,Champions,1.6807,3.2514,2.3265,0.8322,3.1119,0.3908,0.1854,0.0,0.2054,0,0.0927
b0e73262685c0ff8,spend_10,0,Loyal,2.3293,1.4828,0.8167,0.6534,2.4559,0.4196,0.0255,0.0,0.3941,0,0.0128
b0f178eee2c9d141,free_trip,5,Dormant,0.5255,10.4172,8.341,1.8414,1.3168,1.5393,0.4696,0.6647,0.405,0,0.2348
b0f39d8244eb8c3d,spend_10,1,Champions,1.9585,7.0586,5.4358,1.5357,3.7806,1.0119,0.1742,0.0,0.8376,0,0.0871
b110c12a10a212ca,free_trip,4,Dormant,0.5709,10.8825,8.671,1.9194,1.7116,1.6045,0.5843,0.6651,0.3551,0,0.2922
b11bb83f2407b883,free_trip,1,Dormant,0.5772,10.6236,8.4698,1.8789,1.7321,1.5707,0.5497,0.6592,0.3617,0,0.2749
b11f2006aa882213,free_trip,1,Occasional,0.8944,10.2133,8.044,1.8564,1.4259,1.6654,0.6258,0.6518,0.3877,0,0.3129
b1222b838aab5c21,free_trip,0,Dormant,0.5557,10.8592,8.6671,1.9154,1.2698,1.6012,0.5535,0.6783,0.3694,0,0.2767
b12313fe098342d4,offpeak_15,2,Champions,11.4859,5.6076,2.7972,2.9664,6.1754,2.8071,-0.312,3.114,0.0051,0,-0.156
b129dd0970d4ac6c,spend_10,5,Loyal,3.0661,2.0165,1.1094,0.8672,2.143,0.5825,0.0798,0.0,0.5027,0,0.0399
b12f2af8a0819c12,spend_10,0,Champions,1.3881,7.9374,6.2632,1.589,9.1081,0.7284,0.1704,0.0,0.5581,0,0.0852
b13093fde51cd92f,weekend_20,3,Dormant,0.6812,0.5699,0.3582,0.2159,0.4489,0.1804,-0.0083,-0.0096,0.1983,0,-0.0041
b1389bd3edf687e2,free_trip,1,Dormant,0.5212,10.2925,8.2351,1.8185,0.983,1.5202,0.4777,0.6886,0.3539,0,0.2389
b13cc51cdae04a10,free_trip,5,At risk,1.2614,17.731,14.2415,3.2197,2.9915,1.5705,0.5397,0.6857,0.3451,0,0.2699
b14fd8833c1a5da9,spend_10,0,Loyal,2.6283,1.9656,1.1236,0.7792,1.542,0.7403,0.1254,0.0,0.6148,0,0.0627
b150833c6b9c0e04,free_trip,2,Dormant,0.533,10.4827,8.3774,1.8506,1.9482,1.547,0.5094,0.6844,0.3531,0,0.2547
b1563cdaaa043db6,offpeak_15,5,Champions,18.6848,12.0149,6.8573,5.3047,11.2632,3.3976,-0.2943,3.7989,-0.107,0,-0.1471
b16271c50d589101,free_trip,0,Dormant,0.514,10.2738,8.1936,1.8084,2.2996,1.5117,0.5436,0.495,0.4732,0,0.2718
b164bf691e530491,free_trip,4,Dormant,0.6544,11.9987,9.5727,2.124,2.2292,1.7755,0.6041,0.7673,0.4042,0,0.302
b1782b863e23f974,free_trip,3,At risk,0.916,11.4108,9.0304,2.0657,1.6227,1.7523,0.6295,0.7044,0.4184,0,0.3147
b17d5d9a60666e80,free_trip,0,Dormant,0.5808,10.8813,8.693,1.926,1.7941,1.61,0.5246,0.7352,0.3502,0,0.2623
b188b6bc24e9856a,free_trip,5,Occasional,1.0855,20.9679,16.9887,3.7537,4.9823,1.3436,0.451,0.5855,0.3071,0,0.2255
b1a32ca06cee6f5d,free_trip,3,Dormant,0.5451,10.6508,8.4887,1.8762,2.0048,1.5684,0.5719,0.6192,0.3772,0,0.286
b1ab59cb08a27cd3,free_trip,4,Dormant,0.6853,12.5395,9.9595,2.2107,2.3353,1.848,0.7387,0.714,0.3953,0,0.3693
b1b06a823d26c4e1,free_trip,5,Dormant,0.5545,10.8193,8.6263,1.9067,1.2508,1.5939,0.5725,0.6583,0.3631,0,0.2863
b1b78d8d17eb22a7,free_trip,2,Dormant,0.6136,11.6287,9.2656,2.0517,1.1414,1.7151,0.6228,0.6646,0.4278,0,0.3114
b1ba6ab6e11ce79d,free_trip,0,Dormant,0.9417,13.4952,10.7128,2.4204,1.6859,2.0233,0.724,0.896,0.4034,0,0.362
b1c53097b0305334,free_trip,2,Dormant,0.494,9.8864,7.8957,1.7424,1.8837,1.4566,0.4964,0.6063,0.3539,0,0.2482
b1cf8b1eccbe66e6,free_trip,3,At risk,0.57,12.772,10.2585,2.2489,1.8356,1.2817,0.5291,0.4959,0.2567,0,0.2646
b1daa5a3dee8bc9f,free_trip,1,At risk,0.9294,13.9191,11.1757,2.514,2.9388,1.6064,0.4587,0.7653,0.3823,0,0.2293
b1e43a5209599ce7,spend_10,4,Champions,0.8477,15.4662,12.5362,2.7796,6.6363,2.4354,0.3007,0.0,2.1347,0,0.1504
b21fd93922770970,spend_10,2,Champions,1.9102,5.2468,3.9719,1.2216,3.85,1.0937,0.1066,0.0,0.9871,0,0.0533
b2240c7e126e788f,weekend_20,0,Loyal,0.9405,0.6393,0.3261,0.2631,1.1718,0.4338,0.1003,0.1185,0.215,0,0.0501
b22d7745a3608eca,free_trip,1,At risk,0.8462,11.0956,8.7308,1.989,2.9856,1.1232,0.7515,0.2893,0.0824,0,0.3757
b259ec109fabd7d1,spend_10,3,Occasional,3.0233,1.839,0.9569,0.8266,2.3651,0.299,0.1109,0.0225,0.1656,0,0.0555
b270906cdf8ba942,free_trip,1,Dormant,0.5921,11.0096,8.7884,1.9482,1.1793,1.6285,0.5462,0.712,0.3703,0,0.2731
b279506197c8c660,weekend_20,2,Loyal,2.1542,1.7609,1.0915,0.6741,1.648,0.6203,-0.0094,-0.0389,0.6686,0,-0.0047
b290eac8cbf42660,free_trip,4,Dormant,0.5059,10.1367,8.1202,1.7915,1.1074,1.4976,0.45,0.6939,0.3536,0,0.225
b2919e651e7add22,spend_10,4,Champions,1.378,1.8069,1.1816,0.5316,2.5307,0.5509,0.1873,0.0,0.3636,0,0.0937
b2a50ec64f3a8fd3,free_trip,0,Dormant,0.5276,10.3526,8.2572,1.8245,1.4229,1.5251,0.5418,0.5914,0.3919,0,0.2709
b2b56583aa161b0b,free_trip,2,Dormant,0.527,10.3312,8.274,1.8278,1.7379,1.528,0.4588,0.71,0.3592,0,0.2294
b2cf2a5f2b0b1b7c,free_trip,0,Dormant,0.5406,10.5182,8.4059,1.858,1.2921,1.5532,0.5084,0.6584,0.3863,0,0.2542
b2cf41886c0054ae,offpeak_15,3,Champions,19.9105,13.4439,7.8672,5.769,10.8388,4.8712,-0.3847,5.2617,-0.0058,0,-0.1923
b2e5ca357c09b77a,free_trip,0,Dormant,0.5658,10.936,8.7228,1.9291,1.1329,1.6126,0.5681,0.6844,0.3601,0,0.284
b2ea655fe0de11cc,weekend_20,4,Occasional,2.7522,1.5689,0.8342,0.7448,1.3287,0.4678,-0.0202,0.0682,0.4198,0,-0.0101
b2eb2cc159206783,free_trip,3,Dormant,0.7817,13.1869,10.5119,2.3455,2.5112,1.9607,0.6589,0.8652,0.4366,0,0.3295
b2f4c94c3ba9d3c6,free_trip,1,Dormant,0.917,12.1673,9.6703,2.1988,1.5461,1.8381,0.5963,0.8196,0.4221,0,0.2982
b30a734260a18a26,spend_10,0,Champions,1.6528,5.0642,3.8802,1.1491,2.0958,1.0077,0.0699,0.0,0.9378,0,0.0349
b310347d1ec642cf,free_trip,0,Dormant,0.5533,10.5269,8.4032,1.8601,2.1569,1.5549,0.5272,0.6522,0.3756,0,0.2636
b31d7a1e86940108,offpeak_15,3,Champions,31.5046,24.8765,15.1603,9.6916,18.5351,8.5161,0.0491,8.7038,-0.2369,0,0.0246
b3344aacedfba59a,spend_10,0,Champions,1.1562,5.4646,4.3011,1.1334,2.4067,1.2233,0.0601,0.0,1.1631,0,0.0301
b34215099e52a9d8,free_trip,2,Dormant,0.5056,9.9902,7.9797,1.7623,2.2491,1.4732,0.4965,0.6495,0.3272,0,0.2482
b348154485309aa3,spend_10,5,Champions,2.3151,4.7989,3.5314,1.2142,3.4518,0.932,0.1066,0.0,0.8254,0,0.0533
b349887c7cc18392,free_trip,1,At risk,0.5646,10.9685,8.7257,1.9294,1.5569,1.4939,0.6267,0.5971,0.27,0,0.3134
b366d87735765713,weekend_20,1,At risk,0.9588,0.6399,0.3771,0.2774,0.5251,0.1653,-0.0292,-0.0304,0.2249,0,-0.0146
b368ce4d09d438a5,rush_hour_25,1,Occasional,3.114,1.4472,0.4246,0.7349,1.7479,0.4485,0.5753,-0.1006,-0.0261,0,0.2877
b37013d912587619,free_trip,4,Dormant,0.5078,10.1713,8.1291,1.7938,1.2311,1.4995,0.4968,0.5893,0.4134,0,0.2484
b39edbc30851cc28,offpeak_15,4,Champions,13.716,9.9077,5.9194,4.0779,6.1632,3.4213,-0.1792,3.6498,-0.0493,0,-0.0896
b3a4138e1fb43881,spend_10,0,Champions,0.7017,3.2835,2.476,0.66,3.2499,0.7422,0.2952,0.0,0.447,0,0.1476
b3b00e9645066d95,spend_10,2,Champions,2.7886,3.7433,2.5209,1.1027,3.6775,0.9101,0.2393,0.0,0.6708,0,0.1197
b3b35b0b0c6afd00,weekend_20,0,Loyal,1.9225,1.4766,0.8993,0.586,1.5686,0.4863,-0.0176,-0.033,0.5369,0,-0.0088
b3b54feacf2fe8b7,spend_10,0,Champions,1.6737,4.3051,3.1953,1.0112,2.3328,0.8662,0.1972,0.0,0.669,0,0.0986
b3b9c996d23c2fb8,free_trip,0,Dormant,0.501,9.9006,7.9115,1.7471,1.7566,1.4605,0.4838,0.6495,0.3272,0,0.2419
b3c534a420fc846d,free_trip,4,Dormant,0.5565,10.7761,8.6156,1.9049,2.39,1.5924,0.5113,0.7287,0.3525,0,0.2556
b3c785e77e0b1a71,free_trip,0,Dormant,0.5403,10.1642,8.1414,1.803,2.1056,1.5072,0.4395,0.7033,0.3644,0,0.2198
b3e8a993f724edc5,spend_10,1,Champions,1.1403,5.6814,4.452,1.1614,3.3773,1.1654,0.1359,0.0,1.0295,0,0.068
b3f44d6cc9143e75,free_trip,2,Dormant,0.5139,10.19,8.128,1.7948,1.0665,1.5003,0.5345,0.5935,0.3723,0,0.2673
b405bee83331d1bf,free_trip,0,At risk,0.548,10.611,8.4125,1.861,1.39,1.4499,0.675,0.59,0.1849,0,0.3375
b408c5b843890696,free_trip,4,Dormant,0.5427,10.4672,8.3683,1.8507,2.3804,1.5471,0.4965,0.6967,0.3539,0,0.2482
b409d04867f9b3d1,free_trip,2,Dormant,0.5305,10.5003,8.3751,1.8496,0.7284,1.5461,0.5513,0.6273,0.3675,0,0.2757
b4215721c00f5c64,free_trip,1,Dormant,0.7396,12.9686,10.2743,2.2874,1.5321,1.9121,0.8138,0.728,0.3703,0,0.4069
b423b7c5a52c2157,free_trip,5,At risk,0.7621,13.124,10.5153,2.3421,2.75,1.3648,0.5331,0.5084,0.3233,0,0.2665
b43eb21e5872972f,free_trip,4,At risk,2.3196,18.7118,14.8892,3.574,5.1748,1.5387,0.4973,0.7522,0.2892,0,0.2486
b44f4d9ec0f867f4,spend_10,3,Champions,1.0873,1.0032,0.5879,0.3479,3.9377,0.2495,0.1348,0.0,0.1147,0,0.0674
b4577263e49e8d69,free_trip,5,Dormant,0.585,11.0359,8.7855,1.9461,2.261,1.6268,0.6085,0.6784,0.3399,0,0.3043
b46ddb37a819c40b,free_trip,1,At risk,0.5004,15.7447,12.8444,2.7715,4.5969,1.0243,0.2577,0.4724,0.2942,0,0.1289
b485c48d4b7e830e,free_trip,4,Dormant,0.4981,9.8816,7.9007,1.7443,1.7413,1.4581,0.4733,0.6592,0.3256,0,0.2366
b486616bdb809441,free_trip,5,Dormant,0.7377,12.7755,10.1788,2.2672,2.2177,1.8952,0.659,0.805,0.4313,0,0.3295
b493a22f9ba5f529,spend_10,1,Champions,1.562,4.015,2.9855,0.9444,2.4479,0.9689,0.1702,0.0,0.7987,0,0.0851
b499169fc723eb4b,free_trip,5,Occasional,1.2293,13.2277,10.4871,2.4333,3.5207,1.1645,0.6148,0.3618,0.188,0,0.3074
b4a3834812fa0435,spend_10,2,Champions,1.1103,0.9556,0.4791,0.3301,6.5006,0.1704,0.2928,0.0,-0.1223,0,0.1464
b4a46128ca5c64a2,weekend_20,5,At risk,1.7131,1.2572,0.7613,0.5139,1.5382,0.2792,-0.036,-0.0497,0.3649,0,-0.018
b4a788e4fa749203,spend_10,2,Champions,0.8584,6.5687,5.2437,1.2673,3.9238,1.3993,0.1154,0.0,1.284,0,0.0577
b4abe2a458441031,free_trip,4,Dormant,0.5296,10.307,8.2373,1.8207,1.57,1.522,0.4979,0.6709,0.3531,0,0.249
b4b23c43e8b60b20,free_trip,5,Dormant,0.5503,10.5937,8.4504,1.8693,1.4455,1.5626,0.548,0.6585,0.3561,0,0.274
b4ba2be609cc3197,spend_10,4,Loyal,2.4942,1.692,0.9384,0.7129,1.8349,0.5663,0.0814,0.0,0.4849,0,0.0407
b4cdba6a13e79f69,free_trip,0,Dormant,0.5605,10.7707,8.6059,1.9037,1.6969,1.5914,0.5222,0.71,0.3592,0,0.2611
b4cefae9f2e47d2f,free_trip,1,Dormant,0.555,10.6393,8.4926,1.879,0.9639,1.5708,0.5354,0.6577,0.3777,0,0.2677
b501716300acf6f0,free_trip,1,Dormant,0.596,11.3225,9.0515,2.0036,1.8361,1.6749,0.5347,0.7788,0.3614,0,0.2674
b502bdc9fb6a457d,spend_10,0,Champions,1.3635,2.6681,1.8613,0.6697,5.8008,0.127,0.2741,0.0,-0.1471,0,0.137
b50f2bab30a431b6,free_trip,3,Dormant,0.5571,10.5401,8.4158,1.8635,1.1236,1.5578,0.5215,0.6789,0.3574,0,0.2608
b51f73cbb1b7056c,spend_10,2,Champions,2.4926,4.6217,3.3294,1.2091,3.1581,0.8839,0.1664,0.0,0.7175,0,0.0832
b520546b08f6528c,spend_10,1,Champions,1.5786,2.8486,1.9925,0.7416,4.6344,0.4488,0.2289,0.0,0.2199,0,0.1145
b5254f6dd17e9599,free_trip,2,Dormant,0.5685,11.0112,8.8171,1.9492,1.5641,1.6294,0.4897,0.7837,0.3561,0,0.2448
b535fc53a1ac0411,free_trip,5,Dormant,0.6281,11.7412,9.3558,2.0735,0.9693,1.7333,0.6238,0.7413,0.3683,0,0.3119
b55699c54f8fe417,offpeak_15,4,Champions,29.0517,12.0266,4.9214,7.0557,9.8123,3.6915,0.0991,3.9048,-0.3125,0,0.0496
b56d6da6e6e78ff9,free_trip,5,At risk,0.6884,13.274,10.6489,2.3546,3.2455,1.4245,0.541,0.6232,0.2603,0,0.2705
b58a7d2a59b36af0,pct_10,1,Champions,14.8912,6.046,1.9796,3.5038,6.303,2.9081,1.1252,0.9711,0.8118,0,0.5626
b5935d705331043d,free_trip,0,Dormant,0.6991,11.4809,9.1486,2.0452,1.7657,1.7097,0.5743,0.698,0.4374,0,0.2872
b5b34d9685c6922c,spend_10,5,Loyal,2.4901,1.4412,0.7372,0.6703,1.6809,0.6191,0.0674,0.0,0.5517,0,0.0337
b5bdb6c935725ca1,free_trip,1,Occasional,1.9108,19.6094,15.6635,3.6499,2.7143,1.8527,0.5919,0.9657,0.2951,0,0.296
b5cf2ede6c851f7c,spend_10,3,Champions,1.3768,1.2941,0.7737,0.4466,2.7486,0.3563,0.1474,0.0,0.2089,0,0.0737
b5d6df75e5367148,free_trip,5,Dormant,0.4941,9.877,7.8879,1.7408,1.812,1.4552,0.4965,0.6303,0.3284,0,0.2482
b5e5c1a83aad2eb4,spend_10,1,Champions,0.6255,4.1202,3.1858,0.7915,7.3974,0.6346,0.2858,0.0,0.3488,0,0.1429
b5e95ec5a9ee3fee,spend_10,2,Loyal,2.7751,2.4871,1.5132,0.8906,4.8814,0.3478,0.1664,0.0,0.1813,0,0.0832
b60a69958753f498,free_trip,2,Dormant,0.5531,10.3675,8.273,1.833,1.6581,1.5323,0.5229,0.6485,0.3609,0,0.2614
b61b75c4b1646240,offpeak_15,5,Loyal,4.8336,3.3514,1.9897,1.4171,3.7505,1.1026,-0.1106,1.3257,-0.1125,0,-0.0553
b6220fce66393874,spend_10,3,Champions,2.7534,3.4489,2.329,1.0555,3.2233,0.7631,0.1289,0.0,0.6342,0,0.0644
b6538bc4e50e2775,spend_10,5,Loyal,4.0511,2.2102,1.0922,1.0682,2.5506,0.5639,0.0997,0.0,0.4641,0,0.0499
b654901ffe1448a3,spend_10,5,Champions,0.7077,1.0616,0.6583,0.2837,3.3487,0.286,0.2392,0.0,0.0468,0,0.1196
b6818f485c6c9eb1,free_trip,2,Dormant,0.5304,10.5828,8.4564,1.8664,1.6309,1.5602,0.52,0.6319,0.4083,0,0.26
b6a00d9cb1368eef,spend_10,5,Champions,1.1346,10.8909,8.7054,2.0436,5.6489,1.4045,0.2839,0.0,1.1206,0,0.1419
b6a0f1e30169d74b,free_trip,0,Occasional,0.7397,13.094,10.5391,2.3424,1.7814,1.0905,0.4248,0.5188,0.1469,0,0.2124
b6b33a9744f820f0,free_trip,5,Dormant,0.5161,10.1376,8.1077,1.791,2.1246,1.4972,0.4776,0.6935,0.3261,0,0.2388
b6c174bcd586ad23,free_trip,5,Dormant,0.6255,11.8042,9.4225,2.0868,1.6434,1.7444,0.5899,0.7686,0.386,0,0.2949
b6c4c072116d268c,free_trip,5,At risk,0.6817,11.2343,8.9523,2.0008,2.1624,1.4199,0.5623,0.5409,0.3167,0,0.2811
b6d4e792a8ebf7fe,free_trip,5,Dormant,0.5195,10.3169,8.2578,1.8229,1.8682,1.5238,0.4724,0.6717,0.3797,0,0.2362
b6db238735eba921,offpeak_15,0,Occasional,1.925,2.6157,1.8442,0.7828,1.7008,0.2472,-0.0225,0.3071,-0.0374,0,-0.0112
b6e5fa3d371d71fe,spend_10,0,Champions,1.734,2.2667,1.4997,0.6716,8.1178,0.2033,0.1909,0.0,0.0125,0,0.0954
b6fcd31d986a2195,free_trip,1,Dormant,0.5407,10.5382,8.4123,1.8594,1.3235,1.5544,0.5329,0.6598,0.3616,0,0.2664
b704737ff640af17,rush_hour_25,1,Occasional,2.8033,1.5665,0.6548,0.7182,2.2891,0.2899,0.3871,-0.079,-0.0182,0,0.1935
b7066045b17dee92,free_trip,2,Dormant,0.534,10.476,8.3593,1.847,1.1492,1.544,0.5394,0.6323,0.3723,0,0.2697
b714eb4b49133e99,spend_10,0,Loyal,2.3283,2.2845,1.4285,0.7802,2.085,0.5135,0.1516,0.0,0.362,0,0.0758
b7313f9871d85092,offpeak_15,4,Champions,19.1123,11.9633,6.8789,5.3979,9.828,4.3544,-0.6269,5.0288,-0.0475,0,-0.3135
b734b8a5a8bc41b7,weekend_20,5,Loyal,3.366,1.8044,0.9562,0.8977,2.0484,0.2847,-0.099,-0.0328,0.4165,0,-0.0495
b735eb4b0f51e62a,rush_hour_25,5,Loyal,9.2123,4.3093,1.4957,2.2239,4.6326,1.1733,1.1795,0.1366,-0.1427,0,0.5897
b73fcee2f2b55a7a,spend_10,4,Loyal,3.0374,1.6229,0.7896,0.7948,1.7066,0.6523,0.0768,0.0,0.5755,0,0.0384
b7474056ea3efc40,spend_10,3,Champions,1.8541,3.8075,2.7752,0.9614,2.6081,0.7581,0.1418,0.0,0.6162,0,0.0709
b760f901d5797c53,free_trip,4,Dormant,0.6031,11.1154,8.8015,1.9532,3.7563,1.6327,0.7212,0.4701,0.4414,0,0.3606
b764331482620a76,free_trip,1,Dormant,0.6964,12.3266,9.8397,2.1882,1.2045,1.8292,0.5973,0.8308,0.401,0,0.2987
b76af05e78e6a3e9,spend_10,2,Champions,1.4267,4.8041,3.6688,1.0582,4.9428,1.0831,0.1542,0.0,0.9289,0,0.0771
b77aa522eb0a7870,free_trip,5,Dormant,0.5025,10.0739,8.0332,1.7727,1.5245,1.4819,0.5361,0.6219,0.324,0,0.268
b789c31fd70e7f0d,free_trip,2,Dormant,0.5573,10.5905,8.4623,1.8732,1.9147,1.5659,0.5099,0.6916,0.3644,0,0.255
b7aaacada0f66bb6,free_trip,4,Dormant,0.5571,10.9204,8.72,1.9267,1.6178,1.6106,0.5473,0.7239,0.3394,0,0.2736
b7aed6805fb4b674,free_trip,3,Occasional,1.1081,16.3949,13.1318,2.9574,2.7315,1.6475,0.6115,0.6878,0.3481,0,0.3057
b7c3fd98ca35b0ab,free_trip,1,Dormant,0.4939,9.9161,7.9156,1.7465,0.7772,1.46,0.5081,0.6248,0.3272,0,0.254
b7c8d36d4271217f,spend_10,2,Loyal,2.7626,1.4119,0.6664,0.7121,1.9001,0.7528,0.0668,0.0,0.686,0,0.0334
b7caa337b91f0749,spend_10,2,Champions,2.2133,5.1608,3.8115,1.2513,3.1043,1.1508,0.196,0.0,0.9549,0,0.098
b7ea330a8463a38c,free_trip,4,Dormant,0.5211,10.3441,8.2605,1.8238,1.1446,1.5246,0.5197,0.5915,0.4134,0,0.2599
b7ed6fd2de828677,free_trip,3,Dormant,0.9467,11.7357,9.3625,2.1411,1.9449,1.7898,0.4642,0.9495,0.3761,0,0.2321
b7fc7b7d0d1fd084,weekend_20,3,Occasional,1.3916,1.047,0.6381,0.4215,1.4826,0.302,-0.0252,-0.0855,0.4127,0,-0.0126
b802fb5997f961b9,free_trip,5,Occasional,1.7707,11.1842,8.7469,2.1843,4.3942,0.986,0.506,0.2559,0.2241,0,0.253
b82515b3c95eada2,free_trip,4,Dormant,0.5058,10.0831,8.0398,1.7748,0.8115,1.4836,0.5369,0.5823,0.3644,0,0.2685
b83447352923f2c4,free_trip,1,Dormant,0.5951,10.5319,8.4354,1.8755,1.8341,1.5678,0.4421,0.7323,0.3934,0,0.2211
b83e0d911a4e537e,free_trip,0,Dormant,0.5446,10.7273,8.5833,1.8957,1.3907,1.5847,0.4967,0.7097,0.3783,0,0.2484
b845f4255fcf6bfe,free_trip,4,Dormant,0.5661,10.5279,8.4036,1.8629,1.7235,1.5572,0.5229,0.6683,0.366,0,0.2614
b849c5dcc2ad1e6b,free_trip,5,At risk,0.6386,12.4542,9.9582,2.2008,1.7848,1.5331,0.5903,0.6299,0.3128,0,0.2952
b85c98117343262c,spend_10,2,Champions,0.7655,3.4314,2.6181,0.7027,6.2422,0.5586,0.221,0.0,0.3376,0,0.1105
b87c968640a0496c,spend_10,5,Champions,1.631,3.9442,2.8482,0.9303,4.0143,0.6068,0.3315,0.0,0.2752,0,0.1658
b8865dec6678d7b2,weekend_20,2,Champions,23.951,24.9424,16.2036,8.3395,9.1229,7.4262,0.7987,0.1906,6.437,0,0.3993
b88771d63a6940a8,spend_10,1,Champions,1.9487,2.5672,1.7545,0.7691,3.0048,0.8206,0.0874,0.0,0.7331,0,0.0437
b8937de3551c5bdb,offpeak_15,4,Champions,26.136,22.1409,13.7632,8.2864,15.0933,6.823,0.1827,6.6474,-0.0071,0,0.0914
b8a1bf02bd979e5a,free_trip,5,Dormant,0.5086,10.1148,8.0843,1.7846,1.3574,1.4918,0.4918,0.6245,0.3755,0,0.2459
b8a6a863a0b93762,spend_10,3,Loyal,2.5681,2.207,1.3445,0.8126,3.6472,0.2919,0.0997,0.0,0.1922,0,0.0498
b8aa8aa443079b4c,free_trip,4,Dormant,0.5012,10.0198,8.005,1.7666,1.7433,1.4768,0.4964,0.6008,0.3796,0,0.2482
b8b3ed0cd2820a4f,spend_10,2,Champions,1.9499,2.6259,1.815,0.7819,2.1788,0.6255,0.0578,0.0,0.5677,0,0.0289
b8ce9e9a28129102,weekend_20,5,Occasional,3.4673,1.6166,0.7674,0.8795,2.1979,0.0593,-0.0605,-0.1078,0.2276,0,-0.0303
b8dba67613e923b9,free_trip,1,Dormant,0.5316,10.5263,8.4034,1.8557,1.0862,1.5512,0.5344,0.6576,0.3592,0,0.2672
b8e37b1c3881e676,spend_10,0,Champions,1.4063,9.5107,7.5467,1.8594,7.7329,1.2604,0.2092,0.0,1.0513,0,0.1046
b8e47f057bb110ea,spend_10,3,Loyal,2.7526,2.0957,1.2442,0.8301,1.9838,0.5063,0.043,0.0,0.4633,0,0.0215
b8fbf3afb0eace24,free_trip,2,Dormant,0.5983,11.245,8.8834,1.9692,1.8037,1.6461,0.785,0.4784,0.3828,0,0.3925
b90dd18850b2c11b,free_trip,3,Dormant,0.6822,12.0582,9.5915,2.1337,2.392,1.7836,0.666,0.7456,0.3721,0,0.333
b915630663c2548d,free_trip,5,Dormant,0.5175,10.0475,8.0082,1.7707,1.6433,1.4802,0.5372,0.5761,0.3668,0,0.2686
b922e348ca522801,spend_10,2,Champions,2.0465,3.5508,2.5227,0.949,3.6008,0.8394,0.1583,0.0,0.6812,0,0.0791
b926d18336b1c2af,free_trip,3,Dormant,0.5084,10.22,8.1568,1.7996,1.7064,1.5044,0.5272,0.6418,0.3353,0,0.2636
b92d5a497805a337,free_trip,5,Dormant,0.543,10.6424,8.4824,1.8744,1.3939,1.5669,0.5712,0.6642,0.3316,0,0.2856
b9313c5eb945c240,free_trip,5,At risk,0.679,12.2862,9.8373,2.1841,2.606,1.1198,0.5297,0.4092,0.1809,0,0.2649
b93a5733cb363872,spend_10,5,Champions,2.169,4.5997,3.3688,1.1501,2.8172,0.8128,0.1617,0.0,0.6511,0,0.0808
b93c66e6dba33e05,free_trip,4,Dormant,0.6997,11.6651,9.2767,2.072,1.2754,1.732,0.6327,0.7197,0.3796,0,0.3164
b94243e3f5cb7d69,spend_10,0,Champions,1.6061,2.0865,1.3918,0.6226,3.6446,0.3956,0.1441,0.0,0.2515,0,0.0721
b968828089c9a597,free_trip,0,Dormant,0.4985,9.974,7.9737,1.7595,1.4516,1.4709,0.4814,0.6555,0.3339,0,0.2407
b97b2276c76dda3f,free_trip,1,Dormant,0.5472,10.7722,8.5998,1.8997,1.2986,1.588,0.5454,0.6072,0.4354,0,0.2727
b9802e087dd7c35f,rush_hour_25,5,Champions,16.3831,7.5059,2.6416,3.9511,6.4972,1.7315,1.8265,-0.0174,-0.0776,0,0.9132
b98fb06b8c30a9ae,free_trip,1,Dormant,0.5453,10.478,8.3648,1.8505,1.2711,1.5469,0.5254,0.6683,0.3531,0,0.2627
b9941883177bab33,spend_10,2,Champions,2.0104,2.3776,1.5771,0.7451,3.9617,0.7044,0.1109,0.0,0.5936,0,0.0554
b9987748c14f79ff,weekend_20,2,Loyal,2.9044,1.6741,0.9116,0.7925,1.9308,0.7406,-0.0601,-0.1349,0.9356,0,-0.03
b9a10f6107376778,free_trip,4,Dormant,0.5435,10.6256,8.4714,1.8723,0.7957,1.5651,0.5638,0.6412,0.3601,0,0.2819
b9b34e5bb961ef70,spend_10,3,Champions,1.5447,1.31,0.7323,0.4729,4.093,0.244,0.2097,0.0,0.0343,0,0.1049
b9c39e3a03d43fd6,free_trip,1,Dormant,0.5725,11.0081,8.8274,1.9522,1.2857,1.6319,0.4569,0.8358,0.3392,0,0.2284
b9d07ac768879339,free_trip,0,Dormant,0.5264,10.3252,8.2437,1.8214,1.3292,1.5226,0.52,0.5702,0.4324,0,0.26
b9d9c6ac986ffcc7,free_trip,3,Dormant,0.6592,12.2084,9.7453,2.1608,1.4062,1.8063,0.6045,0.8043,0.3976,0,0.3022
b9f13f40f86b7083,free_trip,5,Dormant,0.551,10.5116,8.3883,1.8566,2.5872,1.552,0.5337,0.6709,0.3474,0,0.2668
ba07a4661bacd1f4,free_trip,2,Dormant,0.5546,10.8452,8.6575,1.9132,0.8144,1.5993,0.5489,0.6839,0.3666,0,0.2744
ba32fcd338e23580,free_trip,2,Dormant,0.8552,13.5062,10.7653,2.4134,2.677,2.0175,0.6549,0.9465,0.4161,0,0.3274
ba37f00e7321b166,free_trip,1,Dormant,0.501,9.9949,7.9844,1.7623,1.408,1.4732,0.4965,0.6495,0.3272,0,0.2482
ba385b36c5a907a1,spend_10,4,Champions,1.1214,13.7572,11.1095,2.5402,6.7142,2.1877,0.2151,0.0,1.9727,0,0.1075
ba3eda164c089a2c,spend_10,0,Champions,1.9761,3.1445,2.2355,0.8747,2.149,0.8437,0.0686,0.0,0.7751,0,0.0343
ba4addb425b257d9,free_trip,4,Dormant,0.5773,11.2034,8.9636,1.9815,1.6512,1.6564,0.5165,0.7822,0.3577,0,0.2582
ba4c1e5a72ee5134,free_trip,2,Occasional,1.1249,11.0539,8.6988,2.0402,2.411,1.2302,0.6298,0.3376,0.2627,0,0.3149
ba53f55b37f632b2,free_trip,1,Dormant,0.5073,10.0858,8.0532,1.7779,1.2657,1.4862,0.5095,0.6495,0.3272,0,0.2547
ba5baf129e4a17d0,spend_10,4,Champions,2.501,4.6464,3.3974,1.225,3.1867,0.8173,0.0479,0.0,0.7695,0,0.0239
ba5e7e9e7d2b3bca,spend_10,2,Loyal,2.4368,2.5279,1.6659,0.8521,1.564,0.6941,0.02,0.0,0.6742,0,0.01
ba60b8fbc73b656d,weekend_20,0,Loyal,3.4744,1.986,1.0296,0.9354,1.597,0.4962,0.042,0.0086,0.4456,0,0.021
ba68b1f2594c9072,free_trip,3,Dormant,0.5275,10.3782,8.305,1.8344,1.1895,1.5334,0.4776,0.7092,0.3466,0,0.2388
ba6c32497193ce5d,free_trip,2,Dormant,0.5207,10.2819,8.1954,1.8102,1.2162,1.5132,0.5526,0.5997,0.3608,0,0.2763
ba7632d657c42670,spend_10,5,Champions,1.8873,1.9712,1.2486,0.6513,4.6872,0.4071,0.1427,0.0,0.2645,0,0.0713
ba76c1732d36d816,spend_10,1,Champions,2.6074,1.9724,1.145,0.7793,1.8996,0.77,0.0962,0.0,0.6738,0,0.0481
ba935b472c8bff78,weekend_20,4,Loyal,3.9979,2.2961,1.2427,1.0884,2.6556,0.6644,-0.07,-0.0764,0.8108,0,-0.035
ba94c6da18a5219f,spend_10,2,Champions,1.494,3.016,2.1023,0.7469,4.7284,0.3473,0.3335,0.0,0.0138,0,0.1668
baa4f3ee07ac7c3b,free_trip,4,Occasional,0.9598,18.9239,15.2568,3.3679,2.4011,1.6074,0.5984,0.7226,0.2864,0,0.2992
bab63194dbc98609,free_trip,0,Dormant,0.5291,10.3456,8.2646,1.8263,1.0165,1.5267,0.5094,0.6642,0.3531,0,0.2547
bab9cc7c1f03d9cf,free_trip,1,Dormant,1.0111,11.7261,9.31,2.1435,1.2132,1.7919,0.5453,0.8549,0.3917,0,0.2726
bac98fd8bf79fbca,free_trip,1,Dormant,0.5145,10.1934,8.1402,1.7974,1.2753,1.5026,0.5115,0.6639,0.3272,0,0.2557
baf9af4f8f2e54aa,free_trip,5,At risk,1.0481,17.1621,13.8067,3.0851,3.4088,1.2956,0.5406,0.4909,0.2641,0,0.2703
bafad830ca3dd66c,spend_10,5,Champions,1.5855,1.6394,1.0032,0.5376,2.0092,0.5248,0.1971,0.0,0.3277,0,0.0986
bafaf31ae982c9c4,free_trip,0,At risk,0.983,16.6485,13.3483,2.9764,2.0019,1.6984,0.6477,0.6739,0.3767,0,0.3238
bafe679a2a9d74f2,spend_10,5,Champions,1.737,6.2324,4.773,1.352,4.2474,1.1389,0.2146,0.0,0.9243,0,0.1073
bb1277e5383743ec,free_trip,0,Dormant,0.5406,10.6218,8.4768,1.8728,1.1805,1.5655,0.5445,0.6455,0.3755,0,0.2722
bb2651ae354dbb09,free_trip,5,Dormant,0.6175,11.5936,9.2658,2.0526,1.4939,1.7158,0.5503,0.7479,0.4177,0,0.2752
bb2d9a31de8ac5e7,free_trip,0,At risk,0.8222,17.4616,14.0771,3.0943,2.5172,1.3824,0.5803,0.4701,0.332,0,0.2901
bb3176d1f6417ee8,free_trip,0,Dormant,0.4973,9.9396,7.9486,1.7541,1.1334,1.4663,0.4739,0.5942,0.3981,0,0.237
bb33d04869226b70,free_trip,0,Occasional,1.0492,10.6804,8.5078,1.9848,2.0395,0.8505,0.3756,0.3363,0.1385,0,0.1878
bb42f3f844c7ff41,weekend_20,4,Occasional,2.4229,1.2435,0.6363,0.6354,2.405,0.2952,-0.0564,-0.1319,0.4835,0,-0.0282
bb483e56fc91b1b3,free_trip,0,At risk,0.6422,13.4749,10.8861,2.3942,2.6149,1.3425,0.3892,0.593,0.3603,0,0.1946
bb487aa3ea0da5dd,spend_10,2,Champions,3.186,1.8511,0.9492,0.8588,2.4973,0.6497,0.086,0.0,0.5637,0,0.043
bb7ccb74696a8bc1,free_trip,5,Dormant,0.5267,10.3711,8.2993,1.833,1.1814,1.5323,0.4776,0.7092,0.3454,0,0.2388
bb9d43bf1d9ecab4,spend_10,3,Champions,1.9311,1.79,1.1117,0.6319,2.0104,0.5032,0.0927,0.0,0.4105,0,0.0464
bb9fc5bd845946c5,weekend_20,5,Occasional,1.7042,0.9663,0.5393,0.4659,1.0138,0.1239,-0.0778,-0.0853,0.287,0,-0.0389
bba5794f3951598f,spend_10,1,Champions,0.7012,2.0975,1.5359,0.4646,4.0426,0.4171,0.194,0.0,0.223,0,0.097
bbab2a7110f7f0a8,free_trip,1,At risk,0.598,10.8908,8.7103,1.9332,1.7191,1.6596,0.4946,0.8167,0.3484,0,0.2473
bbb0f4ea247c1888,free_trip,3,At risk,0.944,14.6292,11.7408,2.6344,1.2601,1.5128,0.508,0.6812,0.3236,0,0.254
bbbd07f0dc9f142d,free_trip,3,Dormant,0.5203,10.3315,8.2497,1.8214,1.389,1.5226,0.5208,0.6223,0.3795,0,0.2604
bbc434205ebd112b,free_trip,2,Dormant,1.146,11.2097,8.8415,2.0742,1.2638,1.7339,0.5879,0.7716,0.3744,0,0.2939
bbc6b5c87db8be4a,free_trip,3,At risk,0.9381,10.7036,8.4857,1.9572,2.0543,1.3137,0.5215,0.523,0.2693,0,0.2607
bbcc7fa9507ae935,free_trip,1,Dormant,0.5197,10.3325,8.2424,1.8197,0.7837,1.5212,0.5409,0.5939,0.3863,0,0.2705
bbcf45610479cb81,offpeak_pass,2,Loyal,0.7002,0.5785,0.3738,0.223,0.8356,0.1966,-0.0366,0.2331,0.0,0,-0.0183
bbd60953bb370501,free_trip,5,Dormant,0.5653,11.0229,8.797,1.9444,1.789,1.6254,0.5631,0.6637,0.3986,0,0.2816
bbd8b679055d20c3,spend_10,4,Champions,0.9451,8.7878,6.8414,1.6171,7.8058,0.8132,0.6585,0.0,0.1547,0,0.3293
bbfa88579270cd8c,free_trip,3,Dormant,0.6698,11.6484,9.2644,2.0632,1.4541,1.7247,0.6417,0.6494,0.4335,0,0.3209
bc05492c5b0a4a1d,free_trip,0,Dormant,0.5792,11.2079,8.9356,1.9761,0.7335,1.6519,0.5925,0.6919,0.3675,0,0.2963
bc05d8cd30904f9e,spend_10,2,Loyal,3.0413,1.5293,0.693,0.7755,1.9694,0.7209,0.1214,0.0,0.5995,0,0.0607
bc05f517a00070a3,free_trip,4,Dormant,0.5165,10.2589,8.1828,1.8067,1.4134,1.5103,0.5388,0.583,0.3884,0,0.2694
bc17ff9688dcb8bd,free_trip,1,Dormant,0.6262,11.3329,9.061,2.0119,2.7147,1.6818,0.5201,0.8206,0.3411,0,0.26
bc194f216ce9a6df,free_trip,1,Dormant,0.506,10.0502,8.0346,1.7737,1.6001,1.4827,0.4838,0.6833,0.3156,0,0.2419
bc2514ea0396d2b7,spend_10,5,Champions,1.0881,1.4414,0.9479,0.4228,3.392,0.3952,0.1414,0.0,0.2538,0,0.0707
bc2fb25b2763d28e,free_trip,5,At risk,1.8148,22.1336,17.8062,4.075,4.3913,1.4869,0.5049,0.7489,0.2331,0,0.2524
bc3541b7a9ecce91,free_trip,5,Dormant,0.5446,10.7162,8.5597,1.8908,1.2257,1.5806,0.5315,0.6783,0.3709,0,0.2657
bc4182ad7478ec5d,free_trip,2,Dormant,0.5477,10.582,8.4697,1.8728,2.0004,1.5655,0.4792,0.71,0.3764,0,0.2396
bc69513d70427d57,offpeak_15,4,Occasional,1.1922,0.8514,0.5091,0.3533,1.2311,0.1803,-0.0222,0.2048,-0.0022,0,-0.0111
bc7698e5d95ff923,spend_10,2,Loyal,3.3821,1.5429,0.6605,0.8396,3.0587,0.2586,0.0857,0.0,0.173,0,0.0428
bc7e4cedebb1f6cf,free_trip,5,At risk,1.8559,11.713,9.2372,2.3039,5.273,0.6691,0.3437,0.2383,0.0871,0,0.1718
bc7fbe59041b6131,spend_10,0,Loyal,3.01,2.9833,1.9003,1.0198,2.6462,0.583,0.1263,0.0,0.4567,0,0.0632
bc8b0fa6d9d50d17,spend_10,0,Loyal,2.5885,1.5778,0.8575,0.7157,2.583,0.6341,0.0091,0.0,0.625,0,0.0045
bc9b1a16a7ee3557,spend_10,5,Loyal,2.3788,2.8227,1.8347,0.8751,2.7988,0.536,0.2258,0.0,0.3102,0,0.1129
bcac37a667280514,spend_10,5,Champions,1.938,2.0263,1.2637,0.665,3.0113,0.4088,0.1953,0.0,0.2135,0,0.0977
bcae97c94d8222ff,spend_10,3,Champions,0.934,2.3559,1.6865,0.5442,3.343,0.3663,0.2504,0.0,0.1159,0,0.1252
bcc41c971343fa77,free_trip,5,At risk,1.7954,17.4239,13.8969,3.259,2.2493,1.755,0.5359,0.806,0.4131,0,0.268
bcc9b1d5632c71a3,spend_10,3,Loyal,2.5729,2.3142,1.4493,0.8353,1.8667,0.7357,0.059,0.0,0.6767,0,0.0295
bcd4c2fe6a5ea9a5,offpeak_15,5,Loyal,5.9732,3.7381,2.0803,1.6726,3.917,1.4223,-0.0297,1.4328,0.0192,0,-0.0149
bce6ca29265410f7,spend_10,1,Champions,2.2839,1.2658,0.6128,0.6016,1.3459,0.657,0.1028,0.0,0.5542,0,0.0514
bcf9081799b6634c,weekend_20,5,Dormant,0.6741,0.5612,0.3512,0.2129,0.5311,0.178,-0.0059,-0.0083,0.1922,0,-0.0029
bd05535134ce6083,spend_10,1,Occasional,2.7456,1.6034,0.8293,0.7425,2.2583,0.2459,0.0632,0.019,0.1636,0,0.0316
bd23a876d845a58c,spend_10,5,Champions,1.5141,1.4937,0.8912,0.4995,4.9795,0.2349,0.2059,0.0,0.029,0,0.1029
bd2585a92e3aafb7,free_trip,5,Dormant,0.5265,10.3629,8.2612,1.8251,1.4529,1.5256,0.5533,0.5959,0.3763,0,0.2767
bd317d0106543a3b,free_trip,2,Dormant,0.6426,11.9446,9.5442,2.1156,1.6101,1.7686,0.5695,0.761,0.438,0,0.2848
bd32617029db2aa1,spend_10,2,Champions,1.0314,7.8433,6.2492,1.5121,5.7542,1.3728,0.164,0.0,1.2088,0,0.082
bd50b8f7f97efad2,free_trip,1,At risk,0.6827,12.6118,10.132,2.246,2.4021,1.3812,0.4677,0.6043,0.3093,0,0.2338
bd7532568b030670,free_trip,3,Dormant,0.5551,10.6279,8.4659,1.8735,2.5447,1.5662,0.5768,0.6042,0.3852,0,0.2884
bdb16cf1c10905a4,free_trip,5,Dormant,0.5,10.0503,8.023,1.7701,1.0204,1.4797,0.5144,0.6072,0.358,0,0.2572
bdb4f756b13675ab,spend_10,2,Champions,2.3567,2.3742,1.5273,0.8067,2.3777,0.7775,0.0805,0.0,0.697,0,0.0403
bdbc8e1a64d809cd,free_trip,5,Dormant,0.5479,10.7589,8.5947,1.8988,1.1663,1.5872,0.531,0.6517,0.4046,0,0.2655
bdc2d736221b3917,spend_10,1,Champions,1.8705,2.943,2.1687,0.8389,2.0757,0.7385,-0.1291,0.0,0.8677,0,-0.0646
bdcc7f6a6c58fa1e,free_trip,1,Dormant,0.5134,10.1867,8.1166,1.7923,1.254,1.4983,0.5556,0.5945,0.3481,0,0.2778
bdf79c11b95c4b59,free_trip,3,Dormant,0.698,12.456,9.9393,2.2092,1.7679,1.8468,0.6151,0.8455,0.3861,0,0.3076
be02f1d9035aba85,spend_10,0,Champions,1.72,2.2741,1.5233,0.6736,3.3911,0.4237,0.1544,0.0,0.2693,0,0.0772
be170873cda778fd,free_trip,5,Dormant,0.5195,10.3483,8.2659,1.8246,1.1355,1.5252,0.5157,0.6489,0.3606,0,0.2578
be22ed0b3e9e412d,free_trip,2,Occasional,1.264,16.5807,13.2362,3.0115,3.0434,1.8952,0.6661,0.8554,0.3737,0,0.3331
be28a879119ac1b1,offpeak_15,1,Champions,34.5403,22.0316,12.2579,9.7192,16.9898,9.6012,0.1088,9.5392,-0.0468,0,0.0544
be33058598f7b440,free_trip,3,Dormant,0.5694,10.8855,8.6858,1.9221,1.6791,1.6068,0.5551,0.6731,0.3786,0,0.2775
be354dc285ab2d3e,free_trip,5,Occasional,0.8616,11.491,9.2363,2.0972,3.2946,0.9745,0.3151,0.4689,0.1905,0,0.1575
be39e415e3b7a67c,weekend_20,0,Occasional,2.7291,1.5376,0.8188,0.7368,1.6603,0.1203,-0.036,-0.1136,0.27,0,-0.018
be42d7fb415dbc72,spend_10,2,Loyal,2.6199,2.5294,1.5978,0.876,2.288,0.8312,0.1112,0.0,0.7201,0,0.0556
be53125abdf1917a,free_trip,4,Dormant,0.536,10.6274,8.4847,1.8735,1.294,1.5661,0.5384,0.6027,0.425,0,0.2692
be56df62523cf0d6,spend_10,2,Champions,1.5455,3.938,2.8858,0.9203,5.7744,0.5374,0.2638,0.0,0.2736,0,0.1319
be60ff55d84a0325,spend_10,1,Champions,2.2754,1.2247,0.6039,0.598,2.4088,0.6353,0.0456,0.0,0.5897,0,0.0228
be71f64ea6c78fc1,free_trip,0,Dormant,1.2607,11.851,9.3416,2.2019,1.038,1.8407,0.6151,0.8242,0.4014,0,0.3075
be7c79f22b224a3f,free_trip,5,Dormant,0.5394,10.5826,8.4455,1.866,1.4459,1.5599,0.542,0.6201,0.3977,0,0.271
be834bd6ec96543c,free_trip,4,Occasional,1.1584,18.5623,14.9845,3.3526,4.0096,1.5091,0.4504,0.736,0.3227,0,0.2252
be9b62544e8f7127,spend_10,1,Champions,3.0875,2.4392,1.4108,0.9342,2.5947,0.7257,0.1884,0.0,0.5373,0,0.0942
bead1e877d28148f,free_trip,2,Dormant,0.5561,10.5526,8.4245,1.8651,1.6517,1.5591,0.5257,0.669,0.3644,0,0.2629
beb2e35ee295b3f2,spend_10,0,Champions,0.7456,1.1186,0.7187,0.3041,3.5505,0.3745,0.1916,0.0,0.1829,0,0.0958
bede21e05df7e632,free_trip,3,Dormant,0.5374,10.4912,8.3674,1.8494,1.5488,1.546,0.5488,0.644,0.3531,0,0.2744
bedf11b621427080,free_trip,0,At risk,0.6753,15.9291,12.8556,2.8101,2.8156,1.4348,0.5269,0.6461,0.2619,0,0.2634
bf039248e246a576,free_trip,3,Dormant,0.5522,10.569,8.4397,1.8675,1.1449,1.5611,0.5235,0.6844,0.3531,0,0.2618
bf0841f0e7471bfd,free_trip,4,Dormant,0.5064,10.1339,8.0492,1.7769,2.0812,1.4853,0.6156,0.4429,0.4268,0,0.3078
bf14ce30947f1083,free_trip,1,Dormant,0.5814,10.3574,8.2528,1.8347,1.3872,1.5337,0.5398,0.6401,0.3538,0,0.2699
bf19ae2c47bc5ba0,free_trip,2,Dormant,0.5173,10.3107,8.2481,1.8204,1.3661,1.5218,0.4844,0.6781,0.3592,0,0.2422
bf3effeefef654ca,free_trip,0,Occasional,1.1516,16.76,13.4678,3.0362,2.0615,1.6252,0.512,0.7931,0.3201,0,0.256
bf496c712e8a075b,spend_10,4,Champions,2.0774,4.3095,3.1373,1.083,4.1378,0.4444,0.1784,0.0,0.266,0,0.0892
bf4f34c321d28edf,free_trip,3,Dormant,0.5365,10.4335,8.3354,1.8426,1.0309,1.5403,0.511,0.6258,0.4034,0,0.2555
bf76dda5b187ee28,free_trip,4,Dormant,0.5157,10.1685,8.1047,1.7903,1.0354,1.4966,0.547,0.5857,0.3639,0,0.2735
bf7ea09b42fa48b9,free_trip,2,Dormant,1.4618,11.5633,9.0908,2.1916,1.4482,1.832,0.5619,0.8244,0.4458,0,0.2809
bf7fa2c43f764001,free_trip,3,Dormant,0.4908,9.9306,7.8836,1.7392,2.2108,1.4539,0.6156,0.4548,0.3834,0,0.3078
bf917c6eafc3416f,spend_10,4,Champions,2.1293,3.7282,2.6672,0.9962,1.9212,0.7519,0.1298,0.0,0.622,0,0.0649
bfc440185021d46f,free_trip,5,Dormant,0.5394,10.5356,8.4235,1.8614,1.4559,1.5561,0.5014,0.7092,0.3454,0,0.2507
bfc95dcded2c2f2a,free_trip,2,Dormant,0.5773,10.8823,8.6883,1.9243,1.1335,1.6086,0.5394,0.71,0.3592,0,0.2697
bfcba825df69d46b,spend_10,0,Champions,2.8891,1.7468,0.9048,0.7879,2.1913,0.6777,0.1082,0.0,0.5695,0,0.0541
bfccbf0d51d15b1c,free_trip,5,Dormant,0.5096,10.2062,8.1459,1.7976,1.0543,1.5027,0.5254,0.6318,0.3454,0,0.2627
bfcd3b19dd96167a,spend_10,5,Champions,2.5197,3.2609,2.1921,0.9786,3.2407,0.7159,0.1803,0.0,0.5356,0,0.0902
bfcea17e68911a3e,free_trip,5,Dormant,0.5084,9.9997,7.9933,1.7657,2.3074,1.476,0.4814,0.6685,0.3261,0,0.2407
bfd080f940b9dc71,spend_10,0,Champions,3.179,3.4339,2.253,1.1282,4.4654,0.8198,0.1055,0.0,0.7143,0,0.0527
bfdf2cfafb9def35,weekend_20,4,Loyal,2.0156,1.5481,0.9801,0.6222,1.3321,0.5379,-0.1085,-0.0094,0.6558,0,-0.0542
c00b1cb57154ded4,spend_10,3,Champions,2.1617,1.1345,0.5373,0.5605,1.9007,0.5572,0.0733,0.0,0.4839,0,0.0366
c00e54ee08f8a9f3,free_trip,5,Dormant,0.5437,10.761,8.5984,1.8987,1.4419,1.5872,0.5278,0.7032,0.3562,0,0.2639
c01ee8dfa66ca14f,free_trip,2,At risk,1.0755,10.4546,8.2548,1.9378,1.1461,1.53,0.524,0.6342,0.3718,0,0.262
c0277b2fa4d5e6c4,spend_10,4,Champions,0.9732,7.8648,6.2528,1.5007,3.8809,1.28,0.2224,0.0,1.0576,0,0.1112
c02bf27111b245d6,free_trip,3,Dormant,0.5696,11.004,8.7768,1.9411,1.8773,1.6226,0.5721,0.6901,0.3604,0,0.2861
c040d4820e29d489,free_trip,5,Dormant,0.5518,10.7051,8.5424,1.8887,1.0586,1.5788,0.548,0.6858,0.345,0,0.274
c041128541fd8132,free_trip,2,Dormant,0.4938,9.8739,7.8885,1.7409,1.7169,1.4553,0.4891,0.639,0.3272,0,0.2445
c04303395b6febf8,spend_10,4,Loyal,3.1712,1.7162,0.8671,0.8387,1.7473,0.5403,0.0208,0.0,0.5195,0,0.0104
c04fb69baba59c38,free_trip,5,Dormant,0.5227,10.1743,8.0642,1.7834,2.5912,1.4908,0.6536,0.4421,0.3951,0,0.3268
c050e8dbb94a23c8,free_trip,2,At risk,0.9968,14.8851,11.9362,2.686,3.6491,1.3152,0.5259,0.5317,0.2576,0,0.263
c05a7d3bb5330f7a,free_trip,2,Dormant,0.5574,10.8624,8.6902,1.9206,1.4192,1.6055,0.5034,0.7444,0.3577,0,0.2517
c06477ed8747dec6,spend_10,2,Champions,2.0053,1.826,1.1282,0.6508,1.9094,0.5735,0.094,0.0,0.4794,0,0.047
c0661e69bcb5f92d,free_trip,1,Occasional,0.6901,11.147,8.8877,1.9891,1.9365,1.6787,0.5403,0.8128,0.3256,0,0.2701
c0706e10c119500f,free_trip,3,At risk,0.4206,10.8049,8.654,1.8847,2.0338,1.0969,0.5324,0.3384,0.2261,0,0.2662
c08ca268aae7106c,spend_10,2,Loyal,2.7929,4.9734,3.6001,1.3277,4.0395,0.7144,0.0911,0.0,0.6234,0,0.0455
c092b4992b334749,free_trip,0,Dormant,0.7159,12.5726,10.0466,2.2352,1.8814,1.8685,0.5816,0.8586,0.4283,0,0.2908
c0a8f0b4e1026441,free_trip,0,Dormant,1.0262,11.5614,9.1781,2.1193,1.2205,1.7716,0.5281,0.855,0.3885,0,0.264
c0b2f4805c76dffa,spend_10,2,Loyal,2.3713,2.9194,2.0045,0.9088,3.5346,0.8168,0.0122,0.0,0.8046,0,0.0061
c0b68f2b8c2b5c20,free_trip,1,Dormant,0.5619,10.8388,8.6539,1.914,1.3234,1.6,0.5419,0.6988,0.3592,0,0.271
c0bf5c8c0b6aead4,free_trip,2,Dormant,0.5002,9.9467,7.9399,1.7529,1.406,1.4653,0.5078,0.6303,0.3272,0,0.2539
c0c85af4182400f2,free_trip,3,Dormant,0.5206,10.2831,8.198,1.8107,1.346,1.5136,0.5489,0.6341,0.3306,0,0.2744
c0d5a29c135b5277,free_trip,5,Dormant,0.6162,11.6015,9.2804,2.0554,1.9501,1.7182,0.5315,0.8316,0.355,0,0.2658
c0e25f82c8ef8a5d,spend_10,3,Occasional,0.5991,0.6926,0.4386,0.2155,0.8684,0.1319,0.077,0.0,0.0549,0,0.0385
c10100349bb498fe,spend_10,5,Champions,2.0647,1.7165,1.0398,0.6448,1.8232,0.546,0.0638,0.0,0.4822,0,0.0319
c11c9a4f82a6d6fb,free_trip,5,At risk,1.6457,23.6468,19.0665,4.3016,3.1306,1.5778,0.5575,0.7228,0.2974,0,0.2787
c11e88c792e64f7a,spend_10,1,Champions,2.1523,2.9698,2.062,0.8752,1.5935,0.8505,0.065,0.0,0.7855,0,0.0325
c11fe48b04b799d4,free_trip,1,Dormant,0.5249,10.2969,8.2016,1.8124,2.1736,1.515,0.5658,0.5844,0.3648,0,0.2829
c1225df3b17fb730,offpeak_15,5,Champions,13.2793,9.0432,5.2687,3.8521,6.4525,2.4186,-0.1551,2.632,-0.0582,0,-0.0775
c13abf8406d14c53,spend_10,1,Champions,1.2265,1.3084,0.812,0.4233,3.8067,0.3476,0.1462,0.0,0.2015,0,0.0731
c141d0ff128e7d72,free_trip,3,Dormant,0.6043,10.7546,8.5808,1.9076,1.4165,1.5946,0.5324,0.6646,0.3976,0,0.2662
c1456ab59cac5b83,offpeak_15,4,Champions,17.6133,10.2496,5.4436,4.7886,7.1458,4.841,0.0348,4.7928,0.0133,0,0.0174
c14e8847b3fbe53c,spend_10,0,Champions,2.0092,2.9337,2.0449,0.842,3.1179,0.5496,0.0935,0.0,0.4562,0,0.0467
c14f00586de1c219,free_trip,4,Dormant,0.5546,10.5346,8.4134,1.8625,1.5852,1.5569,0.5173,0.6794,0.3602,0,0.2587
c156a119cf0b26a4,free_trip,3,Dormant,0.5486,10.7254,8.5965,1.8993,1.5965,1.5877,0.4591,0.7831,0.3455,0,0.2296
c15a36b0c6b4bfd0,free_trip,3,Dormant,0.5514,10.7688,8.5942,1.8994,1.444,1.5878,0.5504,0.6781,0.3592,0,0.2752
c1676496a931415d,weekend_20,0,Champions,7.1743,4.1654,2.1529,1.9371,5.5562,1.5697,0.1508,-0.2112,1.6301,0,0.0754
c1970f443e8216c5,free_trip,3,Dormant,0.5561,10.88,8.7175,1.926,0.8406,1.61,0.473,0.7934,0.3436,0,0.2365
c1a353b113d3bc24,spend_10,1,Champions,1.5431,2.3377,1.5978,0.6523,3.4219,0.5942,0.1752,0.0,0.419,0,0.0876
c1a4ab67579a700f,free_trip,1,Dormant,0.4922,9.8699,7.8824,1.7393,1.4615,1.4539,0.4965,0.6303,0.3272,0,0.2482
c1ad5cebb16c933b,free_trip,5,Dormant,0.5571,10.8709,8.6731,1.917,1.9965,1.6025,0.5618,0.6959,0.3447,0,0.2809
c1b711492bb21be0,free_trip,0,Dormant,0.5026,9.9662,7.9656,1.7587,1.4462,1.4702,0.4838,0.6592,0.3272,0,0.2419
c1d473e68375d02f,spend_10,4,Champions,2.1852,3.984,2.769,1.0289,3.974,0.5414,0.3722,0.0,0.1691,0,0.1861
c1d949976afd8d14,spend_10,3,Champions,0.6544,0.8276,0.4813,0.2359,4.6611,0.0715,0.2208,0.0,-0.1493,0,0.1104
c1eda689d65ac3ed,free_trip,5,Dormant,0.5833,11.3183,9.0396,1.9985,1.5238,1.6706,0.5603,0.7407,0.3697,0,0.2802
c1f00f547ccd0d9c,spend_10,2,Champions,1.6264,3.7727,2.7745,0.914,3.3168,1.0115,0.1683,0.0,0.8432,0,0.0841
c2069d00f4aa5bae,offpeak_15,4,Champions,12.5836,15.0012,10.2371,4.7395,5.7292,4.4601,0.0491,4.4984,-0.0874,0,0.0246
c21076514da7bc08,free_trip,0,Dormant,0.5308,10.4005,8.3177,1.8377,1.5854,1.5362,0.4901,0.6946,0.3515,0,0.245
c210e8891ad3dd21,free_trip,4,Dormant,0.5361,10.6174,8.4642,1.8692,0.9548,1.5626,0.568,0.6353,0.3592,0,0.284
c212c61233aeef48,offpeak_15,3,Champions,20.102,18.6642,11.948,6.6563,8.5931,3.9586,0.1198,4.0836,-0.2448,0,0.0599
c216e26ef941fc63,spend_10,5,Champions,2.463,1.3874,0.6772,0.6522,3.6599,0.3771,0.1162,0.0,0.2609,0,0.0581
c2202202db8d73e4,free_trip,3,Dormant,0.6036,11.5975,9.2459,2.0456,1.5973,1.71,0.612,0.7053,0.3927,0,0.306
c229d5a15f0e845d,free_trip,2,Dormant,0.5053,9.9958,7.9816,1.7626,1.823,1.4734,0.5032,0.5999,0.3703,0,0.2516
c234237bbc8e8ad3,free_trip,0,At risk,0.6473,13.9253,11.1973,2.4599,2.6514,1.3785,0.5362,0.5786,0.2638,0,0.2681
c23904fb1d43b48f,spend_10,1,Champions,1.7548,2.1077,1.4243,0.6602,5.5818,0.3182,0.0464,0.0,0.2718,0,0.0232
c24c2bc91284eb6e,free_trip,4,At risk,0.5248,12.5148,10.0616,2.1986,2.4879,1.3268,0.509,0.5734,0.2445,0,0.2545
c24e31b892ce79c6,spend_10,1,Champions,0.9196,1.03,0.5995,0.3155,3.394,0.1512,0.23,0.0,-0.0788,0,0.115
c2691bca15043f6c,free_trip,0,Dormant,0.7462,11.3229,9.0106,2.0263,1.5416,1.6939,0.5721,0.7383,0.3835,0,0.286
c26a74c1ecd5485b,spend_10,4,Champions,1.4693,4.9718,3.7671,1.0875,3.2533,0.9599,0.2344,0.0,0.7255,0,0.1172
c282bc64d76d0588,free_trip,2,Dormant,0.4908,9.8912,7.9042,1.7435,1.1333,1.4575,0.4868,0.6041,0.3666,0,0.2434
c285e418b6317532,free_trip,5,Dormant,0.5743,11.1745,8.8993,1.9675,1.2476,1.6447,0.6155,0.6844,0.3449,0,0.3077
c289512b0240a727,spend_10,0,Champions,0.9695,16.3405,13.2931,2.9621,5.1934,2.3333,0.1705,0.0,2.1627,0,0.0853
c298472d1299f787,spend_10,3,Loyal,2.8257,2.0185,1.1587,0.8275,2.7155,0.5265,0.0647,0.0,0.4619,0,0.0323
c2c532aabdf9dfda,spend_10,2,Champions,3.0072,1.6193,0.7983,0.7904,2.9321,0.7562,0.0613,0.0,0.6949,0,0.0307
c2df3ac2ea2067eb,free_trip,0,At risk,0.7764,11.6226,9.2565,2.0837,2.5789,1.4315,0.565,0.5221,0.3444,0,0.2825
c2e213884c7db64d,free_trip,2,At risk,0.9443,11.8686,9.3756,2.1433,1.5937,1.9896,0.6995,0.9283,0.3619,0,0.3497
c2e84a5ad38648fb,free_trip,3,Occasional,0.6386,11.2689,9.0401,2.0101,1.9814,1.3861,0.4375,0.6429,0.3057,0,0.2187
c2ed21827d6165e3,spend_10,2,Champions,2.1083,1.8513,1.1149,0.6694,3.006,0.3185,0.1341,0.0,0.1844,0,0.067
c2efb738da1bb7b3,free_trip,2,Dormant,0.5428,10.5549,8.4213,1.8617,1.6445,1.5563,0.544,0.6591,0.3531,0,0.272
c2fe7a1a4e114ae1,free_trip,3,Dormant,0.5296,10.4586,8.3461,1.8434,1.2215,1.5409,0.5382,0.6039,0.3988,0,0.2691
c329de2b17d50de0,spend_10,0,Champions,0.7935,5.7038,4.4573,1.0905,6.1747,0.8751,0.3119,0.0,0.5632,0,0.156
c3480a3c1adaaf19,spend_10,3,Champions,1.5554,4.0239,2.9584,0.9374,5.9273,0.5006,0.2561,0.0,0.2445,0,0.128
c34ec5ca0c39a331,weekend_20,0,Occasional,1.8801,1.1719,0.7045,0.5368,1.2539,0.2473,-0.1387,0.0817,0.3043,0,-0.0694
c3581f04b28796c2,free_trip,1,Dormant,0.4938,9.8878,7.8964,1.7425,1.6293,1.4566,0.498,0.6047,0.3539,0,0.249
c360f78663d6333f,free_trip,3,Dormant,0.5091,10.1351,8.0996,1.7879,1.7343,1.4946,0.4952,0.6006,0.3988,0,0.2476
c3740ce34bc3e21b,spend_10,2,Champions,2.5763,2.7629,1.8003,0.909,1.7253,0.8145,0.1074,0.0,0.7071,0,0.0537
c38064470ff13ae9,spend_10,5,Champions,1.7597,2.2947,1.4541,0.6675,3.8169,0.5147,0.3463,0.0,0.1684,0,0.1731
c3808c6779cfd297,offpeak_15,3,Champions,19.9764,11.0147,5.7938,5.3521,9.8443,4.9512,-0.2622,5.3928,-0.1794,0,-0.1311
c3856d4f2ddc72ed,spend_10,5,Loyal,2.5079,3.1351,2.1283,0.9629,2.4008,0.6298,0.088,0.0,0.5418,0,0.044
c3a3586c0946482e,free_trip,0,Dormant,0.4957,9.9896,7.9637,1.7569,1.1107,1.4686,0.538,0.5643,0.3663,0,0.269
c3af57434378499c,spend_10,4,Champions,1.2704,0.7868,0.3407,0.3346,2.2455,0.2869,0.223,0.0,0.0639,0,0.1115
c3b3c69a2f09dcce,free_trip,5,Dormant,0.5521,10.9064,8.7029,1.9221,1.7624,1.6068,0.5627,0.7171,0.3269,0,0.2814
c3bc9280c84337ad,weekend_20,3,Occasional,2.6118,1.7899,1.0595,0.7625,2.3135,0.2503,-0.0641,-0.0736,0.3881,0,-0.0321
c3be9b33e7e18a4e,spend_10,2,Champions,1.6337,3.1383,2.2751,0.8118,2.3957,0.7081,0.1027,0.0,0.6055,0,0.0513
c3c33d9ec141c287,spend_10,1,Loyal,3.3608,2.5476,1.4998,1.0095,2.3572,0.6282,0.0766,0.0,0.5517,0,0.0383
c3e0582141e3671b,free_trip,2,Dormant,0.8684,11.9743,9.5429,2.1623,1.0398,1.8075,0.5382,0.8783,0.391,0,0.2691
c4070f28e4928e44,free_trip,2,Dormant,0.5526,10.862,8.6778,1.917,1.2803,1.6025,0.5342,0.6615,0.4067,0,0.2671
c40a1652e378e5e1,offpeak_15,5,Loyal,6.7365,4.7847,2.817,1.9841,2.7094,1.4513,-0.0328,1.6005,-0.1163,0,-0.0164
c4126f89bd751077,spend_10,1,Champions,0.724,6.7094,5.2548,1.2417,16.5455,1.1408,0.4259,0.0,0.7149,0,0.2129
c4210baf1d5417a8,spend_10,0,Loyal,2.5407,2.4538,1.5348,0.8464,1.7682,0.6395,0.1452,0.0,0.4944,0,0.0726
c421c6e107589d91,offpeak_15,4,Champions,15.3712,12.0884,7.4601,4.7417,7.3746,3.8117,-0.2267,4.1223,-0.0838,0,-0.1134
c427dc40a17e36db,free_trip,2,Dormant,0.5018,10.044,8.0175,1.7693,1.0345,1.4791,0.5144,0.6223,0.3423,0,0.2572
c42fdf1c24f52070,free_trip,5,Dormant,0.5637,10.9805,8.7784,1.9402,1.2058,1.6219,0.5239,0.7285,0.3695,0,0.2619
c44af8cf90f239c3,spend_10,4,Loyal,2.9309,4.9049,3.5232,1.3404,3.37,0.6615,0.0828,0.0,0.5787,0,0.0414
c45006eacc5fa40d,free_trip,5,Dormant,0.5273,10.3961,8.2745,1.828,1.6722,1.5281,0.5873,0.6151,0.3257,0,0.2936
c4514d02ebdd246a,spend_10,0,Champions,1.1904,8.6511,6.8831,1.6767,3.697,1.3536,0.1824,0.0,1.1712,0,0.0912
c4515acbe97b3c9f,free_trip,4,Dormant,0.5363,10.4668,8.3542,1.8464,1.0666,1.5435,0.5323,0.5896,0.4216,0,0.2661
c458067896042ebd,offpeak_15,5,Champions,17.2216,15.9293,10.2506,5.7055,7.2657,4.0113,-0.0537,4.0532,0.0118,0,-0.0268
c46e075ee8d1012d,offpeak_15,0,Champions,13.6957,8.3465,4.6689,3.814,4.5971,3.5347,-0.2728,3.9195,-0.1121,0,-0.1364
c474e7e6b707c6cd,free_trip,3,Dormant,0.5472,10.6159,8.4771,1.8742,1.6323,1.5667,0.5292,0.686,0.3515,0,0.2646
c479c3da432c8879,free_trip,3,Dormant,0.5274,10.1517,8.1128,1.7944,1.3967,1.5,0.489,0.6387,0.3723,0,0.2445
c47c063668bda027,spend_10,0,Champions,1.3747,7.6081,5.7655,1.4829,5.5199,0.7391,0.7195,0.0,0.0197,0,0.3597
c48e78e3b69fb3db,free_trip,5,Occasional,1.3084,10.719,8.3819,2.0125,1.5133,1.229,0.6493,0.3476,0.2321,0,0.3246
c4933eda4bf0ff75,free_trip,0,Dormant,0.5048,10.0355,8.0165,1.7697,3.0137,1.4794,0.4984,0.5922,0.3888,0,0.2492
c4adedeef6dfa606,free_trip,3,At risk,0.8606,16.2405,13.0441,2.8878,3.5455,1.7921,0.6172,0.8285,0.3464,0,0.3086
c4c78c1432b7c432,free_trip,1,Dormant,0.5071,10.1121,8.037,1.7745,2.1781,1.4833,0.6012,0.4773,0.4048,0,0.3006
c4cb0495d8307302,offpeak_15,3,Champions,25.0043,13.5368,6.878,6.6215,9.4928,6.4805,0.0747,6.4314,-0.0256,0,0.0374
c4ce43b6e6509349,free_trip,0,Dormant,0.7858,13.2595,10.56,2.3563,1.2092,1.9698,0.6863,0.8421,0.4414,0,0.3431
c4db0614bb967674,free_trip,0,Dormant,0.4964,9.8739,7.8985,1.7435,1.1157,1.4574,0.4638,0.6597,0.3339,0,0.2319
c4e3b0feb3e78808,spend_10,0,Champions,2.5413,2.0734,1.2509,0.7876,1.8091,0.6237,0.07,0.0,0.5537,0,0.035
c4ea00fd37b6c955,free_trip,4,Dormant,0.5007,9.9847,7.9754,1.7603,1.4871,1.4715,0.498,0.6219,0.3517,0,0.249
c4f12da69e22aa24,free_trip,1,Dormant,0.62,11.5913,9.2403,2.0478,1.3243,1.7119,0.6063,0.7331,0.3724,0,0.3032
c502bfebda988c5c,free_trip,2,Dormant,0.5362,10.5812,8.4526,1.8668,1.804,1.5606,0.5235,0.6201,0.4169,0,0.2617
c5033448b98f4041,free_trip,2,Dormant,0.6397,11.9582,9.5571,2.1177,1.0245,1.7703,0.5666,0.799,0.4047,0,0.2833
c522216f272a066c,offpeak_15,5,Occasional,1.1341,2.4071,1.7978,0.6089,1.3423,0.315,0.0009,0.3327,-0.0186,0,0.0004
c5323f14c0561026,spend_10,5,Loyal,3.2492,1.9419,1.0057,0.8837,1.7257,0.5526,0.1051,0.0,0.4476,0,0.0525
c534aa02ccc73063,free_trip,3,Dormant,0.4954,9.9751,7.9615,1.7564,1.5231,1.4682,0.5144,0.6072,0.3466,0,0.2572
c543fdb52d49c7be,free_trip,4,Dormant,0.5099,10.0259,8.0041,1.7682,1.5616,1.4781,0.5072,0.5829,0.3881,0,0.2536
c551bf61b32e2b11,spend_10,4,Champions,1.9528,2.9964,2.0893,0.8395,3.1349,0.6767,0.1352,0.0,0.5415,0,0.0676
c578226ffbfa0012,free_trip,2,Dormant,0.5302,10.4194,8.3405,1.8423,1.1206,1.54,0.4733,0.7092,0.3576,0,0.2366
c58c7918c73854a1,spend_10,2,Champions,2.17,2.7471,1.86,0.8369,2.9323,0.7449,0.1004,0.0,0.6445,0,0.0502
c59cf6990dfac92f,spend_10,4,Loyal,3.1769,1.6605,0.7828,0.8224,1.7339,0.6676,0.1107,0.0,0.5569,0,0.0553
c59db46f8f2d10dc,free_trip,3,Dormant,0.5519,10.8,8.6108,1.9029,1.1345,1.5907,0.5725,0.6581,0.3601,0,0.2863
c59f3fc0a7968825,free_trip,2,Dormant,0.5273,10.3648,8.2601,1.825,1.3718,1.5256,0.5593,0.594,0.3723,0,0.2796
c59f66549f610e74,spend_10,3,Champions,2.0781,3.0123,2.0796,0.8635,1.9509,0.8616,0.1384,0.0,0.7232,0,0.0692
c5a56ad6b4f024b7,free_trip,4,Dormant,0.5709,11.115,8.8615,1.959,1.8817,1.6376,0.5889,0.6859,0.3628,0,0.2945
c5a5bf49718fc5bc,free_trip,2,Dormant,0.4943,9.884,7.8931,1.7419,2.3703,1.4561,0.498,0.631,0.3272,0,0.249
c5b31b8e644a6e52,free_trip,4,Dormant,0.5253,10.3541,8.2829,1.8293,1.5084,1.5292,0.4838,0.6988,0.3466,0,0.2419
c5b6a5d830e33fe3,free_trip,3,At risk,0.9801,22.1878,17.995,3.9408,5.9395,1.7426,0.504,0.9331,0.3056,0,0.252
c5cb530320cbbf3b,free_trip,3,At risk,0.6287,14.1999,11.4702,2.5127,3.2462,1.5345,0.4338,0.7737,0.327,0,0.2169
c5d353c111e9c0e7,spend_10,4,Champions,1.3614,1.7709,1.1697,0.5257,5.1288,0.3842,0.1511,0.0,0.2331,0,0.0756
c5dc9f14f7a0b99d,free_trip,1,Dormant,0.5615,10.8369,8.6567,1.9145,1.1285,1.6004,0.5316,0.6815,0.3873,0,0.2658
c5f6221b5f856efe,free_trip,0,At risk,0.6924,18.2524,14.7129,3.1994,3.077,1.4271,0.6802,0.5485,0.1984,0,0.3401
c5fd36b2074e29c9,offpeak_15,0,Champions,7.9738,4.0969,1.9993,2.0713,5.031,1.9775,0.0528,1.9792,-0.0546,0,0.0264
c61061abe9291170,free_trip,0,Occasional,1.5961,16.019,12.7899,2.9877,4.0471,1.0183,0.4826,0.3484,0.1872,0,0.2413
c626e45b083d805b,free_trip,2,At risk,0.919,16.8653,13.591,3.0135,3.1188,1.64,0.5216,0.7451,0.3733,0,0.2608
c640bc3cdb51932b,free_trip,0,Dormant,0.5588,10.9187,8.7183,1.9267,1.93,1.6106,0.5473,0.7239,0.3394,0,0.2736
c64df5ca3f5af538,free_trip,4,Dormant,0.8456,13.646,10.8897,2.4372,2.4897,2.0374,0.6382,0.9847,0.4145,0,0.3191
c660914cd9e5d14d,spend_10,0,Champions,0.9159,3.8671,2.9572,0.8044,6.6902,0.5165,0.2111,0.0,0.3054,0,0.1056
c6617fcdf4d27890,free_trip,1,Dormant,0.5088,10.1338,8.0937,1.7866,1.521,1.4935,0.5071,0.6239,0.3625,0,0.2535
c6822a52b3e32e13,spend_10,2,Champions,0.8138,0.9671,0.5627,0.2859,5.1207,0.244,0.2369,0.0,0.0071,0,0.1184
c687c70f0f3bbb76,free_trip,4,Dormant,0.5637,10.8873,8.6785,1.9195,1.6092,1.6046,0.5785,0.6554,0.3706,0,0.2893
c6dd06a217f99012,free_trip,5,At risk,1.1215,18.0393,14.5649,3.2578,3.8072,1.5384,0.433,0.7872,0.3183,0,0.2165
c6e039157e22141b,free_trip,1,Dormant,0.6081,11.5467,9.2159,2.0403,0.8841,1.7056,0.5811,0.7524,0.372,0,0.2906
c6f0224424227b09,free_trip,2,Dormant,0.5474,10.6468,8.4948,1.8779,2.104,1.5698,0.5482,0.6315,0.3901,0,0.2741
c6f3ae728ded515c,offpeak_15,4,Loyal,4.8807,3.1183,1.7722,1.3817,2.1292,1.1925,-0.071,1.3406,-0.0771,0,-0.0355
c6f5953ce04a7bd3,free_trip,2,Dormant,0.5292,10.4141,8.292,1.832,1.7807,1.5315,0.5802,0.5741,0.3772,0,0.2901
c714d35a93e325ca,spend_10,3,Champions,2.3887,1.965,1.1029,0.7251,3.6377,0.5631,0.274,0.0,0.2892,0,0.137
c733b647a762b9c3,rush_hour_25,2,At risk,1.6947,0.976,0.3987,0.4348,1.189,0.2394,0.285,-0.0396,-0.006,0,0.1425
c73a6d0d73a95a23,free_trip,5,Dormant,0.486,9.8685,7.8338,1.7279,2.1593,1.4444,0.6137,0.502,0.3287,0,0.3069
c73d912cfc712bc5,free_trip,3,Dormant,0.5596,10.7949,8.6113,1.9047,1.7655,1.5922,0.5578,0.6813,0.3531,0,0.2789
c73f07e7829a62c4,spend_10,1,Champions,2.2425,6.5348,4.9341,1.4905,4.3298,0.8882,0.2206,0.0,0.6676,0,0.1103
c741f4bd9d25529b,free_trip,0,Dormant,0.5611,10.7664,8.5903,1.9006,1.8692,1.5888,0.551,0.6846,0.3531,0,0.2755
c74ebc7a306110f0,spend_10,5,Loyal,3.0755,2.5859,1.5544,0.9615,2.1011,0.7775,0.14,0.0,0.6375,0,0.07
c751431eceeaed91,free_trip,3,Dormant,0.6243,11.6111,9.2564,2.0521,1.4447,1.7154,0.6053,0.7307,0.3794,0,0.3026
c76978cb3934eb4f,spend_10,0,Champions,1.9472,1.4377,0.803,0.5712,2.4219,0.3986,0.127,0.0,0.2716,0,0.0635
c7697909d7d521e6,free_trip,1,Occasional,1.0373,12.3708,9.8128,2.2534,2.2325,1.442,0.6091,0.5661,0.2667,0,0.3046
c76b33db6c69fb6b,free_trip,4,Dormant,0.5785,10.7315,8.5608,1.8981,2.1635,1.5867,0.5453,0.6468,0.3946,0,0.2727
c77320e3038ef0fd,spend_10,5,Champions,2.6617,2.8315,1.8661,0.9404,1.8847,0.7556,0.05,0.0,0.7055,0,0.025
c78a8b619633fb71,free_trip,5,Dormant,0.5584,10.7034,8.5412,1.8898,1.0409,1.5798,0.5447,0.6587,0.3763,0,0.2724
c795ac656666e0db,free_trip,5,Dormant,0.4962,9.8991,7.9053,1.7449,1.8681,1.4586,0.498,0.5889,0.3718,0,0.249
c79d4c3993def957,free_trip,1,Dormant,0.5284,10.3835,8.2786,1.8291,1.7325,1.529,0.5516,0.6126,0.3647,0,0.2758
c7c4fdc0ea70cb0b,free_trip,0,Dormant,0.5485,10.6647,8.5099,1.8813,1.8964,1.5726,0.5471,0.6724,0.3531,0,0.2735
c7ccd478f2036f27,free_trip,3,Dormant,0.5292,10.3894,8.2982,1.8333,1.6642,1.5325,0.5158,0.6223,0.3944,0,0.2579
c7d851d371882092,free_trip,1,Dormant,0.5059,9.99,7.9795,1.7623,1.7387,1.4732,0.4965,0.6495,0.3272,0,0.2482
c7ed0bc02b132eb5,free_trip,5,Dormant,0.5471,10.5823,8.4398,1.8665,0.8739,1.5602,0.5519,0.6337,0.3746,0,0.276
c7f2216d90fbb999,free_trip,0,Dormant,0.5605,10.7206,8.5721,1.8967,1.864,1.5855,0.5037,0.7439,0.3379,0,0.2519
c804cd14be352ed7,free_trip,2,Dormant,0.5185,10.1434,8.1152,1.7931,2.3015,1.4989,0.4701,0.7078,0.321,0,0.2351
c83e5c4e6535c651,weekend_20,0,Dormant,0.6582,0.5557,0.3502,0.2094,0.3314,0.1751,-0.008,-0.0013,0.1844,0,-0.004
c873c21c15cb8137,free_trip,3,Dormant,0.7479,12.7351,10.1322,2.2596,2.0658,1.8889,0.6866,0.8024,0.3999,0,0.3433
c874691cc29ae725,rush_hour_25,4,Loyal,9.8566,4.3735,1.4756,2.3535,2.478,1.1239,1.0889,0.1011,-0.0662,0,0.5445
c87c560794456e3e,free_trip,4,Dormant,0.5175,10.2575,8.1847,1.8073,1.026,1.5108,0.531,0.6196,0.3601,0,0.2655
c884242bfb191e82,free_trip,2,Dormant,0.5434,10.715,8.5786,1.8945,1.5951,1.5837,0.4839,0.7421,0.3577,0,0.2419
c8ae34645ebcb97b,free_trip,0,Dormant,0.5062,10.0966,8.0527,1.7776,1.1242,1.4859,0.5326,0.5994,0.3539,0,0.2663
c8e6edda34b0ca4d,free_trip,3,Dormant,0.5016,10.1775,8.0822,1.7827,1.685,1.4902,0.6251,0.4776,0.3876,0,0.3125
c8f1a23e62f938df,free_trip,4,Dormant,0.5345,10.5109,8.3851,1.8525,1.5518,1.5485,0.5467,0.6074,0.3944,0,0.2734
c9169d1bada08634,free_trip,3,Dormant,0.5177,10.3111,8.2426,1.8194,1.67,1.5209,0.4984,0.6044,0.4181,0,0.2492
c920a61a5b5ba32d,free_trip,1,Dormant,0.5889,11.3487,9.0678,2.0055,1.8909,1.6765,0.5508,0.721,0.4047,0,0.2754
c95c10d9246536e4,free_trip,3,Occasional,1.895,18.3324,14.6066,3.4271,2.6809,1.8037,0.5975,0.8358,0.3704,0,0.2987
c95cff0871de98cf,free_trip,3,Dormant,0.5526,10.8662,8.7009,1.9218,0.9534,1.6065,0.4869,0.6938,0.4258,0,0.2435
c95dd8062b53adf2,free_trip,0,Dormant,0.5059,10.1082,8.0281,1.7724,1.5685,1.4816,0.6155,0.4594,0.4067,0,0.3077
c95fa1f3d67c0537,free_trip,3,Dormant,0.5326,10.3759,8.2938,1.8331,2.2025,1.5324,0.4979,0.6813,0.3531,0,0.249
c963689f770e8a3f,free_trip,4,Dormant,1.7896,12.407,9.7023,2.3867,2.2424,1.9951,0.6361,0.8486,0.5104,0,0.3181
c97a5ba7338923fa,spend_10,3,Champions,1.8776,2.5226,1.7525,0.7539,2.3018,0.6948,0.0326,0.0,0.6622,0,0.0163
c99389e902cd1829,free_trip,4,Dormant,0.704,12.3837,9.8804,2.1982,2.3769,1.8376,0.6102,0.8362,0.3912,0,0.3051
c9979411fdb4717b,free_trip,2,Occasional,1.2678,14.0607,11.194,2.5881,3.3057,0.9415,0.5571,0.2764,0.108,0,0.2786
c99c44bb051ed3ba,spend_10,1,Champions,2.2879,8.3605,6.4674,1.8183,5.2136,1.3507,0.1495,0.0,1.2012,0,0.0748
c9a82d8f50c15aa6,free_trip,2,Occasional,0.8881,15.2388,12.2916,2.7372,3.0459,1.3963,0.42,0.7052,0.2711,0,0.21
c9ba16b35fad0534,spend_10,5,Loyal,2.6625,2.6538,1.7231,0.9108,2.2783,0.7958,0.0397,0.0,0.7561,0,0.0198
c9e5a8cec2cbe322,spend_10,2,Champions,1.3629,0.9275,0.4599,0.3786,2.4189,0.263,0.1782,0.0,0.0848,0,0.0891
ca0e20030f768e38,free_trip,0,Dormant,0.5092,10.1616,8.1303,1.7943,1.0833,1.4999,0.474,0.6723,0.3536,0,0.237
ca18bd615c814ed0,free_trip,1,Occasional,0.9355,10.3009,8.1667,1.8904,1.2856,1.525,0.4877,0.6829,0.3544,0,0.2439
ca221395ad3119e5,free_trip,4,Dormant,0.5391,10.6034,8.4712,1.8713,1.1801,1.5643,0.5219,0.6848,0.3576,0,0.261
ca2731060b3a0a9d,spend_10,3,Champions,1.8108,5.004,3.7827,1.1617,3.2768,0.947,0.1192,0.0,0.8278,0,0.0596
ca28dba43eefe52b,spend_10,5,Champions,2.3066,3.9063,2.768,1.0539,2.7211,0.8523,0.1687,0.0,0.6836,0,0.0844
ca2af9ad082dca3a,free_trip,0,Dormant,0.637,11.9469,9.5387,2.1133,2.1208,1.7666,0.5899,0.77,0.4067,0,0.295
ca50b4f8e15ebdba,offpeak_15,4,Champions,9.294,6.1603,3.5857,2.6749,4.3284,2.3654,-0.2004,2.8528,-0.287,0,-0.1002
ca5ba798396d8838,spend_10,2,Champions,2.5866,3.4135,2.3323,1.0216,2.674,0.7649,0.1192,0.0,0.6457,0,0.0596
ca70fd1215ee72df,free_trip,5,Dormant,0.5559,10.9636,8.7506,1.9328,1.9405,1.6157,0.5603,0.6859,0.3695,0,0.2802
ca720eb980c3bc1b,spend_10,0,Loyal,3.5259,1.8104,0.8462,0.908,1.8628,0.5968,0.1123,0.0,0.4845,0,0.0561
ca7fd5983eb05a91,free_trip,5,Dormant,0.4952,9.9071,7.9146,1.7466,1.6737,1.46,0.4918,0.6245,0.3437,0,0.2459
ca9966bea227ab2d,spend_10,5,Champions,2.0477,2.4057,1.5751,0.7524,2.1616,0.6063,0.1564,0.0,0.4499,0,0.0782
cab1640c67e25769,offpeak_15,5,Champions,9.9065,5.182,2.5653,2.5902,3.8229,1.7097,0.0529,1.6684,-0.0117,0,0.0265
cab504d599e00e66,free_trip,5,Dormant,1.3853,12.0163,9.442,2.2487,1.5982,1.8797,0.6511,0.8302,0.3984,0,0.3256
cad14dc7e21eee14,free_trip,3,Dormant,0.572,11.0977,8.8817,1.9634,1.7017,1.6413,0.5051,0.7784,0.3577,0,0.2526
cadbcc0e948bbe17,free_trip,2,At risk,0.6139,10.4651,8.3621,1.8642,2.949,1.7105,0.4777,0.8794,0.3534,0,0.2389
cae08eaa67dc583f,spend_10,0,Champions,0.8777,10.6874,8.5631,1.9607,3.8748,1.7767,0.3272,0.0,1.4495,0,0.1636
cae8256d21a179db,spend_10,4,Champions,1.5111,6.839,5.3764,1.4304,6.3368,1.1338,0.0644,0.0,1.0695,0,0.0322
caf9e73b0088254c,free_trip,1,At risk,0.8446,13.2271,10.5879,2.3743,2.7447,1.2175,0.5298,0.3801,0.3076,0,0.2649
cafaec54505f6a1c,free_trip,3,Dormant,0.6305,11.8924,9.4877,2.1014,1.6377,1.7566,0.6067,0.7324,0.4176,0,0.3034
cb0be66245df4e7f,free_trip,2,Dormant,0.8452,13.4819,10.7644,2.4111,1.7455,2.0156,0.6127,1.0069,0.3959,0,0.3063
cb0f7542279f597f,free_trip,5,Dormant,0.6221,11.6773,9.3537,2.0718,1.7151,1.7319,0.5036,0.8338,0.3946,0,0.2518
cb134e7ccb730a88,spend_10,3,Loyal,2.4131,3.9157,2.7828,1.0791,2.8221,0.7103,0.1076,0.0,0.6027,0,0.0538
cb24dcc5644c2e81,free_trip,2,Dormant,0.5669,10.8438,8.6468,1.9136,2.018,1.5996,0.5669,0.6675,0.3653,0,0.2834
cb3e135382a0a147,free_trip,3,At risk,0.8118,11.5036,9.1469,2.0683,1.5335,1.6217,0.5769,0.6828,0.362,0,0.2885
cb4cd3e115ba358b,free_trip,4,Dormant,0.4959,9.8795,7.8939,1.7424,1.7778,1.4566,0.4863,0.6275,0.3427,0,0.2432
cb50ea196ff48991,spend_10,1,Loyal,3.3056,6.8365,5.0497,1.7353,3.2986,0.6686,0.1031,0.0,0.5655,0,0.0515
cb60761b70cc1361,free_trip,1,Dormant,0.5167,10.2605,8.1937,1.809,1.1265,1.5122,0.5157,0.6528,0.3438,0,0.2578
cb63841df4cbcb79,free_trip,4,Dormant,0.5593,10.9556,8.7448,1.9323,1.303,1.6153,0.5571,0.699,0.3592,0,0.2785
cb6c8849faee340c,free_trip,4,At risk,1.1355,10.209,8.0686,1.9115,1.7537,0.9781,0.4577,0.3185,0.2019,0,0.2289
cb78a5750e04fb79,spend_10,0,Loyal,2.8153,2.6306,1.678,0.9332,3.103,0.8561,0.0387,0.0,0.8173,0,0.0194
cb805dc2c699f7d8,free_trip,3,Dormant,0.5115,10.1249,8.0955,1.7875,1.8121,1.4943,0.4838,0.6833,0.3272,0,0.2419
cb86746d08f3a013,free_trip,3,Dormant,0.4933,9.875,7.8917,1.7414,1.1732,1.4557,0.4837,0.6381,0.3339,0,0.2418
cb92207546401705,free_trip,5,Dormant,1.3699,12.0925,9.5231,2.2623,1.3695,1.8912,0.6141,0.884,0.393,0,0.3071
cba448863c0a07f6,spend_10,1,Champions,1.8849,7.5739,5.8891,1.6145,4.5908,0.9771,0.1406,0.0,0.8365,0,0.0703
cba4c3ea4d9af492,free_trip,3,Dormant,0.5433,10.4137,8.3118,1.8391,1.6594,1.5373,0.5257,0.6534,0.3582,0,0.2629
cba5f3b5ced0ec65,spend_10,5,Champions,1.6543,3.0366,2.1531,0.7907,4.6409,0.4862,0.1855,0.0,0.3008,0,0.0927
cbb31bdec56cec0d,offpeak_15,5,Champions,20.417,13.2937,7.6621,5.8316,10.6153,3.5897,-0.3999,4.1064,-0.1168,0,-0.2
cbb3fb60345f8e68,weekend_20,4,Loyal,1.3159,1.4352,0.9768,0.4761,1.0098,0.6611,-0.0355,0.0009,0.6956,0,-0.0177
cbc142bee50a1766,free_trip,0,Dormant,0.5328,10.6172,8.4844,1.8727,1.4343,1.5655,0.5202,0.649,0.3962,0,0.2601
cbe343587c950fe2,free_trip,3,Dormant,0.7142,12.465,9.9198,2.2085,2.4109,1.8462,0.6735,0.8035,0.3692,0,0.3367
cbe6e73375f369fd,spend_10,0,Champions,1.4766,8.5149,6.737,1.7058,5.7503,1.197,0.1442,0.0,1.0528,0,0.0721
cbe7d100dc583da3,spend_10,5,Loyal,2.677,4.7217,3.3915,1.2603,2.3319,0.5541,0.1397,0.0,0.4144,0,0.0699
cbfb023a9bcc1ed1,spend_10,4,Champions,1.0999,9.7935,7.662,1.8197,11.0142,0.9573,0.6235,0.0,0.3338,0,0.3118
cbff3a8fdf36a3c5,free_trip,4,Dormant,0.4967,10.0601,8.0038,1.7654,1.7283,1.4758,0.5819,0.505,0.3889,0,0.291
cc0a61b93e425575,free_trip,5,At risk,0.6136,10.8497,8.6525,1.9244,2.0118,1.349,0.5456,0.5448,0.2586,0,0.2728
cc139d3980a0f31d,free_trip,4,Dormant,0.5109,10.1623,8.1207,1.7926,1.3519,1.4985,0.498,0.5865,0.4141,0,0.249
cc1c05e7f3098585,spend_10,1,Champions,1.0767,14.8813,11.9808,2.7118,7.3372,2.2339,0.3773,0.0,1.8566,0,0.1886
cc1e3da003d343ed,spend_10,1,Champions,1.5783,1.0009,0.499,0.4314,3.1245,0.3742,0.1409,0.0,0.2333,0,0.0705
cc22b021826a14f4,free_trip,4,Dormant,0.5094,10.1911,8.1453,1.7974,1.4336,1.5025,0.4968,0.6248,0.381,0,0.2484
cc2a618e3b1a45c0,weekend_20,3,Champions,12.3057,5.2548,2.423,3.0589,5.1495,2.0691,-0.4543,-0.022,2.5453,0,-0.2271
cc2ec5ada612b759,free_trip,0,Dormant,0.5371,10.5151,8.3904,1.8541,1.4871,1.5499,0.5413,0.5946,0.414,0,0.2707
cc43605dc040211a,free_trip,0,Dormant,0.5527,10.893,8.6996,1.9216,1.6915,1.6063,0.5437,0.7049,0.3577,0,0.2719
cc71e0e91067722a,weekend_20,3,Dormant,0.6778,0.5164,0.3141,0.206,0.7167,0.1722,-0.0074,-0.0139,0.1935,0,-0.0037
cc79f0a3a2c72550,weekend_20,2,Occasional,1.6061,0.8905,0.5035,0.4381,1.233,0.3015,-0.1021,0.0694,0.3342,0,-0.0511
cc7f2deb2f8d0d12,offpeak_15,5,Loyal,5.8425,3.8479,2.2196,1.6744,3.0882,0.887,-0.0922,1.0485,-0.0693,0,-0.0461
cc7f2eb57df9fafd,free_trip,1,Dormant,0.528,10.4813,8.3774,1.8495,1.2227,1.5461,0.5087,0.6781,0.3592,0,0.2544
cc8ce5d6990e1491,free_trip,1,Dormant,0.6317,11.8099,9.4603,2.0959,1.4914,1.7521,0.5073,0.7938,0.4509,0,0.2537
cca865cbe836aa6a,spend_10,1,Champions,1.4717,3.6608,2.7205,0.8707,3.181,0.9141,0.1393,0.0,0.7748,0,0.0697
ccabe1b9fbecdd42,free_trip,0,Dormant,0.5343,10.6163,8.4912,1.8744,1.6884,1.5669,0.5013,0.7035,0.3622,0,0.2506
ccada525fd2ca1f5,free_trip,1,At risk,0.968,13.5558,10.7482,2.4333,1.9666,2.0344,0.7488,0.919,0.3666,0,0.3744
ccb221f5e60f6974,free_trip,0,Dormant,0.548,10.6928,8.5483,1.8892,1.585,1.5792,0.5108,0.699,0.3694,0,0.2554
cce485696e784d26,spend_10,3,Champions,3.1487,4.2354,2.9029,1.2568,2.8533,0.8152,0.1513,0.0,0.6638,0,0.0757
cceb1ca063dfb632,spend_10,3,Champions,0.8607,7.9563,6.3791,1.5036,5.4231,1.5065,0.1472,0.0,1.3593,0,0.0736
ccf2348ae521d03b,free_trip,2,Dormant,0.521,10.3433,8.2439,1.8203,0.8215,1.5217,0.5581,0.6034,0.3601,0,0.2791
ccfd46fd42f95429,free_trip,3,At risk,0.5153,20.9371,17.0846,3.6552,3.9427,1.0146,0.3945,0.392,0.2281,0,0.1973
cd0388a0cb5458ae,offpeak_pass,0,Loyal,0.4278,0.4673,0.3321,0.1578,1.5001,0.1907,-0.0452,0.2499,-0.014,0,-0.0226
cd0645bf3c9abd90,free_trip,5,Dormant,0.6586,11.9297,9.5361,2.1173,2.1059,1.7699,0.5528,0.8458,0.3713,0,0.2764
cd104b6b9ffed934,spend_10,0,Champions,1.8145,5.175,3.9076,1.1884,3.4717,1.0545,0.1581,0.0,0.8964,0,0.079
cd22b7c9feebeca2,spend_10,3,Champions,2.1292,1.8933,1.1575,0.6826,1.5054,0.551,0.1065,0.0,0.4444,0,0.0533
cd24dc85991bccb5,spend_10,5,Champions,2.9272,4.5829,3.2441,1.2817,2.9566,0.6748,0.1142,0.0,0.5606,0,0.0571
cd3906d7a41c2d1d,free_trip,5,Dormant,0.5008,9.9876,7.9784,1.761,1.9432,1.4721,0.4965,0.6495,0.3261,0,0.2482
cd489d80bc42b264,spend_10,1,Champions,0.7145,10.3854,8.3075,1.8737,10.542,0.6467,0.4083,0.0,0.2384,0,0.2041
cd4ea3eaaa5941f9,free_trip,0,Dormant,0.8744,12.0161,9.5389,2.1627,1.8276,1.8079,0.6291,0.7879,0.3909,0,0.3145
cd84cb41150597ba,free_trip,1,Dormant,0.5618,11.0137,8.8043,1.9452,1.7481,1.626,0.5286,0.7251,0.3724,0,0.2643
cd943261457cbbbc,spend_10,5,Champions,1.6762,1.6322,1.0118,0.5583,2.7603,0.342,0.1243,0.0,0.2178,0,0.0621
cd97ea4603082461,offpeak_15,4,Champions,17.1302,14.2099,8.9356,5.4135,8.0437,5.031,-0.2784,5.6409,-0.3315,0,-0.1392
cd99c7f0932a1044,free_trip,1,Occasional,1.2011,12.1594,9.6678,2.2573,2.913,1.1662,0.4686,0.4549,0.2427,0,0.2343
cd99efbb18a05ce7,free_trip,1,Dormant,0.4967,9.919,7.9223,1.7485,1.2477,1.4616,0.4965,0.6495,0.3156,0,0.2482
cdaf52772468dc06,free_trip,1,Dormant,0.5642,10.8431,8.6594,1.9156,1.4063,1.6013,0.5362,0.723,0.3422,0,0.2681
cdb774063ca795a8,free_trip,1,Dormant,0.4945,10.023,7.9575,1.7553,1.7614,1.4674,0.6204,0.4397,0.4072,0,0.3102
cdc158bdf86ba4c5,free_trip,5,Dormant,0.5668,10.7384,8.5754,1.8987,2.2051,1.5872,0.5288,0.667,0.3914,0,0.2644
cdd87cccc87e375d,free_trip,1,Dormant,0.5008,9.9943,7.9859,1.7625,1.655,1.4734,0.4918,0.6245,0.3571,0,0.2459
cdeccfa646f0f059,spend_10,1,Champions,2.1831,2.7682,1.9183,0.8518,1.8672,0.664,-0.0038,0.0,0.6678,0,-0.0019
cdeee5e708ee6ef2,free_trip,2,Dormant,0.4996,9.9919,8.0057,1.7664,1.4274,1.4766,0.4395,0.6278,0.4093,0,0.2198
ce023ca5359fc4ed,free_trip,4,Occasional,1.0768,13.1149,10.4037,2.3843,3.1655,1.2491,0.6537,0.3515,0.2439,0,0.3268
ce04165e2b034e79,spend_10,0,Champions,1.4567,3.9919,3.0003,0.9256,6.3013,0.3673,0.132,0.0,0.2353,0,0.066
ce1375f8059b1da9,spend_10,5,Champions,1.7671,4.4529,3.3605,1.0649,3.4258,0.7095,0.055,0.0,0.6546,0,0.0275
ce1412e98c6ebe57,spend_10,3,Champions,0.7397,9.8798,7.9464,1.804,5.9368,1.7101,0.2588,0.0,1.4513,0,0.1294
ce1a0b4431bb7a59,free_trip,4,Dormant,0.5158,10.2202,8.1539,1.8006,1.9467,1.5052,0.5313,0.6467,0.3272,0,0.2657
ce2c0170f7f4b328,free_trip,1,Dormant,0.4976,9.9607,7.9476,1.7539,1.3089,1.4662,0.5183,0.5899,0.358,0,0.2591
ce2f7be07a2866b0,weekend_20,4,Dormant,0.6415,0.4953,0.301,0.1957,0.1716,0.1636,-0.0028,-0.0051,0.1716,0,-0.0014
ce4cba42ee442e7f,spend_10,2,Champions,0.8728,7.2089,5.4856,1.3205,8.068,0.8301,0.8057,0.0,0.0244,0,0.4029
ce63270ed0c65764,rush_hour_25,1,Occasional,3.4975,2.6052,1.373,1.0115,2.8184,0.3615,0.4414,-0.0808,0.0008,0,0.2207
ce782fd77e13eb4d,free_trip,0,Dormant,0.5362,10.4377,8.3158,1.8384,1.0471,1.5368,0.567,0.5966,0.3732,0,0.2835
ce8de4b66e51ab86,free_trip,5,Dormant,0.5172,10.206,8.1564,1.8014,1.9097,1.5058,0.4965,0.6833,0.3261,0,0.2482
ce96cd35beb9f6ec,weekend_20,0,At risk,1.0519,0.6832,0.4073,0.303,1.0006,0.2479,-0.0543,0.044,0.2582,0,-0.0272
ceb824b12f522ba2,spend_10,0,Champions,1.522,8.6123,6.869,1.7427,4.7562,0.8571,0.0013,0.0,0.8557,0,0.0007
cec7964c6cd596f0,spend_10,0,Champions,1.905,1.9878,1.2768,0.6608,2.3567,0.6088,0.1003,0.0,0.5084,0,0.0502
ced2b597e8640fcf,free_trip,1,At risk,0.4307,10.5409,8.5127,1.8574,3.2656,1.1394,0.3415,0.4445,0.3534,0,0.1708
cee87834fde1fe6f,spend_10,0,Champions,1.3935,4.7809,3.6317,1.0437,5.2088,0.7564,0.2111,0.0,0.5453,0,0.1056
ceff4b28780ce599,free_trip,1,Dormant,0.5025,9.9363,7.9428,1.754,1.3703,1.4662,0.4792,0.6599,0.3272,0,0.2396
cf11da33b019d21d,spend_10,0,Loyal,1.7846,1.2152,0.6484,0.5053,1.2006,0.5967,0.1231,0.0,0.4736,0,0.0616
cf14bff5692b6432,free_trip,1,Dormant,0.7654,12.4596,9.8943,2.2138,1.3267,1.8506,0.7031,0.7612,0.3863,0,0.3516
cf1dbe0a33e81864,free_trip,5,Dormant,0.5269,10.4371,8.3267,1.8387,1.0778,1.5371,0.5434,0.6201,0.3735,0,0.2717
cf23a4ff29a5ac88,spend_10,5,Champions,1.5552,4.5425,3.3463,1.018,4.8534,0.6503,0.3565,0.0,0.2938,0,0.1782
cf44b8502968d3a3,spend_10,2,Loyal,2.2789,2.8888,1.9367,0.8755,1.568,0.7856,0.1531,0.0,0.6325,0,0.0766
cf4ecb2909844271,free_trip,2,Dormant,0.5484,10.7061,8.5644,1.8926,1.7284,1.5821,0.4984,0.7135,0.3702,0,0.2492
cf53ee038c8513c5,free_trip,3,At risk,0.5546,10.3885,8.3095,1.8409,2.1515,1.3687,0.4761,0.538,0.3545,0,0.2381
cf59eb60070a7ba1,free_trip,5,Dormant,0.57,11.0063,8.7742,1.9406,1.5109,1.6223,0.5829,0.6641,0.3752,0,0.2914
cf7a8ebcefc82174,spend_10,3,Loyal,2.4636,1.8171,1.0535,0.7304,3.4344,0.5611,0.0664,0.0,0.4947,0,0.0332
cf7cd35e3859161d,free_trip,4,Dormant,0.5459,10.4171,8.3099,1.8392,1.4773,1.5375,0.5358,0.6293,0.3723,0,0.2679
cf80d30d77fc4473,free_trip,1,Dormant,0.5092,10.1739,8.1238,1.7929,1.1622,1.4988,0.5144,0.6572,0.3272,0,0.2572
cf8a77c32fc8b3f2,spend_10,1,Champions,1.3946,6.9796,5.4863,1.429,4.824,1.1252,0.1285,0.0,0.9967,0,0.0643
cf91d893df629874,spend_10,2,Champions,1.524,4.2342,3.1906,0.9791,3.5833,0.8601,0.1289,0.0,0.7312,0,0.0644
cf9e2fc0d72fcbb7,free_trip,1,Dormant,0.7027,12.2531,9.7836,2.1778,1.8126,1.8205,0.5833,0.7597,0.4775,0,0.2917
cfb505cf1d16bccf,spend_10,4,Champions,2.1286,2.6081,1.7489,0.8053,2.3003,0.5808,0.1079,0.0,0.4729,0,0.054
cfbe938a7448bb5c,offpeak_pass,2,Loyal,0.3849,0.4155,0.2931,0.1408,1.3787,0.1141,-0.0367,0.1508,0.0,0,-0.0183
cfc16e9c07bc5909,spend_10,3,Champions,1.8231,3.4395,2.537,0.9055,2.9825,0.8198,-0.0061,0.0,0.8259,0,-0.003
cfc4cbf1ffb8467b,free_trip,2,Dormant,0.5895,11.3804,9.0932,2.011,1.5152,1.681,0.5525,0.7562,0.3724,0,0.2762
cfc70f8881f286ba,free_trip,2,Dormant,0.5283,10.4695,8.2959,1.8326,2.5278,1.532,0.682,0.5005,0.3494,0,0.341
cfff6c3cc4ace618,free_trip,2,Dormant,0.5363,10.6185,8.4747,1.8714,1.298,1.5644,0.5446,0.6606,0.3592,0,0.2723
d0061fcf5de010bd,free_trip,0,Dormant,0.5599,10.9166,8.7433,1.9321,2.032,1.6151,0.4825,0.7381,0.3945,0,0.2413
d00aa99b89186521,free_trip,1,Dormant,0.5203,10.2895,8.2454,1.8205,1.2191,1.5218,0.4472,0.7486,0.326,0,0.2236
d017228a0cf5dfb8,free_trip,1,Dormant,0.4949,9.9485,7.9662,1.7572,1.0252,1.4689,0.4503,0.6834,0.3353,0,0.2251
d017d6daff5af1f9,free_trip,4,Dormant,0.5169,10.2276,8.1606,1.8022,1.6316,1.5065,0.5297,0.6497,0.3272,0,0.2648
d0240e3d689793b8,spend_10,3,Champions,1.5316,12.7973,10.2534,2.4476,5.9803,1.1237,0.1927,0.0,0.9311,0,0.0963
d02c73d1a29e4e0f,spend_10,0,Champions,2.6188,2.4873,1.5471,0.8652,2.6941,0.7389,0.1501,0.0,0.5888,0,0.0751
d0323c5c5ad9359f,rush_hour_25,2,Occasional,5.3925,2.6443,1.0249,1.3328,2.2008,0.4871,0.5732,-0.0566,-0.0295,0,0.2866
d03965c3b97b8bcc,spend_10,0,Loyal,2.2815,1.8992,1.1499,0.7127,1.7444,0.7824,0.0731,0.0,0.7093,0,0.0366
d046fd9ba66d68c7,free_trip,3,Dormant,0.6054,11.3966,9.1066,2.017,1.8878,1.6861,0.546,0.774,0.3661,0,0.273
d050da44f21f90fd,free_trip,2,Dormant,0.5573,10.8706,8.6812,1.9187,1.0241,1.6039,0.5413,0.6889,0.3737,0,0.2706
d05af53e47b83cba,free_trip,5,Dormant,0.5635,10.8342,8.6432,1.9121,1.4656,1.5984,0.5578,0.6881,0.3525,0,0.2789
d05fd40c737f8337,free_trip,4,Dormant,0.6508,11.9121,9.5229,2.1129,1.9867,1.7663,0.5527,0.7935,0.42,0,0.2763
d066be9c2ec304e8,free_trip,0,Dormant,0.512,10.0767,8.0301,1.774,1.5941,1.483,0.5452,0.5662,0.3716,0,0.2726
d067cf487d58fa9b,spend_10,0,Champions,1.0286,6.1696,4.7096,1.1917,5.2283,0.5899,0.5367,0.0,0.0532,0,0.2684
d07959e1467aef7f,offpeak_15,5,At risk,1.3362,1.1166,0.7303,0.4292,1.2366,0.1536,-0.0856,0.2475,-0.0082,0,-0.0428
d07fdb916c2a518b,free_trip,0,Dormant,0.5454,10.5377,8.4088,1.8596,1.9695,1.5546,0.5386,0.5971,0.4189,0,0.2693
d08399bdfb8d422a,free_trip,5,Dormant,0.5363,10.4351,8.3374,1.8429,0.9065,1.5406,0.5096,0.6589,0.3721,0,0.2548
d08854428fd172d1,free_trip,2,Dormant,0.5076,10.0566,8.0396,1.7751,1.6496,1.4839,0.4838,0.6729,0.3272,0,0.2419
d08ec8aca3debc89,free_trip,3,Dormant,0.5366,10.4845,8.3627,1.8482,0.7074,1.545,0.5471,0.6224,0.3754,0,0.2736
d099126199ca1d2c,free_trip,5,Dormant,0.5475,10.8065,8.6344,1.9069,1.3226,1.5941,0.5304,0.7265,0.3372,0,0.2652
d099c60877441204,spend_10,5,Loyal,2.3595,1.9125,1.1298,0.7247,1.8631,0.535,0.116,0.0,0.4189,0,0.058
d09c69955cf5e73c,free_trip,3,Dormant,0.5567,10.8588,8.6584,1.9138,1.1816,1.5998,0.5731,0.6377,0.389,0,0.2865
d0be9ade4f35b5d2,offpeak_15,5,Champions,42.222,46.6031,31.5043,15.3118,20.8851,10.2796,-0.4261,11.0572,-0.3515,0,-0.213
d0c7842835e57a7e,spend_10,3,Champions,1.4234,1.1765,0.6798,0.4368,2.2134,0.3487,0.1198,0.0,0.2289,0,0.0599
d0dd44c235ea3834,free_trip,4,At risk,0.6651,17.6478,14.2673,3.1012,3.3736,1.4079,0.5586,0.6111,0.2381,0,0.2793
d0e0480334c029a0,spend_10,0,Loyal,2.3792,3.9353,2.8027,1.0762,2.788,0.794,0.1127,0.0,0.6813,0,0.0564
d0ffc986c0b5358a,spend_10,1,Champions,2.5141,3.9601,2.793,1.1022,2.944,0.8281,0.1297,0.0,0.6984,0,0.0649
d104ea8b53c91dbc,free_trip,2,Dormant,0.5218,10.3701,8.2552,1.8228,2.1463,1.5238,0.5842,0.511,0.4286,0,0.2921
d10554de11e5d7b0,spend_10,0,Champions,1.512,2.5603,1.7823,0.6842,7.5017,0.4167,0.1877,0.0,0.2291,0,0.0938
d11c163e6c4563c0,free_trip,2,Dormant,0.5844,10.8945,8.7148,1.9313,1.3265,1.6144,0.4968,0.7132,0.4044,0,0.2484
d11ed0f143e74005,free_trip,0,Dormant,0.5386,10.6464,8.5057,1.8783,1.6451,1.5702,0.5249,0.7178,0.3275,0,0.2624
d1313375463cf3bc,spend_10,1,Champions,0.8061,1.8636,1.3234,0.4423,3.1477,0.5238,0.1958,0.0,0.328,0,0.0979
d132f18ce9e2e4f0,weekend_20,1,Occasional,2.4626,3.4307,2.4319,1.0165,1.5463,0.3849,-0.0355,-0.1488,0.5691,0,-0.0177
d136f6eac6d9b848,free_trip,3,Dormant,0.5465,10.4931,8.3736,1.8525,1.2046,1.5486,0.534,0.6485,0.366,0,0.267
d13f75fc32db3651,free_trip,3,Dormant,0.5143,10.3323,8.1823,1.8061,2.4444,1.5098,0.6878,0.4691,0.353,0,0.3439
d14313d585949436,free_trip,5,Dormant,0.5158,10.2758,8.2145,1.8131,1.5255,1.5157,0.4964,0.6072,0.412,0,0.2482
d1467fb66be6dde7,spend_10,5,Loyal,3.4811,2.8276,1.6966,1.0753,1.7299,0.7364,0.1115,0.0,0.625,0,0.0557
d1818798bffa6ca9,spend_10,5,Loyal,2.751,1.4251,0.6871,0.714,1.9679,0.3436,0.048,0.0,0.2956,0,0.024
d18458de21d4726b,free_trip,2,At risk,0.8599,13.6471,10.8959,2.4415,2.3955,1.4879,0.6192,0.5801,0.2886,0,0.3096
d1957ccf4968df2f,free_trip,3,Dormant,0.5084,10.1693,8.1311,1.7943,1.201,1.4999,0.488,0.6453,0.3666,0,0.244
d1adf8b2a898c938,spend_10,4,Loyal,3.5965,2.9109,1.7667,1.1138,3.6728,0.489,0.0609,0.0,0.4281,0,0.0304
d1bacf9bc927d8f5,spend_10,2,Loyal,3.1397,3.7802,2.546,1.1808,4.0516,0.7559,0.1067,0.0,0.6492,0,0.0533
d1bf3ab1f147fb34,free_trip,5,Dormant,0.5379,10.5037,8.3921,1.8546,1.543,1.5503,0.514,0.6884,0.3479,0,0.257
d1d5783e267a2b85,free_trip,4,Dormant,0.5497,10.59,8.4456,1.8682,1.3694,1.5617,0.5525,0.6738,0.3354,0,0.2762
d1d8506f65a29cbc,free_trip,3,Dormant,0.5071,10.0914,8.0496,1.7771,1.4187,1.4855,0.5296,0.5752,0.3808,0,0.2648
d1e17b3216d1a0bc,free_trip,0,At risk,0.6782,11.0624,8.8381,1.9764,1.8664,1.5781,0.4959,0.7037,0.3785,0,0.2479
d1e3e3053a1f21e5,free_trip,5,Dormant,0.4986,9.9995,7.9838,1.7616,1.4968,1.4726,0.5081,0.6385,0.3261,0,0.254
d1fa63bcb4e47f81,free_trip,5,Dormant,0.5252,10.3973,8.3069,1.8343,1.4124,1.5334,0.5121,0.6581,0.3631,0,0.2561
d2196c07329eec53,spend_10,5,Loyal,2.9948,2.212,1.2767,0.8871,2.8102,0.6758,0.0963,0.0,0.5795,0,0.0481
d229068b7ab5d668,free_trip,5,Dormant,1.0651,12.3507,9.8032,2.2572,2.5778,1.8869,0.5806,0.8733,0.4329,0,0.2903
d25eea9a4d4beeaf,spend_10,0,Champions,1.7977,2.7786,1.9282,0.7738,2.3833,0.8845,0.1532,0.0,0.7313,0,0.0766
d267e9fdbdc7eac9,spend_10,4,Champions,1.3651,1.2388,0.7484,0.4389,3.537,0.3461,0.1029,0.0,0.2432,0,0.0514
d27a7323839ab09e,free_trip,1,Dormant,0.7468,12.5681,10.0211,2.2363,1.3791,1.8694,0.6214,0.8342,0.4139,0,0.3107
d286c5b74e15e261,spend_10,1,Champions,1.2234,4.8301,3.7076,1.0241,3.2483,0.98,0.197,0.0,0.783,0,0.0985
d288697c3450dc4d,spend_10,4,Champions,0.9072,2.2998,1.6819,0.5377,6.8737,0.4912,0.1604,0.0,0.3308,0,0.0802
d28adfb62fd2c6b9,free_trip,5,Dormant,0.502,10.1038,8.0588,1.778,1.176,1.4863,0.534,0.6418,0.3104,0,0.267
d28f73c1725d91d1,free_trip,2,At risk,0.7479,10.3092,8.1627,1.8506,2.4467,1.0887,0.5918,0.3579,0.139,0,0.2959
d29253ad875e7a16,spend_10,0,Occasional,0.7197,0.9984,0.673,0.2892,1.248,0.238,0.0723,0.0216,0.1441,0,0.0362
d2b4c2259a91e6cf,spend_10,5,Loyal,2.3383,2.468,1.5244,0.8022,3.4998,0.3999,0.2828,0.0,0.1171,0,0.1414
d2bb7ef4f567845a,free_trip,5,Dormant,0.5069,10.1165,8.0859,1.7846,1.0637,1.4918,0.4918,0.6245,0.3755,0,0.2459
d2c3c0a455f7a08e,free_trip,1,Occasional,1.0303,10.1895,8.0593,1.8878,1.0328,1.4353,0.4848,0.6308,0.3197,0,0.2424
d2c8d5160f200f39,spend_10,0,Champions,1.9895,1.9529,1.229,0.6684,1.7544,0.6399,0.111,0.0,0.5289,0,0.0555
d2ce73d77dc2f51d,free_trip,1,Dormant,0.8572,13.4306,10.714,2.4032,3.0699,2.0089,0.6268,0.8859,0.4962,0,0.3134
d2d0612d3b02829b,free_trip,4,At risk,0.5832,12.5195,10.0331,2.2048,1.845,1.5093,0.5632,0.6441,0.302,0,0.2816
d2d6085959a415bb,free_trip,1,Dormant,0.5147,10.2161,8.1652,1.8027,1.589,1.5069,0.4965,0.6833,0.3272,0,0.2482
d2e3820e14fe79b4,spend_10,4,Champions,1.3465,4.7425,3.6078,1.0289,7.6593,0.622,0.2116,0.0,0.4104,0,0.1058
d2ed03d88aabbfb8,free_trip,5,Dormant,0.5473,10.5524,8.4009,1.8584,1.0668,1.5535,0.5862,0.5996,0.3676,0,0.2931
d2f76582eeaf3445,free_trip,5,Dormant,0.4948,9.9263,7.9287,1.7494,1.2359,1.4624,0.4964,0.6424,0.3236,0,0.2482
d2fccc08c39498f0,free_trip,2,Dormant,0.5043,10.0107,8.0068,1.7676,1.3945,1.4776,0.4726,0.6038,0.4012,0,0.2363
d310f85c9880d3bf,free_trip,4,Dormant,0.5446,10.736,8.5893,1.897,1.2211,1.5858,0.4993,0.7254,0.3611,0,0.2496
d3161c3e294af1d5,free_trip,0,Dormant,0.5138,10.3905,8.2606,1.8223,2.7103,1.5233,0.6154,0.5082,0.3997,0,0.3077
d31cbf97f8d2f42e,free_trip,2,Dormant,0.5393,10.667,8.5165,1.8807,1.4328,1.5722,0.5396,0.6869,0.3456,0,0.2698
d32da6f2ec2c15e0,spend_10,4,Champions,0.7443,2.0654,1.4692,0.4597,4.9866,0.3863,0.2731,0.0,0.1132,0,0.1366
d32dd0af60836c5b,free_trip,3,Dormant,0.5925,10.8631,8.6673,1.9231,3.5422,1.6076,0.5454,0.6844,0.3778,0,0.2727
d332be493873b8df,free_trip,0,Dormant,0.5114,10.0952,8.0515,1.7784,1.2393,1.4866,0.5306,0.5856,0.3704,0,0.2653
d3451694696b8ba0,offpeak_15,4,Champions,9.2547,5.6797,3.1747,2.5814,7.4621,2.1214,-0.1527,2.5111,-0.237,0,-0.0764
d3491ad16239b590,free_trip,1,At risk,0.7299,16.5448,13.3368,2.9214,4.1303,1.4444,0.5732,0.6241,0.2471,0,0.2866
d35760d6d6c4fd0d,free_trip,2,Dormant,0.5158,10.254,8.1939,1.8089,1.0089,1.5121,0.5025,0.6527,0.357,0,0.2512
d375aba1fcb5f8e8,free_trip,2,Dormant,0.5025,10.0772,8.0009,1.766,2.2743,1.4763,0.6208,0.4671,0.3884,0,0.3104
d37d1777b4dba3b2,spend_10,5,Champions,1.8602,4.502,3.3593,1.084,6.1289,0.4317,0.1175,0.0,0.3142,0,0.0587
d387fadc6422794a,free_trip,0,Dormant,0.5439,10.6422,8.4748,1.873,1.7733,1.5657,0.5888,0.6216,0.3554,0,0.2944
d39a5824d9f63776,spend_10,1,Loyal,2.5103,2.0293,1.1962,0.7698,2.0128,0.6194,0.1267,0.0,0.4926,0,0.0634
d39bb3550bbb5605,free_trip,5,Dormant,0.846,11.67,9.2907,2.1052,1.9569,1.7598,0.5481,0.8442,0.3675,0,0.2741
d39eb4f6742b2cee,free_trip,2,Dormant,1.2057,11.6636,9.2106,2.1633,1.4632,1.8084,0.5793,0.8185,0.4106,0,0.2897
d3a2176472478d67,spend_10,1,Champions,1.3691,5.2596,4.0072,1.1166,3.1894,1.0926,0.2717,0.0,0.8208,0,0.1359
d3a2f7cd7a9a50e9,free_trip,1,Dormant,0.6819,12.4974,9.9294,2.2038,2.4252,1.8422,0.7283,0.7386,0.3753,0,0.3642
d3ab6ad5a5793767,free_trip,2,Dormant,0.5502,10.4849,8.366,1.8518,2.3366,1.548,0.5344,0.6492,0.3644,0,0.2672
d3ac3f20c06ce290,free_trip,3,Dormant,0.6572,11.8928,9.4726,2.1038,1.3579,1.7586,0.6328,0.7304,0.3954,0,0.3164
d3c91815db3d2ed8,free_trip,2,Dormant,0.5027,10.1606,8.0731,1.781,1.6658,1.4888,0.6129,0.4517,0.4243,0,0.3064
d3c93ae0232a5986,free_trip,3,Dormant,0.5178,10.0605,7.9813,1.7651,1.6825,1.4755,0.6281,0.4681,0.3793,0,0.3141
d3d5528f725037a9,spend_10,5,Champions,1.8593,1.8692,1.1112,0.6169,2.042,0.3763,0.2821,0.0,0.0942,0,0.141
d3e9f6ac0f119d5a,spend_10,2,Loyal,2.8312,3.1128,2.0537,1.0145,2.7112,0.7047,0.0892,0.0,0.6154,0,0.0446
d3efb14bcd44bc71,free_trip,0,Dormant,0.6984,12.5299,9.9879,2.2194,1.5824,1.8553,0.6452,0.7968,0.4132,0,0.3226
d4144c19ed52f9cc,free_trip,5,Dormant,0.5452,10.757,8.5941,1.8981,1.5192,1.5867,0.5297,0.699,0.358,0,0.2648
d420efaeb57ca500,weekend_20,1,Loyal,2.5802,1.9416,1.2622,0.798,1.3974,0.2568,-0.2372,0.005,0.489,0,-0.1186
d4245209512e1024,free_trip,2,Dormant,0.5339,10.5972,8.4933,1.8748,1.8813,1.5672,0.4582,0.7276,0.3815,0,0.2291
d4284f386ad0e326,spend_10,5,Champions,2.55,4.2378,3.03,1.1589,3.3868,0.6665,0.0979,0.0,0.5686,0,0.049
d42c0212d604e6b0,free_trip,0,Dormant,0.5229,10.4062,8.2925,1.8308,0.9089,1.5304,0.5658,0.6071,0.3576,0,0.2829
d43807c3156ce160,spend_10,4,Champions,1.8178,3.9424,2.9,0.9798,2.9893,0.8696,0.1251,0.0,0.7445,0,0.0626
d43974e686466ddb,free_trip,5,Dormant,0.5559,10.7241,8.5632,1.8939,1.3483,1.5832,0.5341,0.6946,0.3545,0,0.267
d44e6b93fc8db5d2,free_trip,2,Dormant,0.5623,10.8193,8.6311,1.9093,1.7997,1.5961,0.5578,0.6852,0.3531,0,0.2789
d4524055564955f3,spend_10,0,Champions,2.1487,4.0548,2.8432,1.0368,4.9432,0.5702,0.3496,0.0,0.2206,0,0.1748
d4618393bd3de7a9,free_trip,2,Dormant,0.6591,11.9931,9.5329,2.1167,1.331,1.7694,0.687,0.6904,0.3921,0,0.3435
d4684ccd52e48f28,free_trip,2,Dormant,0.6495,10.7407,8.5695,1.9146,1.6495,1.6005,0.5131,0.6774,0.41,0,0.2566
d49d6399e81f2597,free_trip,5,Dormant,0.5286,10.3221,8.25,1.8232,2.2183,1.524,0.498,0.6956,0.3304,0,0.249
d4b195dc8af0aaba,spend_10,1,Champions,2.0851,1.6176,0.9372,0.6277,2.7808,0.5971,0.1054,0.0,0.4917,0,0.0527
d4bc3e79821c7320,free_trip,4,Dormant,0.5571,10.7008,8.521,1.8854,2.9167,1.576,0.589,0.6114,0.3757,0,0.2945
d4bd12e15ad07a5e,free_trip,4,Dormant,0.5596,10.7255,8.565,1.895,1.5322,1.5841,0.5309,0.6819,0.3714,0,0.2654
d4d0f8093e9056bf,offpeak_15,1,Champions,27.7483,18.6806,10.8107,8.0081,13.1454,7.0746,-0.2764,7.6469,-0.2959,0,-0.1382
d4e2fd25346180b6,spend_10,2,Champions,2.3928,5.0687,3.7297,1.2715,5.1971,0.8119,0.135,0.0,0.6769,0,0.0675
d516a24f0bd3a223,spend_10,0,Loyal,3.2319,2.0888,1.1383,0.9076,2.0359,0.5957,0.0857,0.0,0.5101,0,0.0428
d5197dc1a19df6d6,free_trip,3,Dormant,0.499,10.0036,7.9918,1.7634,1.3652,1.4741,0.4968,0.6072,0.37,0,0.2484
d525bf27b68225c0,weekend_20,2,Occasional,1.7942,1.6063,1.0679,0.5944,1.4658,0.3521,-0.112,-0.0351,0.4992,0,-0.056
d540a2ef84ef5619,spend_10,2,Champions,0.6525,10.0438,8.1143,1.8207,5.2858,1.5499,0.2175,0.0,1.3325,0,0.1087
d554174ba30d22b0,free_trip,5,Dormant,0.4994,9.9074,7.9062,1.7457,1.7417,1.4593,0.5109,0.5881,0.3603,0,0.2555
d55b682e42e16f06,offpeak_15,4,Champions,24.6331,12.293,6.1514,6.3934,14.652,4.773,-0.5036,5.5181,-0.2415,0,-0.2518
d56faa05a616c009,weekend_20,0,Loyal,1.4551,0.8769,0.5372,0.4138,0.9971,0.4902,-0.1481,0.0322,0.6062,0,-0.0741
d5828a6fbc83fe42,spend_10,3,Champions,0.8552,11.0858,8.918,2.0297,8.6102,1.751,0.2761,0.0,1.4749,0,0.138
d58374f580dd651e,spend_10,5,Loyal,2.993,3.9472,2.6707,1.1763,2.3584,0.6444,0.2004,0.0,0.4439,0,0.1002
d59d8b159ecfe185,free_trip,3,Occasional,0.783,10.7286,8.543,1.9369,2.2998,1.2639,0.4975,0.5176,0.2488,0,0.2488
d5a281f1341a24fe,spend_10,5,Loyal,3.1437,1.422,0.6026,0.7781,1.8572,0.6053,0.0826,0.0,0.5227,0,0.0413
d5aaf8068bd619fc,free_trip,2,Dormant,0.5308,10.4528,8.3528,1.845,1.2035,1.5423,0.5101,0.5955,0.4368,0,0.255
d5c0e66d253cffbc,free_trip,3,Dormant,0.614,11.6114,9.2886,2.0566,1.6319,1.7192,0.5325,0.7797,0.407,0,0.2663
d5c1869903091cb1,free_trip,1,Dormant,0.6274,11.8734,9.4676,2.0966,1.3845,1.7526,0.6185,0.7076,0.4265,0,0.3093
d5cdd47415c2209c,free_trip,0,Dormant,0.5652,10.6306,8.4793,1.8784,1.8338,1.5702,0.5459,0.6711,0.3531,0,0.273
d5d356399f7e2269,spend_10,4,Loyal,2.4869,2.8586,1.904,0.9119,2.381,0.6338,0.0852,0.0,0.5485,0,0.0426
d5d943a5a4224c39,spend_10,5,Champions,1.914,2.3409,1.5102,0.7111,3.6925,0.3523,0.2393,0.0,0.113,0,0.1196
d5dbfb0144e08dfa,free_trip,3,At risk,0.6214,15.2921,12.3847,2.7012,3.4892,1.4297,0.4127,0.7065,0.3105,0,0.2063
d5e67f96a6863c04,spend_10,2,Champions,2.0021,1.9063,1.2021,0.6655,2.0713,0.5663,0.0775,0.0,0.4888,0,0.0388
d5fa02821d8de6c4,free_trip,4,Dormant,0.6462,12.0317,9.5921,2.1263,1.7686,1.7775,0.6266,0.7816,0.3693,0,0.3133
d60c713cafd13a75,free_trip,3,Occasional,0.4808,12.1159,9.7573,2.1263,4.2243,0.9485,0.4645,0.2988,0.1852,0,0.2323
d60ddfe0c7706bdb,free_trip,2,Dormant,0.5485,10.8146,8.6377,1.9078,1.5737,1.5948,0.5381,0.6843,0.3724,0,0.2691
d60eb0ac07d5ba76,free_trip,3,Dormant,0.6928,12.4615,9.9394,2.2081,1.3043,1.8459,0.628,0.7981,0.4198,0,0.314
d620f9b5be5e5a2f,weekend_20,5,Occasional,3.004,2.0638,1.263,0.8862,2.8038,0.3116,-0.1708,0.0592,0.4233,0,-0.0854
d62c23e44ed9bc82,free_trip,5,Dormant,0.5511,10.7566,8.5828,1.897,1.5188,1.5858,0.5537,0.6243,0.4078,0,0.2768
d6368be24e26a331,spend_10,2,Champions,1.7493,3.546,2.5707,0.8972,4.2314,0.4294,0.1563,0.0,0.2731,0,0.0782
d646733dac642881,weekend_20,3,Champions,15.9984,10.0249,5.5127,4.4675,7.7727,3.5088,0.0894,0.1073,3.3121,0,0.0447
d6629746c38256a6,spend_10,2,Champions,1.3897,7.4105,5.8296,1.4993,7.3947,1.4614,0.1631,0.0,1.2983,0,0.0815
d666409a01e0e402,offpeak_pass,2,Occasional,0.5252,0.7206,0.5168,0.2164,1.3692,0.183,-0.0252,0.2137,-0.0056,0,-0.0126
d669b5f05f2789ac,free_trip,5,Dormant,1.0864,11.3788,9.0127,2.0974,1.8202,1.7533,0.5374,0.8163,0.3996,0,0.2687
d66c3bd3b7003611,free_trip,0,Dormant,0.5127,10.1148,8.0759,1.7837,0.816,1.4911,0.5103,0.5788,0.4019,0,0.2552
d66fd54fdb83ac17,spend_10,1,Champions,1.163,3.4667,2.4789,0.7564,4.2007,0.4633,0.4629,0.0,0.0004,0,0.2315
d679ae289dac09ae,free_trip,5,Dormant,0.5916,10.0752,8.0587,1.7965,1.0654,1.5018,0.4399,0.6329,0.429,0,0.2199
d685e2c13bbeef67,free_trip,0,At risk,0.5442,14.574,11.7893,2.5615,2.697,1.3356,0.4464,0.6364,0.2529,0,0.2232
d69af9b6574406d2,free_trip,3,Dormant,0.5041,10.1331,8.1025,1.7875,0.9386,1.4942,0.4862,0.6327,0.3753,0,0.2431
d6a510708c05251c,spend_10,3,Champions,2.1634,6.6284,5.0601,1.5002,6.0446,1.083,0.1363,0.0,0.9466,0,0.0682
d6b64106b527ad10,free_trip,5,At risk,0.7204,12.7427,10.2227,2.2727,1.4741,1.4501,0.4946,0.6162,0.3393,0,0.2473
d6b73bf19f803bb5,free_trip,1,Dormant,0.5032,9.9656,7.965,1.7587,1.5534,1.4702,0.4838,0.6592,0.3272,0,0.2419
d6b89608b07a5376,free_trip,1,Dormant,0.4857,9.8874,7.8569,1.7326,1.525,1.4484,0.5956,0.4989,0.3539,0,0.2978
d6b95199009451ee,free_trip,4,Occasional,0.7542,10.1549,8.0743,1.8335,1.3795,1.1622,0.4941,0.4759,0.1923,0,0.247
d6babe8060db5748,spend_10,3,Champions,2.0483,1.09,0.5035,0.53,1.6592,0.2631,0.1129,0.0,0.1502,0,0.0564
d6bf97e403d94777,free_trip,2,At risk,0.9044,10.3879,8.2352,1.8981,2.3578,1.2101,0.5089,0.4925,0.2087,0,0.2545
d6c3ab596f634997,weekend_20,0,Loyal,1.233,1.2767,0.8759,0.438,1.7975,0.4092,-0.0744,0.0911,0.3925,0,-0.0372
d6e3ebab874c242b,spend_10,0,Champions,1.6865,1.2683,0.6689,0.4892,2.9719,0.3489,0.2204,0.0,0.1285,0,0.1102
d6e437a74b625094,spend_10,2,Champions,0.8734,5.8347,4.5432,1.1249,3.5387,0.7035,0.3331,0.0,0.3704,0,0.1665
d6f2d37b4fffb9fc,free_trip,4,Dormant,0.4917,9.8686,7.8833,1.7394,1.4554,1.454,0.4918,0.6245,0.3377,0,0.2459
d727eb29340f28a8,spend_10,5,Champions,2.3778,2.932,1.9805,0.9051,2.37,0.7077,0.0929,0.0,0.6149,0,0.0464
d7515b689dd14f2e,free_trip,1,Occasional,0.6579,13.3624,10.7677,2.3729,3.0355,1.1526,0.4437,0.4961,0.2129,0,0.2218
d76c9bfc116d5fef,spend_10,2,Champions,1.6812,3.4538,2.5015,0.8687,10.632,0.3865,0.1672,0.0,0.2194,0,0.0836
d792162025209b84,spend_10,4,Champions,1.7511,2.0946,1.3682,0.6478,1.7857,0.4928,0.1571,0.0,0.3357,0,0.0786
d797bd3e2293ff54,free_trip,3,Dormant,0.5596,10.5434,8.4171,1.8643,2.5339,1.5585,0.5241,0.6683,0.366,0,0.262
d79e546cedaaa0b9,free_trip,2,At risk,0.5402,10.1937,8.0972,1.7939,1.6308,1.4157,0.6051,0.5628,0.2477,0,0.3026
d7b580959172e7d0,free_trip,4,At risk,1.3864,18.1671,14.5854,3.3171,3.2641,1.5344,0.5293,0.615,0.39,0,0.2647
d7bd4387e8dd0a37,free_trip,0,Dormant,0.5497,10.4756,8.3669,1.8518,0.7622,1.548,0.5137,0.662,0.3723,0,0.2569
d7be21a20e8c839c,free_trip,3,Dormant,0.544,10.7857,8.6229,1.9038,1.7729,1.5915,0.518,0.734,0.3394,0,0.259
d7c79f5f7aa1b465,spend_10,1,Champions,0.6897,0.9807,0.6046,0.2688,2.7972,0.3554,0.2147,0.0,0.1407,0,0.1074
d7c9c1a6f9a45c22,free_trip,3,Occasional,0.8448,11.6631,9.2122,2.0887,2.2325,1.5806,0.7245,0.5647,0.2915,0,0.3623
d7cad59d4c9ed0cd,spend_10,3,Champions,1.1227,8.2275,6.5816,1.6001,2.866,1.374,0.0915,0.0,1.2825,0,0.0457
d7d109e5ce009b3a,spend_10,1,Champions,1.9357,1.857,1.1699,0.645,2.601,0.7005,0.0843,0.0,0.6163,0,0.0421
d7fb915c3251dc01,weekend_20,2,Loyal,1.6241,1.5505,0.9774,0.5403,1.181,0.6617,0.0656,0.0101,0.5859,0,0.0328
d8117aa7feeb493d,free_trip,4,Dormant,0.6391,11.9479,9.5478,2.1157,1.2998,1.7686,0.5687,0.7961,0.4037,0,0.2844
d8364d8a3cbb9bbe,free_trip,4,Dormant,0.6761,10.5565,8.4001,1.885,0.9324,1.5757,0.5428,0.6745,0.3584,0,0.2714
d8409a1f873f8ddc,free_trip,2,Dormant,0.4953,9.8839,7.8948,1.7425,2.3582,1.4566,0.4934,0.6066,0.3566,0,0.2467
d84ee6d9f0433631,free_trip,3,Dormant,0.5195,10.2407,8.1925,1.8094,1.4705,1.5125,0.4776,0.7092,0.3256,0,0.2388
d85774b7fb357fc1,free_trip,2,Dormant,0.491,9.9105,7.8477,1.7318,2.03,1.4477,0.6618,0.4547,0.3311,0,0.3309
d85de5431b5be8b4,spend_10,5,Loyal,2.9272,3.602,2.4751,1.122,3.0082,0.6395,0.0099,0.0,0.6297,0,0.0049
d863b36fef96b297,free_trip,2,Dormant,0.5286,10.5462,8.4367,1.8619,1.4638,1.5565,0.4952,0.683,0.3783,0,0.2476
d8724b0e8ac943ec,offpeak_15,5,Champions,23.1844,17.7449,10.6774,7.0325,7.7531,5.7085,0.07,5.6723,-0.0338,0,0.035
d8a5bcb106692045,spend_10,1,Champions,2.4748,2.4137,1.5445,0.8348,3.4588,0.6871,0.0689,0.0,0.6183,0,0.0344
d8a79a0982531abd,spend_10,5,Champions,1.8124,3.6174,2.6557,0.9279,2.2865,0.6774,0.0676,0.0,0.6098,0,0.0338
d8a9fcdabaecda8f,spend_10,0,Champions,3.4968,4.1018,2.7582,1.2991,2.2868,0.8463,0.089,0.0,0.7572,0,0.0445
d8cc3e89e5192c94,spend_10,5,Champions,2.4404,4.147,2.9601,1.1216,3.8708,0.8624,0.1306,0.0,0.7318,0,0.0653
d902dd0ab6052b75,spend_10,0,Loyal,2.8863,1.5054,0.7128,0.7475,1.9858,0.5085,0.0901,0.0,0.4184,0,0.045
d93841ad4c6aaf07,free_trip,4,Dormant,0.4967,9.8664,7.8883,1.7414,1.1671,1.4557,0.4733,0.6568,0.3256,0,0.2366
d93c8bd6112c32b9,offpeak_pass,5,Loyal,0.3676,0.4225,0.3377,0.1465,1.564,0.1154,-0.1233,0.2387,0.0,0,-0.0616
d966b52c5ff89caf,spend_10,2,Champions,1.8689,2.3183,1.5625,0.7126,3.3228,0.7364,0.0863,0.0,0.6501,0,0.0431
d976052a86054189,free_trip,0,Dormant,0.5195,10.1482,8.0432,1.7784,2.5134,1.4866,0.6532,0.4248,0.4086,0,0.3266
d991329b2a17359c,free_trip,3,At risk,0.7106,10.5017,8.3664,1.8851,1.8785,1.1509,0.5003,0.4237,0.2269,0,0.2502
d992948e89c73af6,free_trip,4,Dormant,0.5557,10.7152,8.5558,1.8923,1.6663,1.5819,0.5341,0.6946,0.3531,0,0.267
d994945130278237,offpeak_15,5,Champions,9.9718,4.3667,1.9325,2.4723,4.1397,1.9081,-0.0762,1.9707,0.0136,0,-0.0381
d99a67f288121697,free_trip,5,At risk,0.4126,10.0166,8.049,1.7573,2.5187,1.062,0.4206,0.3585,0.2829,0,0.2103
d9b08b8ae83cdae6,spend_10,4,Champions,2.376,4.0787,2.7863,1.0721,7.1646,0.5444,0.4406,0.0,0.1038,0,0.2203
d9b60b1fe87f720d,weekend_20,0,Occasional,3.735,2.5643,1.5415,1.0959,2.5217,0.3208,-0.1462,-0.1047,0.5716,0,-0.0731
d9b941dab1d1630b,weekend_20,3,Occasional,1.5572,1.5966,1.0815,0.548,2.2251,0.5338,-0.0658,-0.1025,0.7021,0,-0.0329
d9bff2ad8d86e12b,free_trip,3,Dormant,0.7835,12.8715,10.2667,2.2949,2.5914,1.9184,0.6197,0.8755,0.4232,0,0.3099
d9c2bb8c09f2f9f6,offpeak_15,5,Occasional,2.3311,1.637,0.9733,0.6863,2.2695,0.2486,-0.045,0.3348,-0.0413,0,-0.0225
d9dbef26f7275e0c,free_trip,3,Dormant,0.5508,10.5185,8.3998,1.8589,1.4978,1.5539,0.5196,0.6736,0.3606,0,0.2598
d9dd337ce04bad2a,free_trip,5,Dormant,0.5645,10.9008,8.7069,1.9255,1.8568,1.6096,0.5368,0.738,0.3348,0,0.2684
d9e3be5169ed66f5,free_trip,4,Dormant,0.5538,10.708,8.559,1.8926,1.7671,1.5821,0.5128,0.7257,0.3435,0,0.2564
d9ef60d2b322abf9,free_trip,1,Dormant,0.4894,9.9395,7.897,1.7417,2.151,1.456,0.6015,0.4819,0.3726,0,0.3008
d9f2db875deca43e,spend_10,2,Loyal,2.2597,4.8105,3.5468,1.2059,3.6457,0.5164,0.1157,0.0,0.4008,0,0.0578
da1d1e417b2e633f,offpeak_15,0,Champions,17.201,10.7057,5.8717,4.7918,4.6301,4.3951,0.0843,4.4507,-0.1399,0,0.0422
da5f249d54514d42,free_trip,2,Dormant,0.5264,10.3673,8.2936,1.8318,1.4764,1.5312,0.4838,0.6882,0.3592,0,0.2419
da657a4e2a580b65,free_trip,1,Dormant,0.5027,10.0818,8.0601,1.7783,1.0828,1.4866,0.4868,0.6332,0.3666,0,0.2434
da714541ea72613c,free_trip,4,Occasional,0.8008,10.4167,8.2365,1.8769,1.2564,1.7263,0.6067,0.7931,0.3265,0,0.3033
da897a9cc44dffd0,spend_10,2,Champions,1.882,3.2144,2.306,0.8698,2.7235,0.7288,0.0772,0.0,0.6516,0,0.0386
da9ae2446835f4ef,free_trip,3,Dormant,0.5255,10.3222,8.259,1.8244,1.3817,1.5251,0.4776,0.6882,0.3592,0,0.2388
daaa07dc1fd48c87,spend_10,4,Champions,2.3318,10.1549,7.9625,2.1379,7.7737,0.8837,0.1091,0.0,0.7747,0,0.0545
dab2b96731183a17,free_trip,1,Dormant,0.5266,10.3597,8.2899,1.831,1.342,1.5306,0.4776,0.7092,0.3438,0,0.2388
daddda5366f04804,weekend_20,4,Occasional,0.9667,1.077,0.7479,0.3561,2.0276,0.4108,-0.0539,0.0936,0.3711,0,-0.027
dae21bddf32bbb54,weekend_20,1,Dormant,0.7186,0.6616,0.4274,0.238,0.4542,0.1989,-0.0076,-0.0104,0.217,0,-0.0038
daf4e2f52749e227,spend_10,5,Champions,1.7634,8.8577,7.0087,1.8218,5.1893,1.3057,0.0544,0.0,1.2514,0,0.0272
dafd925907a3d3ac,free_trip,5,Dormant,0.4922,9.8946,7.8959,1.7421,1.6727,1.4563,0.5133,0.6184,0.3246,0,0.2566
db11d07d63cbc874,free_trip,3,Dormant,0.5783,11.2283,8.9482,1.9785,1.6546,1.6539,0.6031,0.6714,0.3794,0,0.3016
db14699d3d7fea0a,spend_10,2,Champions,2.4455,2.1442,1.3146,0.7809,2.5558,0.7092,0.0974,0.0,0.6118,0,0.0487
db159769b56fcd43,spend_10,1,Champions,2.6824,2.5865,1.6525,0.9003,2.0522,0.7517,0.0675,0.0,0.6843,0,0.0337
db218dd6a545afbf,free_trip,5,At risk,1.5525,16.6117,13.287,3.0819,1.7444,1.3408,0.4856,0.6536,0.2017,0,0.2428
db23b7b228243699,free_trip,0,Dormant,0.5126,10.2809,8.2069,1.8109,1.8844,1.5138,0.5262,0.6232,0.3644,0,0.2631
db2d99e5612a2688,free_trip,5,Dormant,0.5662,10.925,8.7289,1.9304,1.854,1.6137,0.5312,0.7287,0.3539,0,0.2656
db364e1a7748e141,free_trip,1,Dormant,1.0402,12.5468,9.9246,2.2772,1.6704,1.9036,0.69,0.8188,0.3948,0,0.345
db3748f7af49188f,spend_10,0,Champions,1.7112,2.9944,2.0363,0.7783,5.7804,0.3769,0.3595,0.0,0.0173,0,0.1798
db4a3086a30ed484,weekend_20,0,Dormant,0.6933,0.5858,0.3685,0.2205,0.3263,0.1843,-0.0064,-0.0085,0.1992,0,-0.0032
db9f73454bea8385,spend_10,3,Champions,0.6696,1.8323,1.2865,0.4063,3.4612,0.2034,0.2791,0.0,-0.0757,0,0.1396
dbad3e968f4ade5c,free_trip,3,Dormant,0.5137,10.2402,8.2126,1.8123,1.2025,1.515,0.4305,0.7195,0.365,0,0.2153
dbaf41c6799bc01b,free_trip,0,Dormant,0.662,12.1534,9.7013,2.1523,1.7416,1.7992,0.5996,0.8189,0.3806,0,0.2998
dbc44e9f00fe8c0e,free_trip,2,Dormant,0.5995,11.1894,8.9258,1.9783,1.8313,1.6537,0.5706,0.7128,0.3703,0,0.2853
dbc765226a0c4acb,free_trip,5,Dormant,0.5413,10.6037,8.4626,1.87,1.2723,1.5632,0.5422,0.6468,0.3742,0,0.2711
dbd185a43f5bc7db,free_trip,3,Dormant,0.5451,10.5595,8.4204,1.862,1.8503,1.5565,0.5542,0.6564,0.3459,0,0.2771
dbd8493a4f791296,free_trip,3,At risk,1.0219,11.4768,9.116,2.1055,1.2248,1.6673,0.5106,0.7771,0.3796,0,0.2553
dbef26d8bc49bd21,weekend_20,2,Occasional,1.0115,0.8878,0.5677,0.328,0.5815,0.6411,-0.0158,-0.0155,0.6724,0,-0.0079
dbf7d0ee1de0e26d,free_trip,1,At risk,0.807,11.0069,8.7233,1.9793,2.0307,1.5134,0.6084,0.5785,0.3265,0,0.3042
dc3203f40292681b,free_trip,2,Dormant,0.5331,10.5668,8.432,1.8619,0.9566,1.5564,0.5457,0.5739,0.4368,0,0.2729
dc3b4dec52591bf8,free_trip,5,Occasional,0.8833,11.6404,9.2848,2.1117,2.452,1.2959,0.4878,0.5641,0.244,0,0.2439
dc3b519d1e6f2575,free_trip,4,Dormant,0.5011,10.0102,7.9839,1.7622,1.0444,1.4731,0.5282,0.5873,0.3576,0,0.2641
dc4497f3b2020da0,weekend_20,0,Occasional,2.3921,1.9832,1.2542,0.7573,2.5559,0.3128,-0.0566,-0.0684,0.4377,0,-0.0283
dc498dbfa8fc40de,spend_10,1,Loyal,3.2983,2.6655,1.6211,1.0217,2.9167,0.4418,0.0454,0.0,0.3963,0,0.0227
dc5f11c8aea71236,free_trip,2,Dormant,0.5092,10.0443,8.0084,1.769,0.6099,1.4787,0.5337,0.5727,0.3723,0,0.2669
dc696e199f40ee9c,free_trip,5,Dormant,0.5357,10.4827,8.3648,1.8485,1.5453,1.5452,0.5388,0.6921,0.3143,0,0.2694
dc71702d02974ca0,spend_10,1,Champions,2.516,1.578,0.8355,0.6961,1.6983,0.7072,0.0929,0.0,0.6144,0,0.0464
dc8b36c6c2bc284b,free_trip,3,At risk,0.6128,16.3563,13.2786,2.885,3.7115,1.3279,0.3854,0.643,0.2995,0,0.1927
dca62d4fd499b80d,free_trip,4,Occasional,1.275,12.3729,9.7523,2.2902,1.7331,1.7833,0.6609,0.7346,0.3879,0,0.3304
dcba9daf24517204,free_trip,3,At risk,1.0097,16.0801,12.9324,2.8956,2.556,1.5219,0.5044,0.6914,0.3261,0,0.2522
dcbbbe9311bd081e,free_trip,0,Dormant,0.5606,10.9594,8.7639,1.9366,1.7975,1.6188,0.518,0.7284,0.3724,0,0.259
dcbf28e55bf048c7,free_trip,3,Dormant,0.5304,10.4411,8.3305,1.8403,1.8388,1.5384,0.5406,0.599,0.3988,0,0.2703
dcc65000c9c98312,free_trip,5,Dormant,0.5445,10.7314,8.5723,1.8934,1.0188,1.5828,0.5313,0.6957,0.3557,0,0.2657
dce29c0a0b4bbe97,spend_10,1,Loyal,0.6851,0.6455,0.3777,0.2207,0.6666,0.2747,0.0941,0.0171,0.1634,0,0.0471
dcebe459f60e2c85,free_trip,3,Dormant,1.3136,11.5475,9.0938,2.1614,1.713,1.8068,0.5846,0.8311,0.391,0,0.2923
dcefc3436deadc3f,free_trip,4,Dormant,1.0905,11.6818,9.2553,2.1487,2.097,1.7961,0.5557,0.8128,0.4277,0,0.2778
dcfbbd342dcc6e36,free_trip,0,Dormant,0.5971,11.2892,9.0341,2.0002,2.5224,1.6721,0.5097,0.8137,0.3486,0,0.2549
dd1756f05021ea6e,free_trip,3,Dormant,0.5429,10.0745,8.068,1.7883,1.4635,1.4949,0.4363,0.7331,0.3256,0,0.2181
dd1dd7922287efbc,free_trip,3,At risk,0.9421,14.5624,11.6711,2.6195,2.5531,1.6445,0.5435,0.6967,0.4042,0,0.2718
dd2ab7e954f17e9b,free_trip,3,Dormant,0.5079,10.127,8.09,1.7856,1.816,1.4927,0.5028,0.6383,0.3516,0,0.2514
dd2b7d45cca55b15,spend_10,5,Champions,2.1125,3.4648,2.4531,0.9482,2.0651,0.765,0.127,0.0,0.638,0,0.0635
dd3740db7f4c7ec3,spend_10,4,Champions,1.0517,7.821,6.2233,1.5109,5.9607,1.1561,0.1736,0.0,0.9825,0,0.0868
dd3a6c7cb604f896,spend_10,4,Loyal,0.4444,0.6724,0.4403,0.1837,0.8178,0.2734,0.0967,0.019,0.1578,0,0.0483
dd40012e1d0657ca,offpeak_15,4,Champions,8.5272,4.4425,2.1856,2.2249,3.4606,1.9555,0.0642,1.844,0.0473,0,0.0321
dd466c8eca44815e,free_trip,2,Dormant,0.5506,10.6474,8.5155,1.8829,2.1021,1.574,0.498,0.6996,0.3764,0,0.249
dd6cc8c0f13298ff,free_trip,4,Dormant,0.5393,10.5747,8.4447,1.8658,1.0388,1.5597,0.5284,0.6909,0.3405,0,0.2642
dd815439a90047ad,free_trip,3,Dormant,0.5457,10.5127,8.3858,1.8549,1.2715,1.5506,0.5439,0.6293,0.3774,0,0.272
dd9a309dfa46b5ee,spend_10,4,Champions,2.5527,2.6594,1.7249,0.8884,3.9344,0.3247,0.0923,0.0,0.2324,0,0.0461
dd9ce35c90e6dca7,free_trip,5,Dormant,0.5841,11.2644,8.9855,1.9875,1.889,1.6614,0.5827,0.6651,0.4136,0,0.2914
dd9ff8cc7372ff45,spend_10,5,Champions,2.7403,3.8786,2.6978,1.1294,2.3014,0.6488,0.1028,0.0,0.5459,0,0.0514
ddd0c7e303737ed9,spend_10,1,Champions,1.8958,8.8191,6.9231,1.8315,5.7489,0.7308,0.129,0.0,0.6019,0,0.0645
ddd53bd31114a58e,free_trip,5,Dormant,0.5242,10.3792,8.281,1.8287,1.4513,1.5287,0.5391,0.6201,0.3694,0,0.2696
ddd631e77196d7de,free_trip,4,At risk,0.8338,18.0446,14.617,3.2089,3.1086,1.4128,0.4375,0.7542,0.2211,0,0.2187
ddeedfccbda446cb,weekend_20,1,Loyal,1.1945,0.7246,0.4286,0.3371,0.6707,0.432,-0.0821,0.1323,0.3818,0,-0.0411
de33b17aee060cb6,offpeak_pass,2,Loyal,0.4827,0.4427,0.2974,0.162,1.1155,0.2126,-0.0333,0.266,-0.02,0,-0.0167
de432dac37c6aad0,offpeak_pass,2,Loyal,0.4048,0.4999,0.3556,0.1579,0.7392,0.1909,-0.0273,0.2417,-0.0235,0,-0.0136
de56679ebfa5c005,free_trip,4,Dormant,0.5285,10.4397,8.3326,1.8403,1.0666,1.5384,0.5335,0.5915,0.4134,0,0.2668
de62bd278c78c8b5,spend_10,1,Champions,2.0662,4.5749,3.4022,1.1357,3.1117,0.934,0.0739,0.0,0.86,0,0.037
de69ff4e220d59c6,free_trip,0,At risk,1.0557,18.3715,14.8329,3.2998,3.2915,1.49,0.4777,0.6945,0.3178,0,0.2389
de8f316f42e8e85d,free_trip,1,Dormant,0.4982,9.9591,7.9553,1.7556,1.3115,1.4676,0.4964,0.5916,0.3796,0,0.2482
de949a9c205aae8a,free_trip,0,Dormant,0.5683,11.0768,8.843,1.9546,1.1776,1.6339,0.5584,0.7097,0.3658,0,0.2792
deb61d155026ee4f,free_trip,3,Dormant,0.588,11.2384,8.9964,1.9905,2.8724,1.664,0.5029,0.8183,0.3427,0,0.2515
debd5d4522970da5,spend_10,2,Champions,1.8692,3.5172,2.4502,0.8971,6.7892,0.4694,0.3399,0.0,0.1295,0,0.17
dec30b6e8815e1b9,spend_10,5,Loyal,3.3808,2.397,1.3761,0.9879,4.9542,0.4847,0.0657,0.0,0.419,0,0.0329
dec426171b058e31,spend_10,3,Loyal,2.461,1.4012,0.6894,0.6543,1.86,0.6776,0.115,0.0,0.5626,0,0.0575
decb5257c6d596bd,free_trip,1,Dormant,0.533,10.3196,8.2312,1.8202,0.8475,1.5216,0.5366,0.5925,0.3925,0,0.2683
dee5150c37df3a2f,spend_10,5,Champions,2.6275,4.3094,3.0662,1.1825,3.3714,0.6618,0.1213,0.0,0.5405,0,0.0607
df14d7c5b65cfd7b,spend_10,0,Champions,2.1648,2.346,1.5322,0.7678,1.9772,0.8286,0.0921,0.0,0.7365,0,0.0461
df1fb8dcec36b0cf,spend_10,5,Loyal,2.1193,1.2067,0.5819,0.561,2.2156,0.2592,0.1277,0.0,0.1315,0,0.0638
df49b794f20d2a1e,spend_10,3,Champions,1.125,18.6045,14.75,3.297,6.2003,2.4041,1.1151,0.0,1.289,0,0.5575
df4c0964d0011faa,free_trip,0,Dormant,0.523,10.2672,8.2175,1.8153,1.2303,1.5174,0.4689,0.702,0.3466,0,0.2345
df534b1b7c383310,weekend_20,0,Occasional,1.6492,1.4617,0.9658,0.5431,0.9537,0.2223,-0.0944,-0.0143,0.331,0,-0.0472
df54fe32b1b27471,spend_10,2,Champions,2.0256,4.368,3.1933,1.0839,3.5229,0.6929,0.1817,0.0,0.5112,0,0.0908
df5df7dbc3deb700,spend_10,0,Champions,0.8135,7.8251,6.2567,1.4684,7.0987,1.5414,0.2001,0.0,1.3413,0,0.1
df5e505313f9dba0,spend_10,5,Loyal,2.6444,6.3178,4.7033,1.526,3.352,0.7502,0.1771,0.0,0.5732,0,0.0885
df630ac756878d03,spend_10,4,Champions,0.9278,0.9594,0.5558,0.3081,4.6893,0.2459,0.1911,0.0,0.0548,0,0.0955
df72ec8689a7bfb4,free_trip,0,At risk,0.4383,16.3075,13.2677,2.8465,4.2907,1.0211,0.3866,0.3679,0.2665,0,0.1933
df858cb75ec28c54,spend_10,2,Loyal,2.5312,2.2945,1.4158,0.8197,2.4725,0.7037,0.1179,0.0,0.5858,0,0.059
df923e39a2eb20cb,free_trip,2,Dormant,0.6429,11.9284,9.5306,2.1129,1.661,1.7662,0.5699,0.8169,0.3794,0,0.285
df9988644369836d,offpeak_pass,0,Loyal,0.5654,0.9796,0.7275,0.2685,1.045,0.283,-0.033,0.3159,0.0,0,-0.0165
dfa596d514d739b4,free_trip,1,Dormant,0.5023,10.0011,7.9311,1.7515,1.6046,1.4641,0.6369,0.4635,0.3637,0,0.3185
dfb72c71bbb34b5e,free_trip,5,Dormant,0.5381,10.5367,8.4016,1.8566,1.0013,1.552,0.5571,0.6585,0.3364,0,0.2785
dfe264f19f032e18,spend_10,4,Champions,1.3536,5.361,4.015,1.115,3.6016,0.553,0.4621,0.0,0.0909,0,0.231
dfe9a72af003b3db,free_trip,0,Dormant,0.544,10.5467,8.4361,1.865,1.2822,1.559,0.4912,0.7315,0.3363,0,0.2456
e01130bb2ce99a6f,free_trip,1,Dormant,0.5056,10.0491,8.0298,1.7727,1.4525,1.4818,0.4934,0.6251,0.3633,0,0.2467
e0240204a0148eff,free_trip,4,Occasional,0.8221,15.5628,12.5164,2.7702,3.5933,1.2274,0.5525,0.4722,0.2027,0,0.2763
e02f59ff16f63322,free_trip,0,Dormant,0.526,10.393,8.3091,1.8349,2.973,1.5339,0.498,0.6431,0.3928,0,0.249
e032e9a7956a7472,offpeak_15,0,At risk,0.8168,0.6591,0.4123,0.2553,1.1318,0.096,-0.017,0.1261,-0.0131,0,-0.0085
e034ac5549ccf05e,free_trip,3,At risk,0.7641,11.9926,9.5444,2.1409,1.9453,1.4421,0.6147,0.5562,0.2711,0,0.3074
e042e7343eee3a18,free_trip,1,Dormant,0.4948,9.9003,7.9173,1.747,1.1717,1.4604,0.472,0.5916,0.3968,0,0.236
e043d508f875aad4,free_trip,2,Dormant,0.8559,13.6407,10.8469,2.4305,1.8916,2.0317,0.7267,0.8565,0.4485,0,0.3634
e046c00034d1d81f,free_trip,2,Dormant,0.499,9.9263,7.9201,1.7485,1.6463,1.4616,0.5155,0.5535,0.3926,0,0.2578
e04759aa594b4dc4,free_trip,5,Dormant,0.4973,9.8967,7.909,1.7459,1.1076,1.4594,0.4838,0.6495,0.3261,0,0.2419
e04854db93e95323,free_trip,4,At risk,0.6067,10.2392,8.2139,1.8319,2.6799,0.8524,0.3868,0.3455,0.1202,0,0.1934
e04980d9b7ebe5db,free_trip,2,Dormant,0.527,10.4821,8.3759,1.849,1.5792,1.5456,0.5144,0.672,0.3592,0,0.2572
e04b07a45f9fce4f,spend_10,5,Loyal,3.675,2.6308,1.518,1.0785,3.2547,0.5112,0.0686,0.0,0.4426,0,0.0343
e05c2ae3de9522cc,spend_10,2,Loyal,2.2923,1.5074,0.8005,0.6423,2.8051,0.6592,0.1292,0.0,0.5301,0,0.0646
e05cec8f1e7521cf,free_trip,2,Dormant,0.498,9.9663,7.9536,1.7553,1.1789,1.4673,0.5149,0.6253,0.3272,0,0.2574
e0644fd9349cca57,free_trip,5,Dormant,0.565,10.8075,8.6321,1.9101,1.6843,1.5967,0.5307,0.719,0.347,0,0.2654
e0647a4077bcb195,free_trip,3,Dormant,0.5426,10.6365,8.485,1.8749,1.7931,1.5673,0.5531,0.6551,0.3591,0,0.2765
e06b4f276a189242,free_trip,2,Dormant,0.5928,11.229,8.9742,1.9869,1.2794,1.6609,0.5358,0.7517,0.3734,0,0.2679
e06f3e91484ba3c6,free_trip,4,Dormant,0.6017,11.541,9.2197,2.0397,1.504,1.7051,0.5632,0.7515,0.3904,0,0.2816
e0752b50f096da03,free_trip,2,Dormant,0.556,10.8372,8.6469,1.9113,1.4129,1.5977,0.5582,0.6787,0.3608,0,0.2791
e07d0ccf0de26d08,weekend_20,2,Occasional,1.3836,0.7915,0.4513,0.3811,2.1799,0.1027,-0.0818,-0.1052,0.2897,0,-0.0409
e088cc39b0b44eb1,offpeak_15,0,Loyal,6.0843,2.62,1.1599,1.5045,4.0368,0.8732,-0.0888,0.9907,-0.0287,0,-0.0444
e08b5aa4d8d3b31b,free_trip,1,Dormant,0.6662,11.9734,9.5166,2.1148,2.4247,1.7678,0.6841,0.6375,0.4462,0,0.342
e0a6172c5673103e,free_trip,0,Dormant,0.6319,11.8147,9.4333,2.0904,1.3261,1.7474,0.5819,0.7669,0.3986,0,0.2909
e0a84f0cc3151497,offpeak_15,5,Champions,18.3519,10.5718,5.6539,4.9856,8.7399,3.9749,-0.1353,4.2087,-0.0985,0,-0.0677
e0b00f0dfc1712e1,spend_10,5,Champions,2.3345,1.5946,0.8596,0.6634,3.37,0.3699,0.1433,0.0,0.2266,0,0.0717
e0bcca753cdebcb6,free_trip,3,Dormant,0.5386,10.5427,8.4154,1.8596,1.8395,1.5545,0.5354,0.6002,0.4189,0,0.2677
e0cf7c3eb80f12e9,offpeak_15,3,At risk,0.7155,0.7421,0.4959,0.2516,0.8012,0.1608,-0.0107,0.1817,-0.0102,0,-0.0054
e0d0dfd1fb24942e,free_trip,4,Occasional,0.9449,10.739,8.5119,1.964,2.26,1.1262,0.526,0.3811,0.2191,0,0.263
e0dda351d48d2570,spend_10,0,Champions,1.1222,0.9281,0.5048,0.3379,4.1116,0.2396,0.1709,0.0,0.0687,0,0.0854
e0e4f6b437067389,free_trip,5,Occasional,0.8188,10.143,8.0225,1.8362,2.7294,1.0526,0.5688,0.3228,0.161,0,0.2844
e0fe8b3af7261074,spend_10,1,Champions,0.9068,3.8075,2.885,0.7875,7.4705,0.442,0.27,0.0,0.172,0,0.135
e1026e9da8804e49,free_trip,5,Dormant,0.5512,10.7272,8.5393,1.8879,1.4051,1.5782,0.5999,0.6131,0.3651,0,0.3
e10e6e7ff146490c,spend_10,4,Loyal,3.1255,3.7598,2.5337,1.1753,2.2982,0.5486,0.1016,0.0,0.447,0,0.0508
e1391a1bc6e62693,free_trip,1,Dormant,0.5148,10.1817,8.1213,1.7936,1.1926,1.4993,0.5335,0.5935,0.3723,0,0.2668
e13ce884c50e37da,free_trip,5,Dormant,0.5052,10.1034,8.0755,1.7821,1.0171,1.4897,0.4918,0.6223,0.3755,0,0.2459
e144f515aaee9c05,weekend_20,4,Champions,14.648,9.0623,4.9322,4.0665,6.0683,2.9611,0.1273,-0.1092,2.943,0,0.0636
e153833a1a2aa7c0,rush_hour_25,3,Occasional,3.5964,1.7555,0.6103,0.8737,1.2267,0.5041,0.5432,-0.0206,-0.0185,0,0.2716
e1661d6d7cc30930,free_trip,1,Dormant,0.5437,10.523,8.4012,1.8577,1.8251,1.5529,0.5282,0.6587,0.366,0,0.2641
e17ceaedbae0b88a,offpeak_15,5,Champions,10.4888,5.3079,2.7179,2.7428,5.2371,2.6906,-0.3058,3.1327,-0.1363,0,-0.1529
e182a62ffd46a257,free_trip,2,Dormant,0.5277,10.446,8.3277,1.8391,1.1262,1.5374,0.5584,0.591,0.3881,0,0.2792
e1861e129d711235,free_trip,1,Dormant,0.5121,10.2367,8.1827,1.8058,1.0362,1.5095,0.4964,0.6072,0.4059,0,0.2482
e192570312b412a7,free_trip,3,Occasional,0.9826,15.7093,12.5544,2.8114,2.7013,1.7467,0.687,0.7533,0.3064,0,0.3435
e1935ac8ac76cfdf,free_trip,5,Dormant,0.5752,10.8751,8.6672,1.9195,1.8337,1.6046,0.5768,0.6587,0.3691,0,0.2884
e1bb466827b605ac,free_trip,3,Dormant,0.4946,9.876,7.8933,1.742,1.2826,1.4562,0.4814,0.6592,0.3156,0,0.2407
e1cc42a2a2162fc3,weekend_20,0,Dormant,0.6868,0.5605,0.3492,0.2152,0.4585,0.1799,-0.0077,-0.0099,0.1975,0,-0.0039
e1d3e7a6b980b35d,spend_10,5,Champions,2.2353,7.8194,6.0407,1.7188,4.6625,0.8817,0.1197,0.0,0.762,0,0.0598
e1d6fcf06f8eb677,spend_10,5,Champions,1.5907,3.4036,2.3951,0.8278,6.1111,0.4935,0.3615,0.0,0.132,0,0.1807
e1da4ac2f724c4f5,spend_10,1,Champions,2.0938,2.8016,1.9152,0.8326,2.4613,0.7301,0.1075,0.0,0.6226,0,0.0538
e1e82a3a8df9dd94,free_trip,5,At risk,0.694,12.3932,9.9559,2.2118,2.8706,1.3837,0.4511,0.5634,0.3692,0,0.2256
e20f16b5e81454ab,offpeak_15,2,Occasional,1.4795,0.8449,0.4526,0.4013,1.8429,0.1736,-0.0178,0.2506,-0.0591,0,-0.0089
e21156f9ad7622b9,free_trip,0,Dormant,0.5927,11.2539,9.0004,1.9923,2.4612,1.6655,0.5222,0.7968,0.3465,0,0.2611
e215f1be0b621a24,spend_10,0,Loyal,2.4385,1.8332,1.0752,0.7297,1.5811,0.7296,0.0565,0.0,0.6732,0,0.0282
e21a9467ec86de7c,free_trip,2,Dormant,0.5624,10.9563,8.7495,1.9339,2.2423,1.6166,0.5457,0.7042,0.3667,0,0.2729
e22064a4a20c2d34,spend_10,1,Champions,1.4729,4.1956,3.1697,0.9642,4.1716,0.8831,0.1234,0.0,0.7597,0,0.0617
e2384c2d8c615cdf,offpeak_15,4,Champions,9.1843,3.9466,1.6568,2.2515,4.4129,1.6416,0.0766,1.732,-0.1671,0,0.0383
e243260f7c9e6214,offpeak_15,1,Champions,40.8321,45.9117,30.8769,14.8928,21.7806,13.6805,0.2839,13.3113,0.0853,0,0.142
e2564e9e7b69eb50,spend_10,2,Loyal,2.6017,3.8256,2.6814,1.0972,3.9081,0.9602,0.0939,0.0,0.8663,0,0.047
e25caa6d8f83374d,free_trip,2,Dormant,1.0701,11.8394,9.3748,2.1692,2.0985,1.8133,0.5909,0.8298,0.3926,0,0.2955
e261ec95e7487b3e,spend_10,4,Champions,1.3242,2.8145,1.9525,0.6805,4.1579,0.5629,0.3631,0.0,0.1998,0,0.1815
e27004f04a33ec48,free_trip,4,Occasional,0.8867,12.7061,10.2051,2.3036,2.5269,0.7527,0.3947,0.256,0.102,0,0.1974
e28404a7a6702b89,free_trip,0,Dormant,0.5381,10.6391,8.4924,1.8755,1.105,1.5678,0.5425,0.6072,0.4181,0,0.2712
e28641cd703481d1,free_trip,5,Dormant,0.535,10.369,8.2936,1.8336,1.3241,1.5328,0.4836,0.6956,0.3535,0,0.2418
e2922fba3336a352,spend_10,2,Champions,1.6426,1.9223,1.2303,0.5967,5.3255,0.2617,0.1907,0.0,0.071,0,0.0954
e2adcd591f59ce29,free_trip,5,Dormant,0.5062,10.1272,8.0931,1.7859,1.4227,1.4929,0.4964,0.6223,0.3742,0,0.2482
e2bdb04fb9a543a5,offpeak_15,4,Champions,14.1911,14.7476,9.7766,4.9777,7.8808,4.0376,-0.0136,4.1947,-0.1435,0,-0.0068
e2c137c08266c8c4,free_trip,3,Dormant,0.5142,10.2843,8.2218,1.8143,1.7698,1.5167,0.4964,0.6036,0.4166,0,0.2482
e2d026261b03d939,free_trip,5,Dormant,0.6159,11.56,9.2089,2.0404,1.923,1.7057,0.6214,0.6897,0.3946,0,0.3107
e2d33a3b8bf0331a,free_trip,0,Dormant,0.6643,11.9459,9.5162,2.1143,1.2215,1.7674,0.6307,0.7501,0.3866,0,0.3154
e2eb60404e4c9c50,spend_10,4,Champions,0.8119,0.9194,0.5304,0.2788,5.3853,0.2219,0.2204,0.0,0.0015,0,0.1102
e30602a6b505fd75,spend_10,0,Loyal,3.1281,1.9176,1.0185,0.8612,1.7715,0.6939,0.0758,0.027,0.5911,0,0.0379
e31a156642d171a8,free_trip,2,Dormant,0.6118,11.43,9.137,2.0247,1.6784,1.6925,0.5367,0.7951,0.3607,0,0.2684
e31eacbe8ff1b189,free_trip,3,Dormant,0.5085,10.0724,8.0551,1.7785,1.2158,1.4867,0.4776,0.6935,0.3156,0,0.2388
e3225bf7b62510b6,free_trip,3,Dormant,0.5003,9.9225,7.9323,1.7513,1.5336,1.464,0.4776,0.6592,0.3272,0,0.2388
e331d9a50b0e7076,spend_10,1,Champions,2.2645,3.9095,2.7744,1.0465,3.451,0.7712,0.1773,0.0,0.5939,0,0.0886
e33389446bcfe133,free_trip,1,Dormant,0.5884,11.3034,9.0536,2.0025,1.6926,1.674,0.4947,0.8268,0.3525,0,0.2474
e335d21987b9bc0a,free_trip,4,Dormant,0.519,10.1931,8.1378,1.7979,2.2887,1.5029,0.5146,0.601,0.3873,0,0.2573
e3377445fe715229,free_trip,1,Dormant,0.4958,9.9615,7.9502,1.7541,0.9167,1.4663,0.5144,0.6248,0.3272,0,0.2572
e34758e7657f3828,free_trip,4,At risk,0.5508,15.5741,12.6795,2.7477,3.7926,1.1734,0.2937,0.6348,0.2448,0,0.1469
e34da732e6c10473,free_trip,2,Dormant,0.5318,10.3981,8.2904,1.8322,0.9872,1.5316,0.5509,0.6084,0.3723,0,0.2755
e389dc6bce0fd77b,free_trip,3,Dormant,0.5123,10.1648,8.1133,1.7914,1.5844,1.4975,0.5202,0.6341,0.3432,0,0.2601
e38c907c493afee3,free_trip,2,Dormant,0.5117,10.2182,8.1849,1.8061,2.0699,1.5098,0.4543,0.7054,0.35,0,0.2272
e38d430b8f81af18,weekend_20,0,Loyal,2.468,1.1861,0.6201,0.6414,1.407,0.348,-0.1507,0.0041,0.4946,0,-0.0754
e3a1232d9c0263fc,spend_10,5,Loyal,2.8735,2.2939,1.3924,0.8859,3.0157,0.346,0.0313,0.0,0.3148,0,0.0156
e3aa3ed3c204699d,spend_10,0,Champions,1.3474,6.6635,5.2584,1.3719,3.5568,1.166,0.0663,0.0,1.0997,0,0.0331
e3ab47f280de7aad,free_trip,5,Dormant,0.5029,9.8954,7.8989,1.7449,1.4033,1.4587,0.5031,0.5869,0.3687,0,0.2515
e3bc4fb79f41f1e7,weekend_20,3,Dormant,0.7149,0.6726,0.4371,0.2393,0.441,0.2,-0.0076,-0.0087,0.2162,0,-0.0038
e3de9a1982d47221,free_trip,4,At risk,0.6167,10.4372,8.3176,1.8555,2.2197,1.1576,0.5283,0.4153,0.2141,0,0.2641
e3e1193a33ea5c55,spend_10,4,Champions,1.6604,4.503,3.4117,1.0534,2.4101,0.7246,0.076,0.0,0.6487,0,0.038
e3eb78faf7964f04,offpeak_15,4,Champions,32.1036,26.4401,16.346,10.0622,10.5918,7.9624,0.0638,7.9316,-0.0331,0,0.0319
e3f1a7574310a345,spend_10,4,Champions,1.7333,2.6171,1.8107,0.736,2.1797,0.7515,0.1408,0.0,0.6108,0,0.0704
e3f5550f0bcffbd0,spend_10,5,Champions,2.289,3.5053,2.3876,0.9713,4.9879,0.4809,0.2928,0.0,0.1881,0,0.1464
e407a0dfb55ce5b8,free_trip,0,Dormant,0.5479,10.6051,8.4689,1.8726,2.001,1.5654,0.5271,0.6852,0.3531,0,0.2636
e41d563283aaae90,weekend_20,1,Champions,7.742,3.1701,1.5194,1.9234,4.3867,2.0444,-0.5454,0.1069,2.483,0,-0.2727
e41da1f674920e67,spend_10,5,Champions,2.2793,1.4863,0.766,0.6325,4.415,0.3369,0.1756,0.0,0.1613,0,0.0878
e4203bb132da1448,weekend_20,2,Occasional,1.3821,0.9777,0.5868,0.4089,1.2231,0.431,-0.0359,-0.0966,0.5635,0,-0.018
e438c965664fec03,free_trip,3,At risk,0.8072,11.6252,9.2752,2.094,2.4628,1.6136,0.512,0.729,0.3727,0,0.256
e43f0a8c0f70c537,spend_10,5,Loyal,3.6155,3.5577,2.3033,1.2292,3.2132,0.7292,0.0505,0.0,0.6786,0,0.0253
e44b37eb2b7f256f,free_trip,2,At risk,0.7747,11.2248,8.9215,2.0137,1.8104,1.7014,0.5792,0.7517,0.3705,0,0.2896
e4572e57f79bc88e,offpeak_15,4,Champions,10.794,8.8868,5.5077,3.3856,6.9363,2.5728,-0.0129,2.6994,-0.1138,0,-0.0065
e45aec73820de6be,spend_10,0,Champions,2.0467,1.7998,1.1004,0.6536,2.006,0.6022,0.0917,0.0,0.5105,0,0.0458
e45edbce98308909,spend_10,4,Loyal,2.6377,4.548,3.2521,1.2232,2.6524,0.7401,0.1454,0.0,0.5947,0,0.0727
e45f36e8f87d9c51,spend_10,2,Champions,1.3302,8.3187,6.4105,1.6076,4.8497,0.8702,0.6012,0.0,0.269,0,0.3006
e471625b0f969900,spend_10,3,Champions,2.3421,1.5089,0.8019,0.653,1.7543,0.7234,0.1081,0.0,0.6153,0,0.0541
e473a871aa15e7cf,free_trip,2,Dormant,0.5586,10.77,8.5975,1.9016,1.3574,1.5896,0.5418,0.6946,0.3531,0,0.2709
e47e53ebc440b5f6,spend_10,2,Loyal,2.8988,2.0498,1.1772,0.8465,2.028,0.6694,0.0522,0.0,0.6172,0,0.0261
e4827bb3d9cb4630,free_trip,1,At risk,0.4839,13.9235,11.2429,2.4355,3.1665,1.2134,0.4901,0.4158,0.3075,0,0.245
e483060bf643e1e0,free_trip,0,At risk,0.5204,15.542,12.5913,2.7231,2.2737,1.3071,0.4553,0.5976,0.2543,0,0.2276
e487af81c949505b,spend_10,4,Loyal,2.4718,4.8492,3.5609,1.2529,4.6251,0.8465,0.0709,0.0,0.7756,0,0.0355
e4963ae93999f6cb,weekend_20,0,Loyal,2.7757,1.4427,0.7514,0.7325,1.5079,0.6029,-0.0826,-0.0611,0.7465,0,-0.0413
e4afbc18795b8fca,free_trip,3,Dormant,0.4958,9.9636,7.954,1.7549,1.4279,1.467,0.5095,0.6303,0.3272,0,0.2547
e4b11df89f08e7d7,weekend_20,1,Champions,9.2828,4.0544,1.6951,2.2799,3.9214,1.9429,0.1588,-0.1844,1.9684,0,0.0794
e4dd8a3c771d8ddd,weekend_20,2,Dormant,0.737,0.7173,0.4718,0.2511,0.4458,0.2099,-0.0112,-0.0052,0.2263,0,-0.0056
e4ed8b0f46f23cfa,offpeak_15,4,Champions,30.3935,20.1995,11.4875,8.698,8.278,7.1658,0.0279,7.4208,-0.2829,0,0.0139
e4f1261d06a78b40,spend_10,1,Champions,2.4292,1.1647,0.5113,0.6107,1.3364,0.6345,0.0854,0.0,0.5491,0,0.0427
e4f775ab2a1b21d6,free_trip,5,Dormant,0.546,10.5309,8.4014,1.8582,1.4424,1.5534,0.5425,0.6505,0.3603,0,0.2713
e4fba064b71e34cf,free_trip,2,At risk,0.7201,13.3649,10.7384,2.3797,2.4213,1.3894,0.4934,0.5991,0.2969,0,0.2467
e4fc26674110f00c,free_trip,5,Dormant,0.5287,10.5331,8.376,1.8494,2.17,1.546,0.6154,0.4741,0.4564,0,0.3077
e5024415557e6afe,spend_10,1,Loyal,0.8065,0.6462,0.3583,0.2419,0.9036,0.2783,0.092,0.0,0.1863,0,0.046
e50b05ff707a33b3,free_trip,0,Dormant,0.5155,10.3097,8.2453,1.8195,1.3096,1.521,0.4899,0.6951,0.3359,0,0.245
e50fd1829cbaabee,free_trip,5,Dormant,0.5253,10.4362,8.3245,1.838,1.9427,1.5364,0.5475,0.6578,0.3311,0,0.2737
e50fdffb4830e7dd,free_trip,3,Dormant,0.4953,9.942,7.9416,1.7522,1.4932,1.4647,0.4964,0.5916,0.3768,0,0.2482
e51e9a398949c647,free_trip,3,Dormant,0.9482,11.8613,9.4216,2.1536,1.3377,1.8003,0.5721,0.839,0.3892,0,0.286
e531b90a62975383,spend_10,3,Loyal,2.191,1.2923,0.6351,0.5869,1.4488,0.3446,0.1405,0.0,0.2041,0,0.0702
e54955375e3be8a8,free_trip,5,At risk,0.8451,15.5526,12.4632,2.7639,2.4009,1.5604,0.651,0.5836,0.3258,0,0.3255
e54d0f055dfc27c8,free_trip,3,Dormant,1.3776,12.5186,9.8607,2.334,2.7688,1.9511,0.6478,0.8145,0.4888,0,0.3239
e54ef97c365db6c8,free_trip,3,Dormant,0.554,10.729,8.5583,1.8925,1.841,1.582,0.5564,0.6724,0.3531,0,0.2782
e5675694e4e193e9,rush_hour_25,0,Champions,4.4356,1.9179,-0.0104,0.919,2.0891,1.9913,2.0185,0.1063,-0.1334,0,1.0092
e579e9e6fe78050f,free_trip,4,Occasional,1.1119,10.2115,8.0833,1.9097,2.3231,1.093,0.4372,0.4399,0.216,0,0.2186
e5829ed1725d99c4,free_trip,1,Dormant,0.4968,9.8816,7.8906,1.7419,1.2662,1.4561,0.498,0.631,0.3272,0,0.249
e58cbd146989c9ad,free_trip,0,Occasional,1.0399,12.0771,9.6133,2.2125,3.5559,0.8866,0.5026,0.292,0.092,0,0.2513
e5a216f848799f4a,free_trip,2,Dormant,0.5517,10.8185,8.6222,1.9053,0.9229,1.5927,0.582,0.6432,0.3675,0,0.291
e5b3aa3508c5aa96,free_trip,1,Dormant,0.5285,10.3493,8.2833,1.8301,1.6685,1.5298,0.4718,0.6988,0.3592,0,0.2359
e5b4f57fd95d5376,weekend_20,0,Occasional,3.2952,2.5222,1.5783,1.0122,2.3082,0.4268,-0.1365,-0.186,0.7493,0,-0.0683
e5c288fb8d5799f5,spend_10,3,Champions,1.6218,4.106,3.0738,0.9752,2.1679,0.8303,0.1141,0.0,0.7162,0,0.057
e5d1f6d3fc3bbe84,spend_10,2,Loyal,2.7082,1.7231,0.9468,0.7591,1.9519,0.5552,0.0343,0.0,0.5209,0,0.0172
e5d959bd9f0c3ceb,spend_10,0,Loyal,2.9112,1.4085,0.6271,0.7348,2.5245,0.5505,0.0932,0.0,0.4572,0,0.0466
e5d97844fc0ebd95,weekend_20,4,Occasional,1.8941,2.231,1.5547,0.7163,1.4356,0.4563,-0.0799,-0.015,0.5512,0,-0.0399
e5db9e8bc23743cc,free_trip,5,At risk,1.0722,15.8545,12.7636,2.8735,2.8319,1.5509,0.4349,0.7042,0.4118,0,0.2175
e5f3b02b5fef3a22,free_trip,3,Dormant,0.4987,10.031,8.0074,1.7666,1.2226,1.4767,0.514,0.6035,0.3592,0,0.257
e5f97722129cb424,free_trip,2,Dormant,0.5495,10.6325,8.4902,1.8774,1.5553,1.5694,0.5297,0.6062,0.4335,0,0.2648
e62e6a7d4522acdd,spend_10,4,Loyal,3.8179,2.2696,1.1864,1.0393,2.222,0.6209,0.0879,0.0,0.533,0,0.0439
e639b2e81c380ba1,free_trip,3,Dormant,0.4964,9.9609,7.9571,1.7556,1.672,1.4676,0.4964,0.5916,0.3796,0,0.2482
e646cc8ffa218fc8,spend_10,5,Loyal,2.8776,1.4657,0.6761,0.738,2.6554,0.2955,0.1032,0.0,0.1923,0,0.0516
e650932f2d663173,free_trip,5,Dormant,0.5498,10.7857,8.6104,1.9024,1.0712,1.5903,0.5459,0.587,0.4573,0,0.273
e652f56ea282ed87,free_trip,3,Dormant,0.5088,10.1407,8.1037,1.7887,1.4427,1.4952,0.4966,0.6013,0.3973,0,0.2483
e657f70fc971733a,spend_10,1,Champions,1.9192,1.5271,0.8556,0.5763,4.6141,0.3405,0.1905,0.0,0.15,0,0.0952
e65e79c013fd85cd,free_trip,3,At risk,0.4511,11.752,9.4824,2.063,2.1967,1.1328,0.4133,0.4427,0.2768,0,0.2067
e660d2542475b227,free_trip,2,Dormant,0.5444,10.5648,8.4493,1.8678,1.9825,1.5614,0.4955,0.7237,0.3422,0,0.2477
e6766d137fff6e2f,free_trip,4,Dormant,0.5534,10.9314,8.7336,1.9288,1.439,1.6123,0.5381,0.6305,0.4437,0,0.269
e6776b05202958c2,free_trip,5,Dormant,0.5121,10.1309,8.0808,1.7846,0.8257,1.4918,0.5311,0.5896,0.3711,0,0.2655
e67ff536beb1ed85,free_trip,1,Dormant,0.7048,11.618,9.2968,2.0772,1.379,1.7364,0.488,0.8664,0.3819,0,0.244
e688853e30683805,free_trip,2,Dormant,0.6798,12.2823,9.7783,2.172,2.2087,1.8157,0.6639,0.7337,0.418,0,0.332
e68e74111de7529f,free_trip,5,At risk,0.478,15.5898,12.6331,2.723,4.1007,1.1523,0.4676,0.4118,0.2729,0,0.2338
e68fa403938859b9,weekend_20,4,Occasional,1.9655,1.0714,0.5893,0.5306,0.9948,0.204,-0.097,-0.0101,0.311,0,-0.0485
e69ac00c104e83ec,free_trip,0,Dormant,0.5379,10.5238,8.416,1.8596,1.435,1.5545,0.4965,0.6988,0.3592,0,0.2482
e6ce890350f8aebf,free_trip,1,Dormant,0.6542,11.9561,9.5428,2.1178,2.9103,1.7703,0.5911,0.7678,0.4114,0,0.2956
e6f913628e3cc4ad,spend_10,4,Champions,0.9134,6.6663,5.124,1.2539,14.96,0.451,0.577,0.0,-0.126,0,0.2885
e6fafa15376482d4,free_trip,1,At risk,0.6816,10.0318,7.9656,1.7959,1.5687,1.5979,0.5407,0.7257,0.3314,0,0.2704
e70058b86b7c1777,free_trip,4,Dormant,0.5084,10.0465,8.0071,1.7685,1.438,1.4784,0.5417,0.599,0.3376,0,0.2709
e7070c52e4acbfe8,free_trip,3,Dormant,0.528,10.5883,8.4626,1.8672,1.5955,1.5609,0.517,0.6773,0.3666,0,0.2585
e71314a98ad249b2,free_trip,2,At risk,0.4289,12.4086,10.0899,2.1846,2.7378,0.9782,0.2681,0.4203,0.2898,0,0.1341
e721b6dbfd59565e,spend_10,2,Champions,2.4098,6.4125,4.8353,1.5047,4.3105,0.8519,0.145,0.0,0.707,0,0.0725
e72374983cca74aa,weekend_20,0,Occasional,2.8168,1.4939,0.7667,0.7443,2.1417,0.1363,-0.0341,-0.1866,0.3571,0,-0.0171
e72faa2177abaa9e,free_trip,5,Dormant,0.4957,9.8994,7.897,1.743,1.5166,1.4571,0.5187,0.5759,0.3625,0,0.2593
e76d0b17f56591d0,spend_10,4,Champions,2.116,3.5713,2.5385,0.9667,1.4337,0.8233,0.1322,0.0,0.691,0,0.0661
e77ef4de758ad059,spend_10,4,Champions,1.7142,1.5174,0.9167,0.5464,3.005,0.3476,0.1087,0.0,0.2389,0,0.0544
e7815d4558bef06a,free_trip,1,Dormant,0.5198,10.3574,8.2627,1.824,1.4027,1.5247,0.5415,0.6176,0.3656,0,0.2708
e78caa4ea8e85e1f,free_trip,4,Dormant,0.5905,11.1736,8.915,1.9741,1.7783,1.6503,0.569,0.7319,0.3493,0,0.2845
e7915b555dcac75a,free_trip,2,Dormant,0.5529,10.827,8.6398,1.9092,1.5886,1.596,0.556,0.7098,0.3301,0,0.278
e7a58a72d7fd6413,spend_10,0,Loyal,3.5225,2.6611,1.5963,1.0631,3.1287,0.4416,0.0034,0.0,0.4382,0,0.0017
e7ce5a03f454ce87,free_trip,3,Dormant,1.4948,11.7239,9.2058,2.2224,1.5908,1.8578,0.5915,0.8859,0.3804,0,0.2957
e7e94a06ad26c8f6,free_trip,4,At risk,0.8037,17.9215,14.4832,3.1748,3.2262,1.2705,0.5269,0.524,0.2196,0,0.2635
e7f9a4090a2135c5,free_trip,5,Dormant,0.535,10.6147,8.4761,1.8714,1.0781,1.5644,0.5344,0.672,0.358,0,0.2672
e80170a0ff7b6897,spend_10,5,Loyal,2.5287,3.9166,2.739,1.094,2.4954,0.7817,0.1673,0.0,0.6144,0,0.0837
e8088a43168f7403,free_trip,1,Dormant,0.5436,10.7532,8.5938,1.8977,1.5034,1.5863,0.5234,0.7052,0.3577,0,0.2617
e81338f5900bde36,free_trip,1,At risk,1.8781,13.4557,10.6173,2.5951,3.8559,1.0839,0.4868,0.3097,0.2875,0,0.2434
e84616f346394844,spend_10,3,Loyal,2.765,3.9128,2.7323,1.1417,2.7795,0.7644,0.0776,0.0,0.6868,0,0.0388
e856b326aa18236d,free_trip,1,Dormant,0.5567,10.6832,8.5309,1.8873,1.7069,1.5777,0.5299,0.6946,0.3531,0,0.265
e85eb9b7f9f3729d,spend_10,5,Champions,2.0074,2.1351,1.3752,0.7025,2.1598,0.6465,0.1148,0.0,0.5317,0,0.0574
e860cd1e15951cb1,free_trip,2,Dormant,0.5055,10.1253,8.0841,1.7839,1.6272,1.4913,0.5144,0.6497,0.3272,0,0.2572
e8617da5a074e2e9,spend_10,0,Loyal,0.7351,1.5052,1.0712,0.3751,1.001,0.2954,0.1177,0.0,0.1777,0,0.0588
e86d3fa583f4a3ff,free_trip,2,Dormant,0.5062,10.1427,8.142,1.7961,1.6409,1.5014,0.4091,0.7251,0.3672,0,0.2046
e86ec0abaea07f74,free_trip,0,Dormant,0.5215,10.396,8.3127,1.8347,1.5978,1.5337,0.4972,0.6788,0.3577,0,0.2486
e870ad52a72560dd,free_trip,1,Dormant,0.5372,10.4803,8.3707,1.85,1.3061,1.5465,0.5192,0.6808,0.3466,0,0.2596
e89a2965114a07ec,free_trip,4,Dormant,0.5415,10.4555,8.3543,1.8475,2.0303,1.5444,0.5076,0.6776,0.3592,0,0.2538
e89cb7de587dc2d3,spend_10,5,Loyal,3.6592,5.2247,3.691,1.5265,3.4642,0.5152,0.0144,0.0,0.5008,0,0.0072
e8a8b84115c95f50,offpeak_pass,0,Loyal,0.4118,0.436,0.3023,0.1483,0.9255,0.1619,-0.0293,0.1912,0.0,0,-0.0146
e8d4b09bdd1a4451,spend_10,1,Champions,1.7379,2.7423,1.9536,0.7667,2.6201,0.8142,0.044,0.0,0.7702,0,0.022
e8d56b4e4c3e062d,weekend_20,5,Dormant,0.6538,0.5429,0.3399,0.2064,0.2974,0.1725,-0.0069,-0.0037,0.1831,0,-0.0034
e8d8287b7fbde7d2,weekend_20,4,Occasional,1.2009,0.7878,0.454,0.3437,1.1845,0.3829,-0.0198,-0.0195,0.4223,0,-0.0099
e8eaf7241606e3b2,free_trip,0,Dormant,0.5091,10.1061,8.0614,1.7799,1.733,1.4879,0.5297,0.6311,0.3272,0,0.2648
e8eb45b7a006ca1d,spend_10,0,Champions,1.7436,3.5512,2.5722,0.8963,5.122,0.6799,0.1654,0.0,0.5146,0,0.0827
e90c076dbcad68db,free_trip,5,Dormant,0.5546,10.5971,8.466,1.8734,2.1809,1.5661,0.5154,0.6946,0.3561,0,0.2577
e91c96d2bc1eba11,free_trip,4,Dormant,0.4968,9.9431,7.9462,1.7535,1.2049,1.4658,0.4868,0.6124,0.3666,0,0.2434
e91f07637b98b1ac,free_trip,5,Occasional,1.0314,18.1213,14.5756,3.2413,3.863,1.3264,0.6088,0.5376,0.18,0,0.3044
e92feceed6f27006,free_trip,0,Occasional,1.3574,14.5814,11.6519,2.7018,4.2033,1.2325,0.4555,0.5737,0.2032,0,0.2278
e93938331430ff1a,free_trip,0,Dormant,0.6981,12.5178,9.9794,2.2176,1.6611,1.8537,0.6416,0.7904,0.4218,0,0.3208
e98892570fb1df2c,spend_10,0,Champions,0.7669,4.666,3.5777,0.9023,8.0864,0.4737,0.3719,0.0,0.1017,0,0.186
e9ad97a5c19a15a5,free_trip,1,Dormant,0.5463,10.5134,8.3856,1.855,1.254,1.5507,0.5456,0.639,0.366,0,0.2728
e9c30b02d895d97f,spend_10,5,Champions,1.3324,5.3798,4.2128,1.1517,5.6469,0.7636,0.0306,0.0,0.7331,0,0.0153
e9c8f90fcece9347,free_trip,1,At risk,0.4802,11.7237,9.487,2.07,3.4715,1.3047,0.3334,0.6275,0.3439,0,0.1667
e9d66ac5bd5be047,free_trip,4,Dormant,0.5823,11.0102,8.8003,1.9486,1.356,1.6289,0.5227,0.7291,0.3772,0,0.2613
e9ecb7791241c497,free_trip,2,Dormant,0.6294,11.7586,9.3939,2.0817,0.786,1.7402,0.566,0.7522,0.422,0,0.283
e9feff06077f59d4,free_trip,2,At risk,0.7749,12.485,9.9788,2.2334,2.0445,1.5114,0.5456,0.6702,0.2956,0,0.2728
ea08db4085e4fc29,spend_10,5,Loyal,3.4873,1.6402,0.7442,0.8788,1.5574,0.6282,0.0343,0.0,0.5939,0,0.0172
ea1f2f4f9cf21033,spend_10,2,Champions,0.6412,2.6901,1.8983,0.5274,4.6908,0.7813,0.5287,0.0,0.2527,0,0.2643
ea3496699210ddcf,free_trip,0,Occasional,1.1675,19.5225,15.7483,3.5131,4.8546,1.4876,0.522,0.7125,0.2531,0,0.261
ea3d13c39bb5b444,free_trip,3,Dormant,0.7268,12.4427,9.9569,2.2188,3.0182,1.8548,0.534,0.8509,0.4699,0,0.267
ea46397cbfd40fd1,weekend_20,1,Occasional,1.3192,0.754,0.4412,0.3656,1.0935,0.2178,-0.1056,-0.0464,0.3698,0,-0.0528
ea4d287718100d7d,free_trip,0,Dormant,0.5456,10.7957,8.6198,1.9035,1.2306,1.5912,0.5447,0.6011,0.4454,0,0.2723
ea51d56f2bfb3aee,free_trip,0,Dormant,0.6726,11.0756,8.7926,1.9658,1.747,1.6433,0.6344,0.6226,0.3862,0,0.3172
ea69477913f1e985,spend_10,0,Champions,1.077,6.5931,5.1459,1.2924,2.6116,1.4985,0.3097,0.0,1.1888,0,0.1548
ea776e7f1d1b109c,spend_10,1,Loyal,2.2009,3.1519,2.2186,0.9179,3.1778,0.4828,0.0309,0.0,0.4519,0,0.0154
ea7944b54ab865c3,free_trip,2,Dormant,0.5621,10.8297,8.6496,1.9131,0.9032,1.5993,0.5341,0.723,0.3422,0,0.267
ea86569479919037,free_trip,5,Dormant,0.5072,10.1417,8.1047,1.7886,1.6365,1.4951,0.4968,0.6186,0.3797,0,0.2484
ea88686cf2a06264,free_trip,0,At risk,0.5647,9.9584,8.0112,1.7811,2.3721,1.091,0.3321,0.4153,0.3436,0,0.1661
ea8c2cfd2f6de060,free_trip,5,Dormant,0.5319,10.4003,8.3317,1.8408,1.1654,1.5388,0.4556,0.7353,0.3479,0,0.2278
ea9cd9043677de42,free_trip,1,Dormant,0.4972,9.9611,7.9704,1.7586,0.7355,1.4701,0.4643,0.6278,0.378,0,0.2321
eaafc34f41359811,spend_10,2,Loyal,3.458,2.5383,1.4273,1.0146,2.0581,0.763,0.1929,0.0,0.5701,0,0.0964
eab1703beae0a1cd,offpeak_15,4,Champions,10.748,5.0767,2.3795,2.7264,5.2892,2.2025,-0.0583,2.3335,-0.0726,0,-0.0292
eadfe49e5a900d1d,free_trip,3,Dormant,0.5507,10.8361,8.6496,1.9107,1.3388,1.5973,0.5515,0.6493,0.3965,0,0.2757
eaf2ee2f1a1aa826,free_trip,1,Dormant,0.6862,11.3915,9.1044,2.0334,1.396,1.6998,0.5074,0.7911,0.4012,0,0.2537
eb10239fba81c72d,free_trip,1,Dormant,0.5497,10.7589,8.5799,1.8961,1.5732,1.585,0.5659,0.659,0.3601,0,0.283
eb1828889854cd69,free_trip,4,Dormant,0.5022,9.8852,7.9038,1.7458,2.1867,1.4594,0.4713,0.6381,0.3499,0,0.2357
eb1d42689d401c2e,weekend_20,0,Occasional,1.8599,1.4071,0.8578,0.5644,1.0302,0.4815,-0.0304,0.0049,0.507,0,-0.0152
eb245ab86ec2d677,spend_10,1,Champions,2.6956,1.7072,0.9143,0.7497,1.814,0.6831,0.0865,0.0,0.5967,0,0.0432
eb2c76f788937ae7,free_trip,5,Dormant,0.5036,10.0921,8.057,1.7779,1.1808,1.4862,0.5144,0.6572,0.3146,0,0.2572
eb2cec14a35a2c0f,spend_10,5,Champions,1.076,9.6917,7.6424,1.8107,2.649,1.3648,0.4773,0.0,0.8876,0,0.2386
eb412d38e047ce39,free_trip,1,Dormant,0.5162,10.1101,8.0484,1.7787,1.7704,1.4869,0.5659,0.5783,0.3427,0,0.2829
eb581a3acc46f99c,free_trip,2,Occasional,0.8442,12.9345,10.2747,2.3092,2.8406,1.3009,0.7012,0.3801,0.2197,0,0.3506
eb66e934374fb949,free_trip,5,Dormant,0.5099,9.9178,7.9061,1.7479,1.1302,1.4611,0.5278,0.6098,0.3236,0,0.2639
eb84b1b0bd0fde16,free_trip,2,Dormant,0.5329,10.4609,8.3725,1.8495,0.9752,1.5461,0.4776,0.7092,0.3592,0,0.2388
eb8597c9e9eb30d1,free_trip,3,Occasional,0.9439,10.0982,8.0014,1.8578,1.4987,1.1903,0.4779,0.5372,0.1752,0,0.239
eb8a073b1541122b,free_trip,5,At risk,0.9224,13.4523,10.7096,2.4158,3.2188,1.879,0.6538,0.8446,0.3806,0,0.3269
ebf40bdb8eb3279c,free_trip,1,Dormant,0.4868,9.874,7.8558,1.7326,1.5161,1.4484,0.5712,0.4792,0.398,0,0.2856
ec0a85019c64d8dc,spend_10,3,Champions,1.9825,2.286,1.4593,0.7148,4.2725,0.4522,0.2238,0.0,0.2284,0,0.1119
ec1421ba4107d46d,free_trip,5,Dormant,0.5659,10.9459,8.7266,1.9299,1.1135,1.6133,0.5787,0.6185,0.416,0,0.2894
ec2ee972a314005a,free_trip,2,Dormant,0.4961,9.9671,7.9566,1.7555,1.4106,1.4675,0.5099,0.6305,0.3272,0,0.2549
ec3219e96e264e3a,spend_10,2,Champions,2.5772,2.1854,1.3234,0.8101,1.7533,0.7287,0.1037,0.0,0.625,0,0.0519
ec6dc7e822de27b4,free_trip,0,Dormant,0.5966,10.988,8.7626,1.9438,0.9584,1.6249,0.5634,0.6786,0.3829,0,0.2817
ec83ea2f6cd5e413,spend_10,4,Champions,1.0632,25.8564,21.1398,4.6112,9.0888,3.77,0.2108,0.0,3.5592,0,0.1054
ec8e31bf53513d43,spend_10,0,Champions,2.816,5.609,4.1181,1.4401,5.9177,0.8853,0.1016,0.0,0.7837,0,0.0508
ec8fcd6a1185f66e,free_trip,4,Occasional,2.5514,21.6633,17.26,4.1145,4.439,1.7604,0.5777,0.8778,0.3049,0,0.2888
ec98d179bdf8c34d,free_trip,4,Dormant,0.5433,10.7397,8.5917,1.8972,1.2019,1.5859,0.5015,0.7282,0.3562,0,0.2508
ec9915534c9e397f,free_trip,1,At risk,0.9438,11.9582,9.5051,2.1701,1.2793,1.7426,0.5659,0.796,0.3807,0,0.283
eca087389de6ada6,free_trip,1,Dormant,0.5482,10.6705,8.556,1.8908,1.7114,1.5806,0.4474,0.7589,0.3743,0,0.2237
ecaa50ab2add45bd,spend_10,4,Champions,1.4031,7.2434,5.6776,1.4705,4.7346,1.252,0.1906,0.0,1.0614,0,0.0953
ecaf247f12cbd89a,free_trip,1,Occasional,0.7568,10.3754,8.2649,1.8737,1.3744,1.3505,0.4736,0.6006,0.2763,0,0.2368
ecbed5999868393b,free_trip,2,Dormant,0.563,10.814,8.6246,1.9081,1.6843,1.5951,0.5626,0.6592,0.3732,0,0.2813
ecc0264d169c86ca,free_trip,2,Dormant,0.5192,10.3924,8.2482,1.8208,1.7083,1.5221,0.6468,0.4545,0.4208,0,0.3234
ece5c79845a7e888,spend_10,4,Champions,1.9471,1.1766,0.6022,0.5295,1.4232,0.6767,0.0899,0.0,0.5868,0,0.0449
ece7c0289c79c29b,free_trip,5,Dormant,1.0978,12.5508,9.9394,2.2923,2.3929,1.9162,0.6383,0.895,0.3829,0,0.3191
ed00785fc1a6c6e7,free_trip,0,Dormant,0.6636,11.3477,9.067,2.0209,2.0465,1.6894,0.5196,0.7881,0.3816,0,0.2598
ed168a9b8c84256a,pct_10,0,Champions,38.6902,32.0425,18.1953,11.8142,31.2698,10.3058,4.0661,3.1425,3.0972,0,2.033
ed256635e214b7b1,spend_10,3,Champions,3.0595,2.1251,1.1984,0.8843,2.019,0.7546,0.0848,0.0,0.6698,0,0.0424
ed2660ce5d5affcc,free_trip,3,Dormant,0.8089,11.7617,9.3666,2.1133,1.1037,1.7666,0.5637,0.789,0.4139,0,0.2818
ed3ea9558232447e,spend_10,4,Champions,1.6862,2.0434,1.3132,0.6229,3.9696,0.3346,0.2145,0.0,0.1201,0,0.1072
ed6163d51b365cd0,free_trip,0,Dormant,0.6116,11.4763,9.199,2.0375,1.5453,1.7032,0.4796,0.8309,0.3927,0,0.2398
ed63b0d870ef4fda,weekend_20,0,Occasional,1.9,1.5613,0.9848,0.5991,2.612,0.3235,-0.0453,-0.0328,0.4016,0,-0.0227
ed6532c3f7aadfc6,spend_10,2,Champions,1.2767,2.4845,1.7894,0.6368,6.7367,0.2393,0.1166,0.0,0.1226,0,0.0583
ed82aba7e6b6e4b4,free_trip,0,Occasional,0.7277,12.9388,10.3883,2.3086,1.9915,1.4139,0.4839,0.6657,0.2644,0,0.2419
ed84db78e1fcf731,free_trip,0,Dormant,0.5177,10.213,8.1621,1.8027,1.4692,1.5069,0.4965,0.6833,0.3272,0,0.2482
ed945a93d0591235,free_trip,3,Dormant,0.5561,10.8643,8.6614,1.9143,0.6136,1.6003,0.5772,0.6415,0.3815,0,0.2886
ed9ae536f8df2c9f,free_trip,5,Dormant,0.4953,9.9469,7.9301,1.7498,1.4218,1.4627,0.5339,0.5858,0.3431,0,0.267
edb2c1d1855d281d,spend_10,2,Champions,1.1974,5.013,3.8806,1.0546,3.6121,0.942,0.1557,0.0,0.7863,0,0.0779
edc0c004ecf1f71a,free_trip,2,Dormant,0.5003,10.0576,8.0208,1.7697,0.9888,1.4793,0.5344,0.5858,0.3592,0,0.2672
edebeea95d1865d7,free_trip,4,Dormant,0.5242,10.2344,8.1546,1.8024,0.7414,1.5067,0.5547,0.5788,0.3732,0,0.2773
edf02418553d45c2,spend_10,4,Loyal,3.0248,4.1577,2.8639,1.223,3.0767,0.7326,0.1417,0.0,0.5909,0,0.0709
edfae3883d4972bd,free_trip,0,At risk,1.1086,12.0212,9.5838,2.2206,1.7419,1.5313,0.4336,0.6643,0.4334,0,0.2168
edfae7e4b51979a0,spend_10,4,Champions,2.8705,2.8421,1.7966,0.9693,2.2828,0.7259,0.1525,0.0,0.5734,0,0.0763
edfc208be81c8f15,free_trip,4,Dormant,0.6751,12.1807,9.72,2.1589,1.7426,1.8047,0.6037,0.7914,0.4096,0,0.3019
edffca789efb3ff6,free_trip,4,At risk,0.6627,11.7951,9.4049,2.0909,1.4482,1.232,0.5985,0.4076,0.2259,0,0.2992
ee094d678c918a46,spend_10,4,Champions,2.2955,3.834,2.7338,1.0445,2.4356,0.786,0.1114,0.0,0.6746,0,0.0557
ee09cedfe9a7339b,spend_10,2,Champions,2.1095,1.3444,0.7256,0.5888,4.9361,0.2965,0.06,0.1017,0.1349,0,0.03
ee0f132026cfd6a3,spend_10,3,Champions,2.2484,2.1025,1.2958,0.7361,2.1932,0.4293,0.1414,0.0,0.2879,0,0.0707
ee14bceefec52bb3,free_trip,1,Dormant,0.5379,10.6241,8.5119,1.8795,1.6701,1.5712,0.4652,0.7334,0.3726,0,0.2326
ee269f692ec84d9a,spend_10,3,Champions,0.953,4.3868,3.3274,0.889,4.2045,0.7036,0.3407,0.0,0.3629,0,0.1704
ee2a8370510fad12,free_trip,4,Dormant,0.5271,10.2654,8.2111,1.8148,1.9357,1.517,0.4792,0.6492,0.3887,0,0.2396
ee2f2ac6e03c5ee0,offpeak_15,0,Champions,20.876,12.3309,6.7104,5.7292,8.9733,4.5311,-0.2174,4.7985,-0.0501,0,-0.1087
ee31d8a29d421307,free_trip,5,Dormant,0.7735,13.2162,10.5678,2.3554,1.7065,1.969,0.586,1.0,0.3829,0,0.293
ee3cdd52b5452e4e,free_trip,3,Occasional,1.0624,14.6055,11.657,2.6416,1.5311,1.4734,0.6137,0.5201,0.3396,0,0.3069
ee3d91d0e58d5158,free_trip,1,Dormant,0.4979,9.9506,7.9476,1.754,1.8371,1.4662,0.498,0.5886,0.3796,0,0.249
ee5344b621f1566d,free_trip,5,At risk,0.7484,12.1614,9.752,2.1808,3.011,1.0577,0.4571,0.3815,0.2191,0,0.2285
ee56c32e63a5d9ae,free_trip,5,Dormant,0.5414,10.5715,8.4323,1.8637,1.412,1.5579,0.5509,0.6588,0.3482,0,0.2755
ee6428611c852a2c,spend_10,3,Champions,1.0741,1.1219,0.6874,0.3658,2.2436,0.256,0.1374,0.0,0.1186,0,0.0687
ee912c26cb90ca98,free_trip,1,Dormant,0.5149,10.3314,8.2148,1.813,2.2303,1.5156,0.6072,0.49,0.4184,0,0.3036
eeb73bbc8edb7922,free_trip,3,Dormant,0.4967,10.0682,8.0112,1.7669,2.0553,1.4771,0.58,0.524,0.373,0,0.29
eec39a5b17532c30,free_trip,1,Dormant,0.5111,10.2119,8.1123,1.791,1.5338,1.4971,0.6172,0.4429,0.437,0,0.3086
eecf4a0e2f25554f,free_trip,5,Dormant,0.5077,10.0935,8.0592,1.7792,2.0537,1.4873,0.5103,0.6465,0.3304,0,0.2552
eed20b671b164044,free_trip,5,Dormant,0.5048,10.0597,8.0147,1.7694,1.0765,1.4791,0.5513,0.5722,0.3556,0,0.2757
eef9a1746d2cd3f9,free_trip,5,Dormant,0.6283,11.7756,9.4174,2.0863,1.4672,1.744,0.5438,0.7662,0.434,0,0.2719
eefd3c6b3d9231cf,free_trip,2,Dormant,0.4944,9.8676,7.8801,1.7393,1.6226,1.4539,0.4965,0.6303,0.3272,0,0.2482
ef0e4b469a881d7d,free_trip,5,Dormant,0.5432,10.6442,8.4935,1.8768,1.8751,1.5689,0.5479,0.6707,0.3503,0,0.2739
ef31753aec9682cc,free_trip,2,Dormant,0.5052,10.084,8.0573,1.7783,1.8161,1.4865,0.4968,0.5916,0.3981,0,0.2484
ef4e0952463546e1,spend_10,1,Champions,1.4972,3.8202,2.8877,0.9107,5.4455,0.4346,0.0438,0.0,0.3908,0,0.0219
ef535c12fb967021,pct_10,0,Champions,28.0596,10.8896,2.3858,6.323,21.9116,8.4282,4.3616,2.2543,1.8123,0,2.1808
ef6c00740f9dc158,free_trip,1,Dormant,0.5383,10.641,8.497,1.8765,1.0721,1.5686,0.5349,0.7009,0.3329,0,0.2674
ef6dbba3ca59e352,spend_10,5,Champions,1.2472,0.7148,0.299,0.3211,3.7467,0.3274,0.1894,0.0,0.138,0,0.0947
ef7d0b9411364f39,spend_10,4,Champions,1.1167,0.6868,0.3127,0.2969,3.7088,0.243,0.1544,0.0,0.0885,0,0.0772
ef931f2d4552b327,free_trip,0,Dormant,0.5119,10.213,8.1557,1.8001,1.1491,1.5048,0.5144,0.6632,0.3272,0,0.2572
ef9b411311473b63,free_trip,3,At risk,0.607,10.7324,8.576,1.9071,1.5443,1.1156,0.4986,0.43,0.1869,0,0.2493
efce94289d5e8d1e,spend_10,2,Champions,0.7211,0.6468,0.2718,0.2062,4.8936,0.1858,0.3375,0.0,-0.1518,0,0.1688
efd09deb196dd947,free_trip,3,Dormant,0.5262,10.4886,8.3653,1.8466,2.4539,1.5437,0.5532,0.6354,0.355,0,0.2766
efd89aa6ed0de77a,offpeak_15,2,Loyal,1.1055,0.7214,0.4092,0.3146,0.7113,0.35,-0.0047,0.3959,-0.0411,0,-0.0024
efe1f6205459a7dd,spend_10,2,Champions,2.2879,1.6799,0.9816,0.679,2.4206,0.7145,0.0386,0.0,0.6759,0,0.0193
efe82e3f30c685e5,free_trip,0,Dormant,0.5285,10.3362,8.2841,1.8302,1.5272,1.53,0.4437,0.7197,0.3666,0,0.2218
eff06b0392b3bebe,free_trip,0,Dormant,0.5284,10.3476,8.2529,1.8237,0.9085,1.5245,0.5418,0.5965,0.3862,0,0.2709
eff8e6b19bd9a229,free_trip,4,Dormant,0.5392,10.5201,8.4138,1.8594,1.7274,1.5543,0.4938,0.703,0.3576,0,0.2469
eff8f09713147576,free_trip,1,Dormant,0.6578,12.0627,9.5936,2.1291,2.8828,1.7798,0.6801,0.7454,0.3543,0,0.34
effe38bbee5a6ce9,free_trip,3,Dormant,0.5486,10.7886,8.6345,1.9072,1.7143,1.5943,0.4938,0.7128,0.3877,0,0.2469
f00aa38ed54c3176,free_trip,1,Occasional,0.8343,11.3983,9.0775,2.0585,1.049,1.6706,0.5246,0.8203,0.3258,0,0.2623
f0138e654f811c76,spend_10,1,Loyal,2.4139,2.3087,1.4544,0.8034,1.8814,0.5778,0.1019,0.0,0.4759,0,0.051
f019397c1a4e2064,free_trip,1,At risk,0.944,14.1748,11.3539,2.5541,3.5585,1.4303,0.5338,0.557,0.3395,0,0.2669
f01bd82483ca2313,free_trip,0,Dormant,0.501,9.9218,7.9317,1.7513,1.4632,1.464,0.4776,0.6592,0.3272,0,0.2388
f03310264d4982fa,offpeak_15,0,Champions,15.5444,12.033,7.4242,4.7702,6.2552,4.0697,-0.3229,4.4929,-0.1003,0,-0.1614
f0427be0794204f7,free_trip,2,Dormant,0.6468,12.019,9.6023,2.1286,0.873,1.7794,0.5761,0.7773,0.4259,0,0.2881
f04bfe7e681e572e,free_trip,3,Dormant,0.535,10.506,8.3796,1.8514,1.4035,1.5477,0.5498,0.5845,0.4134,0,0.2749
f050ac6a0e65eca4,spend_10,2,Champions,2.9054,11.0004,8.5451,2.3781,6.5124,1.1168,0.1545,0.0,0.9623,0,0.0773
f0702808c63c422a,weekend_20,5,Occasional,2.1336,2.2584,1.5309,0.761,2.4488,0.3106,-0.067,-0.0935,0.4711,0,-0.0335
f0760f7a01bcc110,free_trip,0,Dormant,0.6017,11.135,8.9078,1.975,2.783,1.651,0.5045,0.7874,0.3591,0,0.2523
f07a36e6707517ba,free_trip,0,Dormant,0.5495,10.4819,8.3548,1.8493,1.2431,1.5459,0.5558,0.594,0.3961,0,0.2779
f08da07d1b8ca862,free_trip,1,Dormant,1.1572,11.6035,9.1692,2.1446,1.3503,1.7928,0.5795,0.793,0.4203,0,0.2897
f08f8a4f8d08dec1,free_trip,5,Dormant,0.54,10.5156,8.3992,1.8565,1.4785,1.5519,0.5196,0.6743,0.358,0,0.2598
f0906a3cd6ac4213,weekend_20,1,Dormant,0.6827,0.5702,0.3576,0.2161,0.4691,0.1806,-0.0071,-0.0085,0.1961,0,-0.0035
f0a2055e94e9458d,free_trip,1,Dormant,0.537,10.4369,8.315,1.8384,1.9038,1.5368,0.567,0.5966,0.3732,0,0.2835
f0a446e12af52dd7,spend_10,2,Champions,1.7337,2.7289,1.9242,0.7597,2.2314,0.7639,0.09,0.0,0.6739,0,0.045
f0b572f12ebed081,spend_10,2,Champions,0.8409,12.0945,9.7904,2.2079,4.4069,1.89,0.1924,0.0,1.6976,0,0.0962
f0d82288dfcc139a,free_trip,4,Dormant,0.551,10.8684,8.6883,1.9189,1.6696,1.6041,0.5224,0.7163,0.3654,0,0.2612
f0d858fbe9325a2f,spend_10,3,Champions,1.8274,3.8702,2.8392,0.9692,2.4907,1.0483,0.1237,0.0,0.9246,0,0.0619
f0dd5ae6c4472e6f,free_trip,0,Dormant,0.5185,10.2942,8.223,1.8155,1.4309,1.5176,0.5115,0.679,0.3272,0,0.2557
f0dfd4ea75520929,free_trip,5,Dormant,0.6098,11.4842,9.1824,2.0337,2.1234,1.7,0.5363,0.8181,0.3456,0,0.2682
f0e5290b005d961e,free_trip,2,Dormant,0.5596,10.7682,8.5795,1.898,1.5275,1.5866,0.5813,0.6287,0.3766,0,0.2906
f0ef53e1a925385a,free_trip,4,Dormant,0.5602,10.8026,8.6176,1.9061,1.7062,1.5934,0.5578,0.686,0.3495,0,0.2789
f101cf9fac5bbdb1,free_trip,5,Dormant,0.5173,10.1271,8.0743,1.7843,0.9424,1.4916,0.5369,0.5788,0.3759,0,0.2684
f10357217ae5e1bd,spend_10,3,Loyal,2.7831,2.1857,1.2807,0.844,1.9573,0.6353,0.122,0.0,0.5133,0,0.061
f112e1fabad3a69d,spend_10,1,Champions,0.9705,3.5244,2.599,0.7413,4.0018,0.5216,0.368,0.0,0.1536,0,0.184
f11a36c29ec4031f,offpeak_15,5,Champions,12.3541,7.6075,4.2293,3.4441,7.5718,2.5182,-0.1319,2.6659,-0.0158,0,-0.066
f1312d6f8eaa0192,free_trip,5,Dormant,0.5233,10.4739,8.3662,1.8462,2.3583,1.5433,0.5231,0.6724,0.3478,0,0.2616
f13df33b444f56b6,spend_10,0,Loyal,2.0876,2.1095,1.3647,0.717,2.0913,0.702,0.0556,0.0,0.6463,0,0.0278
f140f3e3c77e130b,offpeak_15,4,Champions,6.4737,3.3802,1.6996,1.6975,3.2712,1.4495,-0.0338,1.5117,-0.0284,0,-0.0169
f143437c8889d164,free_trip,5,Dormant,0.519,10.3615,8.2774,1.8269,1.1435,1.5272,0.5144,0.6521,0.3606,0,0.2572
f14e5c2480c665c5,free_trip,3,Dormant,0.5312,10.5976,8.4597,1.8673,1.8708,1.5609,0.5413,0.6986,0.3211,0,0.2706
f1573d8e525de82f,free_trip,1,At risk,1.0368,11.3428,8.9273,2.0694,1.9825,1.9691,0.6922,0.8638,0.4131,0,0.3461
f16c51c90ea03b6e,free_trip,0,Dormant,0.5497,10.7073,8.5514,1.8902,1.2718,1.5801,0.5315,0.627,0.4216,0,0.2658
f1867a21185311a5,spend_10,2,Champions,1.7017,1.5151,0.9091,0.5422,5.1124,0.347,0.1276,0.0,0.2194,0,0.0638
f18e842b724bda1e,free_trip,5,Dormant,0.5285,10.4291,8.3224,1.8382,1.7495,1.5366,0.537,0.6077,0.392,0,0.2685
f194094682a40612,free_trip,5,Dormant,0.5237,10.1663,8.1067,1.7924,1.034,1.4983,0.5346,0.5995,0.3642,0,0.2673
f196a0b72ba1143b,spend_10,4,Champions,1.513,6.4176,4.9587,1.3441,3.7818,1.0261,0.2297,0.0,0.7965,0,0.1148
f1973b20bce617f5,offpeak_15,2,Champions,5.0183,3.748,2.3051,1.521,4.2881,2.011,-0.1563,2.1914,-0.0241,0,-0.0782
f1a55a5913d5ab4d,free_trip,0,At risk,0.7356,13.373,10.7159,2.3783,2.1619,1.4807,0.5577,0.585,0.338,0,0.2788
f1a5b64728e9ebab,free_trip,3,Dormant,0.5008,10.0168,8.0026,1.766,1.2637,1.4763,0.4964,0.6003,0.3796,0,0.2482
f1ab499488659f22,free_trip,2,At risk,0.561,10.8082,8.658,1.9146,1.3434,1.2261,0.4712,0.5145,0.2404,0,0.2356
f1b7275802092ea6,spend_10,1,Loyal,2.9607,2.3787,1.4365,0.9132,2.0791,0.6196,0.0581,0.0,0.5615,0,0.0291
f1cb12e9ed23fa5d,free_trip,0,Occasional,0.8604,11.4917,9.1876,2.0868,1.6198,1.3747,0.4346,0.6014,0.3387,0,0.2173
f1d50bd2a61d0a09,free_trip,4,Dormant,0.5988,11.2503,8.9923,1.9919,2.3029,1.6651,0.5322,0.7902,0.3427,0,0.2661
f1f660d12ada5dc4,spend_10,1,Champions,1.5997,1.3273,0.7693,0.492,4.1594,0.3564,0.132,0.0,0.2244,0,0.066
f1fc4e0cb5cedcd6,spend_10,5,Loyal,2.3309,4.7084,3.4627,1.2032,3.0667,0.6514,0.0848,0.0,0.5666,0,0.0424
f2086d41447309c1,free_trip,3,At risk,1.2745,10.9367,8.6155,2.054,1.7283,1.514,0.5344,0.5875,0.3921,0,0.2672
f20a52f397270a07,free_trip,5,Dormant,0.4917,9.8864,7.8962,1.742,1.1556,1.4562,0.4964,0.6019,0.3579,0,0.2482
f217fd45b9a0b2f3,spend_10,3,Champions,1.484,1.1651,0.6398,0.4411,5.5547,0.2443,0.1685,0.0,0.0757,0,0.0843
f235f5930f09661a,weekend_20,5,Occasional,2.6861,1.9769,1.1907,0.8052,3.5802,0.2008,-0.038,-0.1598,0.3986,0,-0.019
f2371e7978bc609f,spend_10,5,Champions,1.6472,2.8295,1.9115,0.7391,5.6848,0.6027,0.3579,0.0,0.2448,0,0.1789
f23c1a2f91e58f7b,free_trip,0,Dormant,0.5308,10.3422,8.2548,1.8246,1.4822,1.5253,0.5254,0.598,0.4019,0,0.2627
f24dc2bfcbe4ab3f,free_trip,0,Dormant,0.4896,9.9739,7.9251,1.7476,2.0501,1.4609,0.6022,0.4658,0.3928,0,0.3011
f2599a54a01dce49,free_trip,3,Dormant,0.636,11.7935,9.3954,2.0834,1.4411,1.7416,0.6294,0.72,0.3921,0,0.3147
f25d13f5f3d0c0d0,free_trip,2,Occasional,1.6603,11.9307,9.3552,2.2877,2.7447,0.9447,0.5754,0.2447,0.1247,0,0.2877
f25f5ed93ec3c744,free_trip,2,Dormant,0.5414,10.6137,8.4784,1.8733,1.4745,1.5659,0.524,0.5926,0.4493,0,0.262
f26d722f1baf7a62,free_trip,2,Dormant,0.7683,10.3471,8.2149,1.8657,1.922,1.5596,0.5331,0.675,0.3515,0,0.2665
f2706a8f81cf3740,free_trip,3,At risk,0.6444,13.7559,11.1012,2.4394,2.2163,1.3341,0.4306,0.6195,0.284,0,0.2153
f27a00c9e3c2ca7e,free_trip,0,Dormant,0.5173,10.3147,8.2307,1.8168,1.055,1.5187,0.5344,0.6572,0.3272,0,0.2672
f2a494daa7bb6e90,free_trip,4,Dormant,0.5044,10.1232,8.0432,1.7752,2.1678,1.484,0.6096,0.49,0.3843,0,0.3048
f2b13bbd4fa21108,free_trip,1,Dormant,0.5194,10.1926,8.1605,1.8027,2.4219,1.5069,0.4588,0.6889,0.3592,0,0.2294
f2b4782f3e8b2264,free_trip,5,Dormant,0.5373,10.6423,8.5206,1.8812,1.535,1.5726,0.481,0.7302,0.3614,0,0.2405
f2ba3614b96bae0e,spend_10,1,Champions,1.9189,0.978,0.4179,0.4853,2.9112,0.4022,0.1497,0.0,0.2526,0,0.0748
f2bb6570ad01636f,free_trip,1,Dormant,0.5159,10.1542,8.1245,1.7945,1.758,1.5001,0.4704,0.6572,0.3725,0,0.2352
f2be548ef410477f,free_trip,5,At risk,2.004,22.8705,18.342,4.2256,6.3997,1.8266,0.6059,0.8289,0.3918,0,0.3029
f2d4e303098d24e9,spend_10,4,Champions,2.3885,1.8687,1.0705,0.7184,2.1355,0.62,0.1595,0.0,0.4605,0,0.0798
f2eeba63dbee1bdf,free_trip,3,Dormant,0.5212,10.3556,8.2538,1.8224,0.9193,1.5234,0.5588,0.6173,0.3474,0,0.2794
f301670c57026091,spend_10,2,Champions,1.4228,15.0721,12.1148,2.8115,5.3616,1.564,0.2914,0.0,1.2726,0,0.1457
f3062f41031ea56c,free_trip,1,Dormant,0.509,10.0972,8.067,1.7811,1.7258,1.4889,0.4982,0.6203,0.3704,0,0.2491
f310458c9ffe15d2,spend_10,1,Loyal,2.7574,2.5334,1.587,0.9023,1.6246,0.7016,0.0883,0.0,0.6133,0,0.0441
f31b0a7f9bb1f51e,weekend_20,3,Loyal,2.8272,1.7534,0.9813,0.791,1.6699,0.5985,-0.0377,-0.0029,0.6392,0,-0.0189
f32bec18bfcfdccb,free_trip,2,Dormant,0.5164,10.2743,8.2131,1.813,1.4936,1.5155,0.4964,0.6223,0.3968,0,0.2482
f33aef8ef7069513,free_trip,1,Dormant,0.5462,10.6157,8.4695,1.8724,1.0427,1.5652,0.5475,0.6585,0.3592,0,0.2738
f35fd7fdc9612d24,free_trip,0,Dormant,0.6382,11.753,9.3711,2.0788,1.7869,1.7377,0.6062,0.7591,0.3724,0,0.3031
f369630485b66c2b,pct_10,1,Champions,53.0963,41.8909,23.9838,16.0083,62.4745,10.3953,3.7976,4.4012,2.1965,0,1.8988
f375e34165f8bf2a,free_trip,3,Dormant,0.5103,10.2603,8.1796,1.8048,0.896,1.5087,0.552,0.6224,0.3343,0,0.276
f382cf6409261789,spend_10,1,Champions,1.9475,6.0431,4.6228,1.3645,4.2585,1.0524,0.1114,0.0,0.941,0,0.0557
f3831c6a872b21bd,spend_10,1,Champions,2.5853,1.295,0.5892,0.6593,2.0574,0.6973,0.093,0.0,0.6043,0,0.0465
f38e9149fbfa96e6,spend_10,3,Champions,0.7301,7.1769,5.747,1.3452,8.5688,1.0372,0.1694,0.0,0.8678,0,0.0847
f396d7607170a2ca,free_trip,4,Dormant,0.5349,10.4808,8.3756,1.8506,1.4429,1.547,0.5094,0.6844,0.3531,0,0.2547
f3a07e631d50273d,free_trip,3,Dormant,0.6322,11.7991,9.4605,2.0961,1.2527,1.7522,0.485,0.8762,0.391,0,0.2425
f3b31912db7dca3d,free_trip,4,Dormant,0.6578,11.9995,9.6037,2.1311,2.0877,1.7815,0.5292,0.7756,0.4767,0,0.2646
f3bb9ad57f068b0d,free_trip,2,Dormant,0.5032,10.0129,8.0013,1.7662,2.0757,1.4765,0.4906,0.6431,0.3427,0,0.2453
f3bedade76991b59,free_trip,2,Dormant,0.5593,10.8449,8.6591,1.9145,1.3568,1.6004,0.5425,0.6208,0.4371,0,0.2713
f3c67eed0ecf85ea,spend_10,1,Champions,1.5149,1.7699,1.1179,0.5468,2.0101,0.4469,0.2103,0.0,0.2366,0,0.1051
f3c6d1c2381ac8c8,free_trip,0,Dormant,0.5666,11.0871,8.8633,1.9584,1.3758,1.6371,0.5307,0.7351,0.3712,0,0.2654
f3c795ee84e8fc12,spend_10,4,Champions,1.6576,2.7987,1.9546,0.7502,3.7405,0.5395,0.1878,0.0,0.3516,0,0.0939
f3ca6e7af6ca8ef5,free_trip,3,Dormant,0.547,10.6324,8.4899,1.8768,1.799,1.5689,0.5315,0.6909,0.3466,0,0.2657
f3d1190ae5762bea,spend_10,2,Loyal,3.5678,2.7044,1.5811,1.0693,1.651,0.6333,0.1079,0.0,0.5253,0,0.054
f3e243e9d293dffa,spend_10,4,Champions,1.855,3.8622,2.8398,0.975,3.0612,0.727,0.0949,0.0,0.6321,0,0.0474
f3e8411112789c42,free_trip,3,Dormant,0.6307,10.2067,8.1489,1.8234,1.5641,1.5242,0.4687,0.7195,0.336,0,0.2344
f3ede071cfd4b8ae,free_trip,2,Dormant,0.8688,12.0326,9.5779,2.1696,1.2221,1.8137,0.5702,0.8552,0.3883,0,0.2851
f3fab82ca3b72f2c,free_trip,2,At risk,0.4448,10.1967,8.2308,1.8018,2.5663,1.0368,0.3284,0.4253,0.2831,0,0.1642
f402abdb19ac21a8,spend_10,4,Champions,2.4649,4.6922,3.3882,1.2156,1.733,0.6738,0.1769,0.0,0.4968,0,0.0885
f40ac077a4824a3f,free_trip,5,Dormant,0.4998,10.0161,8.0002,1.7653,1.4492,1.4757,0.5013,0.6417,0.3328,0,0.2506
f424a97d282b7fe1,free_trip,0,Dormant,0.5125,10.1068,8.0913,1.7869,1.6321,1.4937,0.4573,0.7092,0.3272,0,0.2287
f42989e758705df8,spend_10,1,Champions,1.9171,1.7661,1.0978,0.6261,1.3614,0.6639,0.0843,0.0,0.5796,0,0.0422
f42e0d51f4b41b97,free_trip,5,At risk,0.7921,11.5805,9.2465,2.0849,1.9043,1.5466,0.4982,0.7364,0.312,0,0.2491
f44be9124ad69f7e,free_trip,4,Dormant,0.6472,11.4363,9.1038,2.0251,1.4461,1.6929,0.6148,0.7022,0.3759,0,0.3074
f470da148a303345,spend_10,0,Loyal,2.8848,1.5809,0.7712,0.7593,1.9517,0.5675,0.1008,0.0,0.4667,0,0.0504
f485b6a1f21bf79b,free_trip,2,Dormant,0.5296,10.4574,8.3461,1.8433,1.466,1.5409,0.5359,0.6038,0.4012,0,0.2679
f48623e11737ea23,free_trip,1,Dormant,0.4916,9.8972,7.8958,1.7419,1.2344,1.4561,0.519,0.5925,0.3447,0,0.2595
f487962b62486668,free_trip,4,Dormant,0.9105,11.8372,9.4064,2.1427,1.6255,1.7911,0.5762,0.8346,0.3804,0,0.2881
f492da6b6521cb9a,free_trip,4,Dormant,0.5378,10.532,8.4073,1.8578,2.3694,1.553,0.534,0.6201,0.3988,0,0.267
f49c4ceb13cf3aa7,free_trip,5,At risk,1.2658,11.8335,9.3527,2.2053,3.0001,1.0907,0.551,0.334,0.2058,0,0.2755
f49d531b417311f2,free_trip,4,Dormant,0.5513,10.8538,8.6384,1.9086,1.935,1.5954,0.6137,0.6197,0.3621,0,0.3068
f4a0515a3dc780c2,free_trip,5,Dormant,0.5985,11.3881,9.0737,2.0088,1.2038,1.6792,0.6112,0.6784,0.3896,0,0.3056
f4d2a5e4edfe3646,free_trip,3,At risk,0.891,12.7526,10.1585,2.2948,2.0233,1.4149,0.5986,0.5211,0.2952,0,0.2993
f4f22d83c6af7a98,free_trip,5,Dormant,0.5363,10.5626,8.4321,1.8626,1.5329,1.557,0.5358,0.6606,0.3606,0,0.2679
f51d502fd1d4b393,free_trip,1,Dormant,0.5453,10.5932,8.4599,1.8702,1.3716,1.5634,0.5261,0.6781,0.3592,0,0.263
f523bc835d661287,spend_10,1,Loyal,2.8706,1.3411,0.5736,0.7153,2.8904,0.4461,0.1043,0.0,0.3417,0,0.0522
f52ba238c8983a35,free_trip,3,Dormant,1.2262,12.3458,9.7554,2.2807,1.9946,1.9065,0.6194,0.8453,0.4419,0,0.3097
f52bf4af4c4708bb,spend_10,1,Champions,1.3317,2.1572,1.481,0.5842,2.7283,0.47,0.184,0.0,0.286,0,0.092
f534428f688af6a2,offpeak_15,5,Champions,27.9402,27.5058,18.0753,9.5567,9.6731,6.2562,-0.2523,6.5571,-0.0486,0,-0.1262
f53f8f520dc001f5,free_trip,4,Dormant,0.5435,10.3922,8.2965,1.8359,1.168,1.5347,0.5196,0.6447,0.3704,0,0.2598
f56a3298330dd132,free_trip,3,Dormant,0.5676,10.7766,8.6073,1.9055,1.169,1.5929,0.5277,0.7059,0.3592,0,0.2639
f5783e178b2b8779,free_trip,1,Dormant,0.5759,11.1073,8.8849,1.9649,1.3678,1.6425,0.5149,0.7782,0.3494,0,0.2575
f57cd638c05dbde3,spend_10,1,Champions,0.8691,2.7878,2.0081,0.5975,5.4898,0.3312,0.3642,0.0,-0.033,0,0.1821
f595b153a5386445,free_trip,4,Occasional,0.8516,10.0568,7.995,1.8373,2.6766,1.0758,0.449,0.4584,0.1684,0,0.2245
f595c7b7ffb82d6b,spend_10,5,Champions,1.8477,1.8781,1.1427,0.621,3.5795,0.2939,0.2288,0.0,0.0652,0,0.1144
f59650bd309ddc4a,spend_10,4,Champions,1.5677,2.6213,1.8508,0.71,2.1449,0.677,0.1211,0.0,0.5558,0,0.0606
f59c1651629687d4,spend_10,3,Champions,1.3848,6.0111,4.6339,1.25,3.8595,1.1954,0.2544,0.0,0.941,0,0.1272
f5a58c2779b900d2,free_trip,4,Occasional,1.1541,12.215,9.611,2.2357,3.2137,1.167,0.7366,0.2444,0.1859,0,0.3683
f5aa04edf7b12f94,offpeak_15,4,Occasional,1.3318,1.219,0.7961,0.4419,1.5723,0.2282,-0.038,0.3289,-0.0627,0,-0.019
f5ac88f046b85efd,free_trip,1,Dormant,0.572,11.0886,8.8544,1.9577,1.3208,1.6365,0.553,0.7169,0.3666,0,0.2765
f5b44c109c751761,pct_10,5,Champions,42.5032,23.2775,10.4653,11.0007,36.1574,8.4793,3.6228,3.4885,1.3679,0,1.8114
f5b511b8e20793b7,pct_10,0,Champions,35.4441,48.7889,33.9716,14.4165,31.0955,12.5457,0.8017,7.7461,3.998,0,0.4008
f5b7ece2077516a1,spend_10,3,Loyal,2.9319,2.2296,1.2968,0.8782,2.4562,0.5726,0.1093,0.0,0.4633,0,0.0546
f5b9c6dc330e3346,free_trip,3,Occasional,0.7697,14.7094,11.8631,2.6236,2.1822,1.1619,0.4453,0.551,0.1656,0,0.2227
f5bdac566b6e30d4,free_trip,0,Dormant,0.6012,11.217,8.9276,1.979,1.8358,1.6543,0.6208,0.697,0.3365,0,0.3104
f5bfaae733808935,free_trip,1,Dormant,0.5702,11.0476,8.8156,1.9493,1.3853,1.6295,0.5654,0.7049,0.3592,0,0.2827
f5e13ac002c1bc34,spend_10,2,Champions,1.7281,1.8559,1.1359,0.5948,2.7933,0.344,0.2504,0.0,0.0935,0,0.1252
f5fb9f869568df77,free_trip,4,Dormant,0.521,10.3578,8.2796,1.8277,1.071,1.5279,0.5009,0.6695,0.3576,0,0.2504
f608fddd18b3253f,spend_10,2,Loyal,2.9348,1.9036,1.0561,0.8288,1.784,0.7868,0.0372,0.0,0.7496,0,0.0186
f60b2746dc7de5d9,spend_10,0,Champions,2.1832,6.4194,4.9012,1.4713,4.5998,0.543,0.0936,0.0,0.4494,0,0.0468
f60cb031af14c2b6,free_trip,3,Dormant,0.664,10.4076,8.3072,1.8632,1.3416,1.5575,0.4745,0.7339,0.349,0,0.2373
f60faca83a3061ed,spend_10,3,Loyal,2.2951,1.465,0.7789,0.6384,2.2278,0.534,0.0953,0.0,0.4387,0,0.0477
f62adfec0f938e3c,spend_10,5,Champions,1.3569,0.8127,0.3892,0.3627,1.8407,0.3434,0.1216,0.0,0.2218,0,0.0608
f635f36230247717,free_trip,5,Dormant,0.5755,10.8547,8.6591,1.9179,2.6107,1.6032,0.5556,0.6813,0.3664,0,0.2778
f6392ae9c93fdf73,spend_10,4,Champions,1.9212,1.81,1.086,0.6245,1.163,0.7851,0.1989,0.0,0.5862,0,0.0994
f63d31833f8df6e6,free_trip,3,Dormant,0.5232,10.356,8.2275,1.8174,1.3631,1.5192,0.6222,0.5029,0.3941,0,0.3111
f645d4e79db61bb4,free_trip,0,Dormant,0.5477,10.4462,8.3429,1.8464,1.7559,1.5435,0.5137,0.6689,0.3608,0,0.2569
f64bea261070708f,free_trip,2,Dormant,0.6837,12.387,9.8763,2.1931,1.9926,1.8333,0.6351,0.8263,0.3718,0,0.3176
f64ed8a487d600a1,free_trip,3,Occasional,0.7023,11.7452,9.3889,2.0958,1.5479,1.5453,0.5211,0.7319,0.2924,0,0.2605
f652dbbdd71ec370,free_trip,3,Dormant,0.629,11.629,9.3261,2.0675,1.8873,1.7283,0.4708,0.8566,0.4009,0,0.2354
f65f70fdc1dd8ac3,free_trip,3,Dormant,0.5068,10.1005,8.0587,1.7789,1.0225,1.4871,0.5257,0.6013,0.3601,0,0.2628
f66d59c31834a9b7,free_trip,2,Dormant,0.5117,10.2165,8.1742,1.8039,1.0716,1.508,0.4767,0.6989,0.3324,0,0.2383
f671d065a418d10f,free_trip,1,Dormant,0.5059,10.137,8.1153,1.7905,1.2301,1.4967,0.4624,0.5889,0.4454,0,0.2312
f6739cc5a3ca618c,offpeak_15,5,Loyal,7.6891,3.8835,1.9081,1.9932,4.2331,0.9718,-0.0354,1.0714,-0.0641,0,-0.0177
f679edd80ae87577,spend_10,5,Champions,1.4743,8.2,6.4775,1.6515,3.8095,1.0805,0.1421,0.0,0.9384,0,0.071
f67e0eb50334365d,rush_hour_25,3,Occasional,3.4134,1.5576,0.521,0.8171,1.8275,0.385,0.4391,-0.0193,-0.0348,0,0.2196
f6849fe7ff1715e8,free_trip,5,At risk,0.5887,14.3454,11.5596,2.523,3.4128,1.432,0.5256,0.6175,0.2889,0,0.2628
f685e8e5c0bcff8d,free_trip,2,Dormant,0.4937,9.9208,7.9168,1.7467,1.2678,1.4602,0.5144,0.6186,0.3272,0,0.2572
f699121f205c370f,free_trip,5,Dormant,0.5365,10.4126,8.3276,1.8409,1.7014,1.5389,0.4882,0.6946,0.3561,0,0.2441
f6a0850e55aa1ac9,free_trip,0,Dormant,0.6246,11.6627,9.3231,2.066,2.2569,1.727,0.5472,0.8109,0.3689,0,0.2736
f6a55d8cfd94fd67,spend_10,3,Champions,0.9373,12.5342,10.0575,2.2834,5.325,2.3309,0.3865,0.0,1.9444,0,0.1932
f6b40448a352adcd,offpeak_15,5,Champions,14.9669,6.003,2.551,3.6382,6.9936,3.0125,-0.3724,3.4837,-0.0988,0,-0.1862
f6c52beb81fa17a7,weekend_20,1,Dormant,0.7169,0.6713,0.4362,0.2395,0.4378,0.2002,-0.0087,-0.0089,0.2178,0,-0.0043
f6d168eea2690743,free_trip,2,Dormant,0.5198,10.2906,8.226,1.8164,1.7013,1.5184,0.4965,0.6781,0.3438,0,0.2482
f6dbb1fd4f5488ec,free_trip,3,Dormant,0.5532,10.736,8.5663,1.894,0.8815,1.5832,0.5515,0.6585,0.3732,0,0.2757
f6ea99d7b843b4b7,spend_10,1,Champions,2.4132,1.9153,1.1305,0.736,2.5386,0.7262,0.0977,0.0,0.6285,0,0.0489
f6ef40d495f5ce67,spend_10,3,Loyal,3.9131,1.882,0.8408,0.9873,2.402,0.5303,0.1078,0.0,0.4225,0,0.0539
f70590cbd873f66f,free_trip,4,Dormant,0.5606,10.8029,8.6185,1.9064,1.9967,1.5936,0.556,0.6844,0.3531,0,0.278
f706c15dfa3dd9e0,free_trip,5,Dormant,0.4988,9.9863,7.9695,1.7587,1.1474,1.4702,0.516,0.6219,0.3323,0,0.258
f723973630c255df,free_trip,0,Dormant,0.5522,10.6259,8.4712,1.874,0.7919,1.5666,0.5614,0.6337,0.3715,0,0.2807
f7288b3e68eae4c2,free_trip,2,Dormant,0.5643,10.8977,8.691,1.9222,1.7191,1.6068,0.5691,0.6846,0.3531,0,0.2845
f73cf5a9b1b87e51,spend_10,3,Loyal,2.4568,1.6022,0.8583,0.6885,1.7953,0.5257,0.1108,0.0,0.4149,0,0.0554
f73de359e2071c85,free_trip,5,Dormant,0.5255,10.298,8.2086,1.8139,1.0912,1.5163,0.551,0.6149,0.3504,0,0.2755
f759514d300738a5,free_trip,3,Dormant,0.6207,11.7617,9.3874,2.0785,1.5488,1.7375,0.5916,0.7549,0.391,0,0.2958
f7646be2a0344bec,free_trip,0,Dormant,0.5535,10.6008,8.4711,1.8743,1.5287,1.5668,0.5108,0.6967,0.3592,0,0.2554
f77e2906ef2c2b8a,free_trip,5,Dormant,0.5558,10.9395,8.7589,1.9345,0.8569,1.6171,0.4923,0.722,0.4029,0,0.2461
f798781376350746,free_trip,0,At risk,2.3888,10.8012,8.3648,2.2334,2.9947,0.9174,0.4061,0.3111,0.2002,0,0.203
f7b5f5e4406a7061,free_trip,4,Dormant,0.4903,9.8929,7.9184,1.7463,2.0254,1.4598,0.4564,0.6724,0.331,0,0.2282
f7e91182cdbbeea4,spend_10,5,Champions,0.7415,11.5148,9.2808,2.0815,5.3328,1.4339,0.305,0.0,1.1288,0,0.1525
f7ecc94ecb85ae7b,spend_10,0,Champions,1.3304,1.4658,0.9279,0.469,2.7277,0.366,0.1377,0.0,0.2283,0,0.0689
f7fe342665563a34,spend_10,5,Champions,2.1174,1.1422,0.5308,0.55,1.9358,0.3572,0.1228,0.0,0.2344,0,0.0614
f817a94aa1149460,spend_10,2,Champions,2.5765,2.3774,1.4963,0.8459,2.7263,0.6924,0.0705,0.0,0.6219,0,0.0353
f819025cac02544c,spend_10,2,Champions,1.5921,3.1848,2.3133,0.8111,3.2951,0.8458,0.1207,0.0,0.7251,0,0.0604
f824870e85c8e0a5,spend_10,1,Champions,2.1021,5.9242,4.4807,1.3672,2.6343,1.0433,0.1527,0.0,0.8907,0,0.0763
f837e43f728b91c1,free_trip,0,Dormant,0.5452,10.5253,8.4045,1.8587,1.223,1.5538,0.5241,0.6765,0.3531,0,0.262
f84499d8fb08fa23,spend_10,2,Champions,2.2822,1.8383,1.0727,0.6968,2.1005,0.6694,0.1376,0.0,0.5318,0,0.0688
f8486673cbe05721,free_trip,0,Dormant,0.8132,13.3164,10.6363,2.3779,1.9781,1.9878,0.6043,0.9868,0.3967,0,0.3021
f8503301efb51557,free_trip,0,Dormant,0.5143,10.2863,8.1962,1.809,0.952,1.5122,0.562,0.6036,0.3466,0,0.281
f862cbed7fc27258,free_trip,0,Dormant,0.6057,11.5054,9.2117,2.0389,1.5887,1.7044,0.5096,0.7989,0.3959,0,0.2548
f870ba77fbb1b56d,free_trip,0,Dormant,0.6254,10.7586,8.5837,1.9126,1.8506,1.5988,0.5248,0.7233,0.3507,0,0.2624
f871990e6a65e027,free_trip,3,At risk,0.4592,12.8528,10.356,2.2461,3.1298,1.2031,0.5015,0.3864,0.3152,0,0.2507
f88ad61702515ae9,spend_10,3,Champions,2.3124,2.7261,1.8177,0.8578,3.0475,0.6857,0.1013,0.0,0.5844,0,0.0506
f88fc915dc325792,free_trip,1,Dormant,0.5415,10.6503,8.4911,1.8759,0.8214,1.5682,0.5665,0.6136,0.3881,0,0.2832
f8acd575b2372036,free_trip,4,Dormant,0.5781,11.1197,8.8833,1.965,1.9016,1.6426,0.5428,0.763,0.3368,0,0.2714
f8b759fa2d235ef0,free_trip,1,Occasional,0.7132,10.6768,8.5069,1.9149,1.7674,1.0517,0.5099,0.3208,0.221,0,0.255
f8bf10fa2a4f0709,weekend_20,4,Loyal,2.48,1.2333,0.5932,0.6383,1.5167,0.3196,0.0036,-0.1611,0.4771,0,0.0018
f8d66e530ce7419b,weekend_20,2,Occasional,1.4263,0.9469,0.549,0.4102,1.1464,0.2227,-0.0246,-0.103,0.3502,0,-0.0123
f8eaffbc7d29b1eb,rush_hour_25,3,Loyal,10.7603,5.4361,1.9844,2.6469,3.728,1.5006,1.6095,-0.0731,-0.0358,0,0.8047
f8f9e0c47bb13068,spend_10,4,Loyal,2.5549,1.481,0.6995,0.6759,2.6244,0.3363,0.2112,0.0,0.1251,0,0.1056
f8fd1d36f6eafa64,free_trip,3,Dormant,0.5668,11.0215,8.8125,1.9479,1.7492,1.6283,0.5222,0.7484,0.3577,0,0.2611
f8fd79abecf23581,free_trip,2,Dormant,0.5591,10.9824,8.7959,1.9429,1.4764,1.6241,0.4872,0.7312,0.4058,0,0.2436
f9095519369bc4af,free_trip,1,Dormant,0.5216,10.2327,8.1607,1.8032,1.4857,1.5073,0.5376,0.5965,0.3732,0,0.2688
f911cec981fd268b,weekend_20,0,Occasional,1.8095,1.5085,0.9604,0.5753,0.9712,0.3872,-0.0544,0.0022,0.4393,0,-0.0272
f9257ff0a57f8df7,free_trip,0,Dormant,0.5487,10.5945,8.4486,1.8686,1.5509,1.562,0.5546,0.6342,0.3732,0,0.2773
f92cc8e884656ff5,spend_10,3,Champions,2.2104,1.9447,1.2055,0.7094,1.979,0.669,0.0595,0.0,0.6095,0,0.0298
f939146c91881781,weekend_20,5,Occasional,2.0787,1.8309,1.222,0.6855,1.3567,0.478,-0.1532,-0.0018,0.633,0,-0.0766
f93c764a12653bbb,spend_10,2,Loyal,3.3171,1.8805,0.9206,0.8801,2.0433,0.5478,0.1595,0.0,0.3883,0,0.0798
f94f2bd1b1c69cf0,free_trip,5,Dormant,0.522,10.3612,8.2669,1.8253,1.9534,1.5259,0.538,0.6346,0.3533,0,0.269
f955d723c6968b98,free_trip,2,Dormant,0.5482,10.6165,8.4903,1.8772,2.3886,1.5692,0.498,0.6996,0.3716,0,0.249
f95aba416f689623,weekend_20,1,Champions,5.9978,3.1544,1.5163,1.5606,5.7406,1.3779,0.155,0.0197,1.2032,0,0.0775
f9679feaeae7edba,spend_10,2,Champions,0.6664,2.7685,2.0815,0.5707,5.4238,0.4109,0.2325,0.0,0.1784,0,0.1162
f982002cbdd4573d,free_trip,2,Dormant,0.5009,9.9168,7.9244,1.7498,1.9193,1.4627,0.4853,0.6502,0.3272,0,0.2427
f98dc542724bb291,offpeak_15,4,Champions,7.8439,5.1315,2.9645,2.2447,5.7504,2.4736,-0.1554,2.7726,-0.1437,0,-0.0777
f98fa596e278cfc0,free_trip,3,Dormant,0.7345,11.3522,9.0487,2.0318,1.2937,1.6985,0.5434,0.7595,0.3955,0,0.2717
f9a16fad2d79e7e1,free_trip,1,Dormant,0.5167,10.2016,8.1468,1.7993,2.9334,1.5041,0.5111,0.6502,0.3427,0,0.2556
f9b7ffeb2e05d192,free_trip,0,Occasional,0.7889,13.5746,10.9522,2.4384,4.3664,0.8957,0.3678,0.3939,0.134,0,0.1839
f9d9478ddc425cd9,free_trip,1,Dormant,0.5065,10.0866,8.054,1.7779,1.2802,1.4862,0.5095,0.6495,0.3272,0,0.2547
f9ec8d0c9458d3ba,free_trip,0,Dormant,0.658,12.1003,9.6699,2.1449,1.814,1.793,0.5709,0.7981,0.424,0,0.2855
f9fc651e70693616,offpeak_15,0,Loyal,5.5594,2.4624,1.1065,1.3844,2.9053,0.9833,-0.057,1.0873,-0.047,0,-0.0285
fa019791a4200d81,spend_10,2,Champions,3.1359,3.3834,2.2259,1.1136,2.0848,0.6777,0.0879,0.0,0.5898,0,0.0439
fa0576ec3c844e9a,spend_10,5,Loyal,3.2494,3.1846,2.0406,1.0986,3.4208,0.8313,0.0909,0.0,0.7404,0,0.0455
fa0ed091e5ee3dc6,free_trip,5,Dormant,0.5343,10.4134,8.3456,1.8442,2.3798,1.5416,0.4473,0.7126,0.3818,0,0.2237
fa22563fd16a900e,free_trip,2,Dormant,0.6517,11.9837,9.5491,2.1186,1.8006,1.771,0.6321,0.6807,0.4582,0,0.316
fa2a54cb869bc94a,spend_10,1,Champions,2.2188,2.6338,1.7605,0.8264,2.3447,0.7151,0.0937,0.0,0.6213,0,0.0469
fa2f71a2a5aefb91,free_trip,2,Dormant,0.7615,11.6866,9.3363,2.0971,1.6921,1.7531,0.5064,0.8584,0.3883,0,0.2532
fa38b306f4ed2c28,free_trip,4,At risk,1.4091,11.2348,8.846,2.1298,3.2244,0.9882,0.5181,0.2868,0.1833,0,0.2591
fa3dc878d3482ffa,free_trip,3,Dormant,0.626,11.7492,9.4016,2.0826,2.0776,1.7409,0.5298,0.7864,0.4247,0,0.2649
fa40cc2a97621caa,free_trip,2,Dormant,0.5612,10.8243,8.6359,1.9101,1.5076,1.5967,0.5565,0.6815,0.3588,0,0.2782
fa42bc2976025905,weekend_20,4,Dormant,0.6673,0.5054,0.3072,0.2024,0.3943,0.1692,-0.0084,-0.008,0.1856,0,-0.0042
fa44ed1c740de6fd,weekend_20,2,Occasional,1.7428,1.559,1.0094,0.5716,1.0433,0.3994,-0.0439,-0.0853,0.5286,0,-0.022
fa634fce86f32442,free_trip,4,Dormant,0.5129,10.1955,8.1569,1.8006,1.4496,1.5052,0.476,0.7136,0.3156,0,0.238
fa6c415b2bb7f4c7,spend_10,5,Champions,1.6153,1.0028,0.4905,0.4373,5.546,0.2548,0.1499,0.0,0.1049,0,0.075
fa721e5fdfa98490,free_trip,0,Dormant,0.708,11.372,9.0293,2.0223,1.5755,1.6905,0.6407,0.7272,0.3226,0,0.3204
fa830a7dd5dbe0f5,free_trip,4,At risk,1.2671,19.0968,15.3961,3.4607,3.4481,1.4872,0.48,0.6656,0.3416,0,0.24
fa853bf5e08e85aa,spend_10,2,Champions,1.7424,5.8303,4.4666,1.2895,3.1904,1.062,0.1482,0.0,0.9138,0,0.0741
fa86582ba34e6f3c,free_trip,2,Dormant,1.1314,11.8805,9.4012,2.1875,1.7459,1.8286,0.5837,0.7982,0.4466,0,0.2919
faafb180ab0e93b6,free_trip,1,Dormant,0.653,11.9743,9.5543,2.1199,1.3041,1.7721,0.6002,0.8091,0.3627,0,0.3001
fac8ffb51316adda,weekend_20,1,Dormant,0.6418,0.5135,0.3171,0.1991,0.3071,0.1665,-0.0054,-0.002,0.1739,0,-0.0027
fad144798769f391,free_trip,2,Dormant,0.5284,10.3906,8.3067,1.8349,1.8209,1.5339,0.498,0.6788,0.357,0,0.249
fae15dd8d02d425f,free_trip,4,Dormant,1.2252,11.6239,9.1922,2.1635,1.693,1.8086,0.5364,0.8659,0.4063,0,0.2682
fae4778c304f6b93,free_trip,2,Dormant,0.5696,10.8784,8.6744,1.9198,1.133,1.6049,0.5683,0.6688,0.3677,0,0.2841
fae5eb6eeea1ca65,spend_10,0,Loyal,2.758,1.2979,0.5726,0.6917,1.504,0.6707,0.0672,0.0,0.6036,0,0.0336
fb0ba05cb6ea3208,free_trip,3,Dormant,0.5467,10.6049,8.4618,1.8709,1.7497,1.564,0.5442,0.6666,0.3531,0,0.2721
fb0d875d54bfc440,free_trip,3,Dormant,0.6776,12.3187,9.8272,2.1817,1.4723,1.8237,0.6197,0.8189,0.3852,0,0.3099
fb1e2bdc782cdbed,free_trip,3,Dormant,0.5181,10.3436,8.2515,1.8213,1.6824,1.5225,0.5416,0.6381,0.3428,0,0.2708
fb26508cc2bc2ca7,free_trip,4,Occasional,0.8279,13.5109,10.8668,2.4288,3.3524,1.0304,0.4305,0.408,0.1918,0,0.2153
fb32b8bf8514e0f5,free_trip,2,Dormant,0.5091,10.1588,8.0505,1.7777,2.4107,1.486,0.6612,0.4788,0.346,0,0.3306
fb38161b26a9d12d,spend_10,2,Champions,2.099,2.939,2.0177,0.855,1.9819,0.6828,0.1326,0.0,0.5502,0,0.0663
fb40a2944f1759c6,free_trip,2,At risk,1.1616,15.3035,12.2252,2.7802,2.1429,1.9633,0.5962,0.9399,0.4271,0,0.2981
fb40b3e3aba168dc,free_trip,5,Dormant,0.5195,10.2655,8.1892,1.8087,1.4599,1.5119,0.5352,0.5921,0.3846,0,0.2676
fb5da77fda250f4d,free_trip,1,Dormant,0.5398,10.5012,8.3909,1.8548,1.5206,1.5505,0.5112,0.6717,0.3676,0,0.2556
fb61be266cbfd467,spend_10,2,Champions,2.6559,2.5948,1.6571,0.8957,2.3348,0.88,0.0839,0.0,0.7961,0,0.0419
fb80226db38c3a3a,free_trip,0,Dormant,0.5206,10.2957,8.2238,1.8161,1.5432,1.5181,0.5115,0.6639,0.3427,0,0.2557
fb92e5927780ad2a,spend_10,0,Loyal,2.593,1.2394,0.5571,0.6542,1.7517,0.7142,0.056,0.0,0.6582,0,0.028
fba80eaca8b2263d,spend_10,0,Champions,2.3829,2.916,1.9861,0.9074,2.2899,0.731,0.0452,0.0,0.6858,0,0.0226
fbb113cdd342e639,spend_10,4,Champions,2.3794,4.8384,3.5565,1.2328,3.0991,0.8213,0.0983,0.0,0.723,0,0.0491
fbb99f49f37ba8ef,free_trip,4,Dormant,0.502,9.9274,7.9445,1.7542,1.7589,1.4664,0.4573,0.6935,0.3156,0,0.2287
fbcdeaf1bfab01de,free_trip,5,Dormant,0.635,11.8251,9.4229,2.0889,1.593,1.7462,0.6267,0.7278,0.3917,0,0.3133
fbd55ca471ddd725,spend_10,2,Loyal,2.2567,2.1175,1.3347,0.7459,1.9036,0.5751,0.0738,0.0,0.5012,0,0.0369
fbdf2f51e2489f6c,free_trip,0,Dormant,0.5578,10.7479,8.5717,1.8961,1.4843,1.585,0.5602,0.6587,0.366,0,0.2801
fbe622c0460ac0a7,free_trip,3,Dormant,0.5171,10.3317,8.2667,1.8243,1.4709,1.525,0.4814,0.677,0.3666,0,0.2407
fbfae1b119cb238b,free_trip,0,Dormant,0.5636,10.9219,8.7084,1.9257,1.5366,1.6097,0.5756,0.6498,0.3843,0,0.2878
fbfd7fd899483ca4,free_trip,4,Dormant,0.5688,10.6185,8.478,1.8789,1.3017,1.5706,0.5232,0.6928,0.3547,0,0.2616
fbfff4b51ab12bd1,free_trip,0,Dormant,0.4999,9.8968,7.9077,1.7461,3.0178,1.4597,0.4859,0.631,0.3427,0,0.243
fc09946148565e68,free_trip,2,Dormant,0.6411,12.0335,9.583,2.1234,1.3861,1.775,0.6543,0.7094,0.4114,0,0.3271
fc183a58722800f9,offpeak_15,5,At risk,1.5863,1.1788,0.7276,0.4806,0.8753,0.1609,-0.0587,0.2253,-0.0057,0,-0.0293
fc4e217bd435b583,spend_10,3,Loyal,2.2135,1.817,1.0726,0.6825,1.3799,0.6033,0.1238,0.0,0.4794,0,0.0619
fc639ef307fcb42e,free_trip,4,Dormant,0.5334,10.4629,8.3471,1.8443,1.8476,1.5418,0.543,0.6309,0.3679,0,0.2715
fc7157b0e3cdd072,spend_10,3,Champions,1.0272,11.3489,9.1297,2.1094,5.8064,1.8864,0.2196,0.0,1.6668,0,0.1098
fc71a679288a9603,spend_10,2,Champions,2.6908,1.5258,0.7539,0.7154,3.662,0.5401,0.1128,0.0,0.4273,0,0.0564
fc79f05897c03a9a,free_trip,1,Dormant,0.553,10.7838,8.606,1.9022,1.6366,1.5901,0.5512,0.6008,0.4381,0,0.2756
fc7f5ad50549eeb6,free_trip,0,Dormant,0.5472,10.5317,8.4108,1.8604,1.6444,1.5552,0.5209,0.6862,0.3481,0,0.2605
fc8c9ba5c11bbf77,spend_10,3,Champions,2.0094,2.5421,1.7426,0.7792,2.3923,0.6998,0.0406,0.0,0.6593,0,0.0203
fc8f9a451fe43047,free_trip,3,Dormant,0.4977,9.9917,7.9775,1.7602,1.1367,1.4714,0.5081,0.6041,0.3592,0,0.254
fc9bd3d930df671b,spend_10,0,Champions,1.8859,1.8277,1.1121,0.6226,2.8149,0.3838,0.1859,0.0,0.1979,0,0.093
fcb63d24a32493fe,spend_10,0,Loyal,2.1772,1.3031,0.6657,0.5904,2.9715,0.283,0.0939,0.0,0.1891,0,0.0469
fcbf393f1e78f354,spend_10,4,Champions,0.9138,11.7905,9.4547,2.1534,3.9106,1.645,0.3649,0.0,1.2801,0,0.1824
fcc43ac944663d0d,spend_10,0,Champions,1.6459,5.5861,4.2129,1.2168,3.9296,0.6875,0.3128,0.0,0.3748,0,0.1564
fcc87dde70197113,free_trip,4,Dormant,0.5261,10.3785,8.2759,1.828,1.1981,1.5281,0.5491,0.5861,0.393,0,0.2745
fcc94dfb62614d77,free_trip,5,Dormant,0.5614,10.6753,8.5307,1.8883,1.9429,1.5785,0.5127,0.7076,0.3582,0,0.2563
fcce87f1cb406f9e,weekend_20,1,Dormant,0.6611,0.6046,0.3871,0.2177,0.4756,0.182,-0.0004,0.0013,0.1811,0,-0.0002
fccf183c00b2ff37,free_trip,3,Dormant,0.5626,10.7924,8.5977,1.9025,1.8638,1.5903,0.5844,0.5928,0.4132,0,0.2922
fcd8cb39e6c65a0e,free_trip,2,Dormant,0.5457,10.646,8.4942,1.8774,1.9681,1.5694,0.5488,0.6675,0.3531,0,0.2744
fd00a4f6b8f728d7,free_trip,3,At risk,0.7912,10.2829,8.1523,1.8574,2.8789,1.1166,0.5463,0.3086,0.2617,0,0.2732
fd111497091a8d5c,free_trip,1,Dormant,0.5524,10.6085,8.4674,1.8733,2.2634,1.5659,0.5357,0.6714,0.3589,0,0.2678
fd150dfa724af487,weekend_20,5,At risk,1.1098,0.7118,0.4004,0.3136,1.2658,0.1176,-0.0044,-0.0039,0.1259,0,-0.0022
fd252b35726ac410,free_trip,5,Dormant,0.5211,10.3594,8.2753,1.8269,1.2209,1.5272,0.5144,0.6521,0.3606,0,0.2572
fd3b9f5fca581fe4,free_trip,4,Dormant,1.0215,11.8128,9.3771,2.1596,1.5805,1.8053,0.5523,0.8849,0.3682,0,0.2761
fd4184e9834669ff,free_trip,5,Occasional,0.9917,12.9965,10.3724,2.3601,3.0421,1.0205,0.5279,0.3265,0.1661,0,0.264
fd43ef3f41a1b41e,free_trip,3,Dormant,0.4959,9.9717,7.9503,1.7541,1.3299,1.4664,0.5344,0.6164,0.3156,0,0.2672
fd5df432d7b3ac74,free_trip,3,Dormant,0.5183,10.1176,8.0902,1.7878,2.0684,1.4945,0.4792,0.6902,0.3251,0,0.2396
fd68cc0c03c298c5,free_trip,4,Dormant,0.6399,11.0515,8.8094,1.9625,1.5113,1.6405,0.5593,0.7028,0.3785,0,0.2796
fd6dd08830b1bb03,free_trip,2,Dormant,0.5437,10.5438,8.417,1.861,0.9976,1.5557,0.5318,0.6516,0.3723,0,0.2659
fd7817eb14d86eba,spend_10,0,Champions,1.6992,1.9415,1.274,0.6175,4.718,0.4518,0.1,0.0,0.3518,0,0.05
fd83cecb2df6bb93,free_trip,5,Dormant,0.5027,10.0172,8.0061,1.7671,1.5282,1.4772,0.488,0.6017,0.3875,0,0.244
fd9c28e58ef9132b,free_trip,5,Dormant,0.5684,10.8845,8.6808,1.9209,2.4518,1.6058,0.5656,0.6814,0.3587,0,0.2828
fda036b617d92588,free_trip,1,Dormant,0.5261,10.3673,8.2666,1.8261,1.5542,1.5265,0.5493,0.6299,0.3473,0,0.2746
fda2c1878e9efba0,free_trip,5,Dormant,0.5435,10.7631,8.5861,1.8961,1.0151,1.585,0.5618,0.6666,0.3567,0,0.2809
fda9593c9021eef0,free_trip,5,At risk,1.2663,18.7636,15.1156,3.4022,2.0157,1.405,0.4915,0.6113,0.3022,0,0.2458
fdb79d5325d1a924,spend_10,3,Champions,1.8299,3.8326,2.8151,0.9647,3.1009,0.7167,0.1056,0.0,0.6111,0,0.0528
fdc672781b7c2ca2,free_trip,0,Dormant,0.5832,11.1358,8.8807,1.9655,1.1147,1.643,0.5791,0.704,0.36,0,0.2896
fdc9f6ea5c63886e,free_trip,3,At risk,0.4808,14.9249,12.0623,2.605,3.7447,1.1977,0.5153,0.3524,0.33,0,0.2576
fde70cedbd672314,free_trip,2,At risk,0.788,12.2018,9.717,2.1817,1.9832,1.3286,0.6062,0.4705,0.2519,0,0.3031
fde71c4b3055b1a7,free_trip,3,At risk,0.6271,16.3157,13.1856,2.8687,3.7871,1.4747,0.5227,0.6327,0.3192,0,0.2614
fdebd0bd0e03e58a,free_trip,3,Dormant,0.5217,10.331,8.2292,1.8174,0.7794,1.5193,0.5688,0.5912,0.3592,0,0.2844
fdee57a23930972c,free_trip,4,At risk,0.836,19.0715,15.4452,3.3813,4.0013,1.3535,0.4901,0.5784,0.285,0,0.245
fdf64fd72199c1b9,free_trip,5,Dormant,0.4946,9.8685,7.8887,1.7411,1.667,1.4554,0.4775,0.6534,0.3246,0,0.2387
fdff374e68c64eba,spend_10,3,Champions,2.2145,2.0142,1.2262,0.7146,4.4934,0.6015,0.1469,0.0,0.4546,0,0.0734
fe022bd4f1cbb7db,free_trip,0,Dormant,0.5333,10.4605,8.3722,1.8495,1.634,1.5461,0.4776,0.7092,0.3592,0,0.2388
fe03af49c02fe56c,free_trip,4,Dormant,0.4988,9.9674,7.9621,1.7572,1.7858,1.4689,0.4964,0.6186,0.3539,0,0.2482
fe1ca6824ff6e493,free_trip,5,Dormant,0.6094,11.4903,9.1298,2.0227,1.3628,1.6908,0.6757,0.6125,0.4026,0,0.3379
fe396f7e0cdb37dd,free_trip,1,Dormant,0.5053,9.9456,7.949,1.7558,1.7238,1.4678,0.4814,0.6592,0.3272,0,0.2407
fe457512e3c59736,free_trip,0,Dormant,0.5396,10.539,8.4017,1.857,0.6996,1.5523,0.5607,0.6277,0.3639,0,0.2804
fe4a9d4c982c5042,free_trip,4,Dormant,0.5304,10.2902,8.2133,1.8159,1.2103,1.518,0.5219,0.5985,0.3976,0,0.261
fe52e5e6116a8e2b,spend_10,5,Champions,1.0325,1.0189,0.608,0.3407,4.1007,0.2356,0.1404,0.0,0.0951,0,0.0702
fe6dce8601ec61e1,free_trip,4,Occasional,0.982,11.4176,9.1484,2.1039,2.7429,0.989,0.3306,0.5,0.1584,0,0.1653
fe780ec006cbe31d,free_trip,5,Dormant,0.5631,10.9349,8.7212,1.9282,1.6201,1.6119,0.5712,0.6846,0.3561,0,0.2856
fe8bc6d193b36152,free_trip,2,Dormant,0.5459,10.5143,8.3861,1.855,2.0849,1.5507,0.5465,0.6399,0.3644,0,0.2732
fea39d0871c3d8c5,spend_10,4,Champions,2.4299,3.8776,2.7735,1.0807,2.3553,0.7565,0.0469,0.0,0.7096,0,0.0234
fea72a0d5a663c75,free_trip,4,At risk,0.4647,10.1342,8.0468,1.7677,2.0661,1.309,0.6396,0.4625,0.2069,0,0.3198
feaf8bb05c8f11e3,spend_10,0,Champions,2.192,2.2528,1.4396,0.7542,2.6783,0.6499,0.1178,0.0,0.5321,0,0.0589
feb3bdf6fcb6b606,free_trip,5,Dormant,0.5589,10.7467,8.587,1.8994,2.1175,1.5878,0.5206,0.7092,0.358,0,0.2603
feb81cfd49b09dd4,free_trip,0,At risk,0.7058,12.015,9.62,2.1445,1.5048,1.4417,0.5011,0.6377,0.3029,0,0.2505
feb9e2c8d6bf80d5,pct_10,3,Champions,54.2709,32.2186,15.4097,14.4715,52.3719,8.9078,4.6747,3.6793,0.5537,0,2.3374
febfff0c08506a80,spend_10,2,Champions,0.6064,0.7921,0.4764,0.2249,6.2852,0.1116,0.1816,0.0,-0.0701,0,0.0908
feca33e76912c2ab,free_trip,2,Dormant,0.5141,10.0658,8.048,1.7782,1.5887,1.4865,0.4792,0.6736,0.3337,0,0.2396
fecd0fa1e7e6322f,spend_10,1,Occasional,0.5687,0.9568,0.6523,0.2536,0.796,0.2,0.1018,0.0,0.0982,0,0.0509
fed9de7dc35a0344,spend_10,5,Loyal,3.2711,3.0148,1.894,1.0727,5.6634,0.2742,0.0962,0.0,0.178,0,0.0481
fedcf4eda7b2a68d,spend_10,4,Champions,1.4613,1.3477,0.7716,0.4637,4.0792,0.2425,0.2246,0.0,0.0178,0,0.1123
fedd05b997821d83,spend_10,2,Champions,0.8702,1.9421,1.3581,0.4628,3.5273,0.2492,0.2424,0.0,0.0068,0,0.1212
fef45960770f9a9e,free_trip,0,Dormant,0.5402,10.6887,8.5539,1.8887,1.742,1.5788,0.4922,0.7305,0.3561,0,0.2461
fef754836cdda01b,free_trip,1,Dormant,0.5618,10.9526,8.7418,1.9322,1.3063,1.6152,0.5572,0.6988,0.3592,0,0.2786
fefba9a07548401d,free_trip,1,Dormant,0.4947,9.9176,7.9256,1.7488,1.1723,1.4619,0.4865,0.6415,0.3339,0,0.2432
ff0b280a9bc5c18b,spend_10,4,Champions,2.3279,4.2654,3.0834,1.1238,2.4755,0.8569,0.1164,0.0,0.7405,0,0.0582
ff101d3f53fe6faa,free_trip,4,Dormant,0.5385,10.571,8.4444,1.8656,1.6205,1.5595,0.5219,0.6844,0.3531,0,0.261
ff1e5f9d288b8336,free_trip,4,At risk,1.0935,23.1048,18.7575,4.1227,5.4022,1.4593,0.449,0.7052,0.3052,0,0.2245
ff4397b1e2b7759e,free_trip,4,Dormant,0.597,11.3323,9.0473,2.003,1.9362,1.6743,0.5642,0.7389,0.3712,0,0.2821
ff4df407762d711c,free_trip,3,Dormant,0.5562,10.7278,8.5454,1.8903,1.7393,1.5801,0.5844,0.6392,0.3566,0,0.2922
ff4ef6e91f785bd1,spend_10,5,Loyal,3.2164,4.2438,2.907,1.2717,2.7015,0.5896,0.1301,0.0,0.4594,0,0.0651
ff53408845a7f156,spend_10,2,Champions,1.2758,4.0425,2.9802,0.8839,5.2625,0.4616,0.3568,0.0,0.1048,0,0.1784
ff66be928545cb4c,free_trip,3,Dormant,0.5,9.9658,7.9448,1.7538,2.2433,1.4661,0.5342,0.5047,0.4272,0,0.2671
ff6adc9217606fd6,free_trip,1,Dormant,0.5048,10.053,8.0312,1.7728,1.5234,1.4819,0.498,0.6502,0.3337,0,0.249
ff77787cc7356f42,free_trip,3,Dormant,0.562,10.7937,8.6089,1.9047,0.932,1.5922,0.5602,0.6587,0.3732,0,0.2801
ff9049de01a3ac26,free_trip,4,Dormant,0.6048,11.5279,9.2355,2.0437,0.9114,1.7084,0.4973,0.8142,0.3968,0,0.2487
ffa1dd1e25647cf8,free_trip,1,Dormant,0.5026,10.0518,8.0332,1.7727,1.5391,1.4819,0.4918,0.6245,0.3656,0,0.2459
ffac766aeebd8410,spend_10,4,Champions,2.4501,1.4739,0.7572,0.6661,1.8784,0.6573,0.1012,0.0,0.5561,0,0.0506
ffbf04c51a50a8e4,free_trip,3,Dormant,0.5205,10.3565,8.271,1.8259,1.3865,1.5263,0.5193,0.6716,0.3354,0,0.2596
ffcf226932bc9da2,free_trip,5,Dormant,0.5002,10.025,8.0021,1.7658,1.1757,1.4761,0.5144,0.6036,0.358,0,0.2572
ffd503d48f47b34e,free_trip,5,Dormant,0.5574,10.6656,8.5163,1.8845,2.2943,1.5753,0.5296,0.685,0.3606,0,0.2648
ffe30295092267f2,spend_10,1,Loyal,2.3622,2.3343,1.4453,0.7907,3.422,0.2957,0.1966,0.0,0.0992,0,0.0983
ffeb640238159ec4,free_trip,2,Dormant,0.5453,10.6721,8.5387,1.8866,2.0895,1.5771,0.4936,0.6842,0.3993,0,0.2468
fff24e4e863f19f5,free_trip,0,Dormant,0.5753,10.9741,8.7824,1.9435,1.954,1.6246,0.4964,0.7203,0.4079,0,0.2482
